source_term,target_term,suggested_type,reason
(點檢)記錄表,Daily checklist,strict_required,正式文件、程序或表單名稱，應完整維持指定譯名
325 linear  CNC五軸複合加工機保養辦法,325 linear CNC five-axis complex machine maintain instruction,strict_required,正式文件、程序或表單名稱，應完整維持指定譯名
325 linear  CNC五軸複合加工機操作辦法,325 linear CNC five-axis complex machine operate instructionl,strict_required,正式文件、程序或表單名稱，應完整維持指定譯名
ACME自動打磨機保養辦法,ACME automatic grinding maintain instruction,strict_required,正式文件、程序或表單名稱，應完整維持指定譯名
AG400L&AG600L線切割機保養辦法,AG400L&AG600L wire cutter machine maintain instruction,strict_required,正式文件、程序或表單名稱，應完整維持指定譯名
AV350影像儀保養記錄表,AV350 projector maintenance record form,strict_required,正式文件、程序或表單名稱，應完整維持指定譯名
A製程,A process,strict_required,專有名詞、縮寫、代碼或型號，應精確維持指定寫法
BOM,BOM,strict_required,專有名詞、縮寫、代碼或型號，應精確維持指定寫法
B製程,B process,strict_required,專有名詞、縮寫、代碼或型號，應精確維持指定寫法
CNC,CNC,strict_required,專有名詞、縮寫、代碼或型號，應精確維持指定寫法
CNC CMM 維護保養作業辦法,CNC CMM maintain instruction,strict_required,正式文件、程序或表單名稱，應完整維持指定譯名
CNC程式對照表,CNC programs list,strict_required,正式文件、程序或表單名稱，應完整維持指定譯名
CNC車床操作及保養辦法,CNC lathe operate and maintain instruction,strict_required,正式文件、程序或表單名稱，應完整維持指定譯名
Cincom 走心車床保養辦法,Cincom lathe maintain instruction,strict_required,正式文件、程序或表單名稱，應完整維持指定譯名
Co-Cr-Mo 產品燒結後品質規範,Quality requirement for Co-Cr-Mo products sintered,strict_required,正式文件、程序或表單名稱，應完整維持指定譯名
Co-Cr-Mo 鍛造件品質規範,Quality requirement for Co-Cr-Mo forging,strict_required,正式文件、程序或表單名稱，應完整維持指定譯名
DCN通知單,DCN notice form,strict_required,正式文件、程序或表單名稱，應完整維持指定譯名
ECN通知單,ECN notice form,strict_required,正式文件、程序或表單名稱，應完整維持指定譯名
ECR 申請單,ECR application form,strict_required,正式文件、程序或表單名稱，應完整維持指定譯名
EO滅菌品質協議書,EO sterilization quality agreement,strict_required,正式文件、程序或表單名稱，應完整維持指定譯名
EO與ECH殘留量評估,EO and ECH residuals evaluation,strict_required,專有名詞、縮寫、代碼或型號，應精確維持指定寫法
ERP模組說明,Description of ERP Modules,strict_required,專有名詞、縮寫、代碼或型號，應精確維持指定寫法
ERP系統軟體確效作業辦法,ERP system software validation work instruction,strict_required,正式文件、程序或表單名稱，應完整維持指定譯名
EasyFlow模組說明,EasyFlow module description,strict_required,專有名詞、縮寫、代碼或型號，應精確維持指定寫法
EasyFlow系統軟體確效作業辦法,Easyflow system software validation work instruction,strict_required,正式文件、程序或表單名稱，應完整維持指定譯名
European Database on Medical Device (EUDAMED),European Database on Medical Device (EUDAMED),strict_required,公司、主管機關、國家地區或資料庫正式名稱，應固定使用指定譯名
FA檢驗記錄表,FA inspection record form,strict_required,正式文件、程序或表單名稱，應完整維持指定譯名
GU-3250萬能外圓磨床保養辦法,GU-3250 Universal Cylindrical Grinding machine operate and maintain instruction,strict_required,正式文件、程序或表單名稱，應完整維持指定譯名
Global Unique Device Identification Database,GUDID,strict_required,公司、主管機關、國家地區或資料庫正式名稱，應固定使用指定譯名
HD-CN-4520遠紅外線收縮包裝機操作及保養辦法,HD-CN-4520 far-infrared shrink packaging machine operate and maintain instruction,strict_required,正式文件、程序或表單名稱，應完整維持指定譯名
HH-411里式硬度計操作作業辦法,HH-411 Leeb hardness operate instruction,strict_required,正式文件、程序或表單名稱，應完整維持指定譯名
HT-1000A里式硬度計操作作業辦法,HT-1000A Leeb Hardness Tester operate and maintain instruction,strict_required,正式文件、程序或表單名稱，應完整維持指定譯名
IM-X影像測量儀保養記錄表,IM-X projector maintenance record form,strict_required,正式文件、程序或表單名稱，應完整維持指定譯名
Instruction for use (IFU),Instruction for use (IFU),strict_required,專有名詞、縮寫、代碼或型號，應精確維持指定寫法
JENOPTIK C8000輪廓儀校正、清潔保養及操作作業辦法,"JENOPTIK C8000 profilometer calibrate,cleaning,maintain operate instruction",strict_required,正式文件、程序或表單名稱，應完整維持指定譯名
K型,K Type,strict_required,專有名詞、縮寫、代碼或型號，應精確維持指定寫法
LAL試劑,Limulus amebocyte lysate,strict_required,專有名詞、縮寫、代碼或型號，應精確維持指定寫法
LEADWELL T-7iM CNC車床保養辦法,LEADWELL T-7iM CNC lathe maintain instruction,strict_required,正式文件、程序或表單名稱，應完整維持指定譯名
LEADWELL T-8M CNC車床保養辦法,LEADWELL T-8M CNC lathe maintain instruction,strict_required,正式文件、程序或表單名稱，應完整維持指定譯名
LPC-4030W圓盤式泡殼包裝機操作及保養辦法,LPC-4030W tyvek sealing packaging machine operate and maintain instruction,strict_required,正式文件、程序或表單名稱，應完整維持指定譯名
LYM950清洗機操作及保養辦法,LYM950 washing machine operate and maintain instruction,strict_required,正式文件、程序或表單名稱，應完整維持指定譯名
L型全自動封口包裝機操作及保養辦法,L-block type full automatic sealing machine operate and maintain instruction,strict_required,正式文件、程序或表單名稱，應完整維持指定譯名
M/C 銑床-三軸操作及保養辦法,3 axial milling machine operate and maintain instruction,strict_required,正式文件、程序或表單名稱，應完整維持指定譯名
M/C 銑床-五軸操作及保養辦法,5-axial milling machine operate and maintain instruction,strict_required,正式文件、程序或表單名稱，應完整維持指定譯名
M140X2 RD五軸立式車銑加工機保養辦法,MI40X2 RD five-axis vertical turning and lathes machine maintain instruction,strict_required,正式文件、程序或表單名稱，應完整維持指定譯名
M200Xd1 RD銑車複合加工機操作及保養辦法,M200Xd1 RD CNC Mill-Turn Multi-Tasking Machine operate and maintain instruction,strict_required,正式文件、程序或表單名稱，應完整維持指定譯名
M641球面研磨機操作及保養辦法,M641 spherical milling machine operate and maintain instruction,strict_required,正式文件、程序或表單名稱，應完整維持指定譯名
MCN申請/通知單,MCN notice from,strict_required,正式文件、程序或表單名稱，應完整維持指定譯名
MD-U1000C雷射刻印機操作及保養辦法,MD-U1000C laser marking machine operate and maintain instruction,strict_required,正式文件、程序或表單名稱，應完整維持指定譯名
MD-V9920雷射刻印機操作及保養辦法,MD-V9920 laser marking machine operate and maintain instruction,strict_required,正式文件、程序或表單名稱，應完整維持指定譯名
MD-X1520雷射刻印機操作及保養辦法,MD-X1520 laser marking machine operate and maintain instruction,strict_required,正式文件、程序或表單名稱，應完整維持指定譯名
Mitutoyo SJ-201表面粗度儀校正作業辦法,Mitutoyo SJ-201 surface roughness tester calibrate instruction,strict_required,正式文件、程序或表單名稱，應完整維持指定譯名
ODM,ODM,strict_required,專有名詞、縮寫、代碼或型號，應精確維持指定寫法
OEM,OEM,strict_required,專有名詞、縮寫、代碼或型號，應精確維持指定寫法
PBM,PBM,strict_required,專有名詞、縮寫、代碼或型號，應精確維持指定寫法
PFMEA,PFMEA,strict_required,專有名詞、縮寫、代碼或型號，應精確維持指定寫法
PFMEA文件,PFMEA document,strict_required,專有名詞、縮寫、代碼或型號，應精確維持指定寫法
PH值,pH values,strict_required,專有名詞、縮寫、代碼或型號，應精確維持指定寫法
PH計量測值,pH meter,strict_required,專有名詞、縮寫、代碼或型號，應精確維持指定寫法
Pro500電解拋光機操作及保養辦法,Pro500electropolishing operate and maintain instruction,strict_required,正式文件、程序或表單名稱，應完整維持指定譯名
R&R分析,repeatability and reproducibility analysis,strict_required,專有名詞、縮寫、代碼或型號，應精確維持指定寫法
RIG-150 CNC內圓磨床保養辦法,RIG-150 CNC internal grinding machine maintain instruction,strict_required,正式文件、程序或表單名稱，應完整維持指定譯名
S550放電加工機操作及保養辦法,S550 electrical discharge machine operate and maintain instruction,strict_required,正式文件、程序或表單名稱，應完整維持指定譯名
SC-680真空包裝機操作及保養辦法,SC-680 vacuum packaging machine operate and maintain instruction,strict_required,正式文件、程序或表單名稱，應完整維持指定譯名
SIP品號明細表,SIP part numbers list,strict_required,正式文件、程序或表單名稱，應完整維持指定譯名
SIP變更管制記錄表,SIP change control record form,strict_required,正式文件、程序或表單名稱，應完整維持指定譯名
SOP,SOP,strict_required,專有名詞、縮寫、代碼或型號，應精確維持指定寫法
ST-101 砂帶機操作及保養辦法,ST-101 belt sander operate machine and maintain instruction,strict_required,正式文件、程序或表單名稱，應完整維持指定譯名
STARRETT HF600投影機操作作業辦法,STARRETT HF600 projector operate instruction,strict_required,正式文件、程序或表單名稱，應完整維持指定譯名
STP MAGIS 600 CNC刀具設定儀保養(點檢)記錄表,STP MAGIS 600 CNC Tooling setting instrument maintenance daily checklist,strict_required,正式文件、程序或表單名稱，應完整維持指定譯名
TM-R旋風式噴砂機保養辦法,TM-R tornado sandblasting machine maintain instruction,strict_required,正式文件、程序或表單名稱，應完整維持指定譯名
Ti-6Al-4V ELI鍛造品質規範,Quality requirement for Ti-6Al-4V ELI forging,strict_required,正式文件、程序或表單名稱，應完整維持指定譯名
Ti-6Al-4V 產品燒結後品質規範,Quality requirement for Ti-6Al-4V product sintered,strict_required,正式文件、程序或表單名稱，應完整維持指定譯名
UDI-DI (GTIN),UDI-DI (GTIN),strict_required,專有名詞、縮寫、代碼或型號，應精確維持指定寫法
UDI條碼列印確效作業辦法,UDI barcode print validation work instruction,strict_required,正式文件、程序或表單名稱，應完整維持指定譯名
UDI資訊登錄作業辦法,UDI information registration work instruction,strict_required,正式文件、程序或表單名稱，應完整維持指定譯名
UDI進料檢驗記錄表,UDI In-coming inspection record form,strict_required,正式文件、程序或表單名稱，應完整維持指定譯名
UHMWPE混合Vitamin E材料品質規範,Quality requirement for highly crosslinked UHMWPE with blended vitamin E,strict_required,正式文件、程序或表單名稱，應完整維持指定譯名
VDmax25,VDmax25,strict_required,專有名詞、縮寫、代碼或型號，應精確維持指定寫法
WS-803自動球面搪磨機保養辦法,WS-803 automatic spherical honing machine maintain instruction,strict_required,正式文件、程序或表單名稱，應完整維持指定譯名
X-Ray操作及保養辦法,X-Ray operate and maintenance instruction,strict_required,正式文件、程序或表單名稱，應完整維持指定譯名
X-Ray檢測品質規範,X-ray inspection criteria,strict_required,正式文件、程序或表單名稱，應完整維持指定譯名
X-ray設備保養(日點檢)記錄表,X-ray equipment maintenance daily checklist,strict_required,正式文件、程序或表單名稱，應完整維持指定譯名
YCM-FV85A CNC銑床保養辦法,YCM-FV85A CNC milling machine maintain instruction,strict_required,正式文件、程序或表單名稱，應完整維持指定譯名
Z製程,Z process,strict_required,專有名詞、縮寫、代碼或型號，應精確維持指定寫法
一級主管,Director,lexical_required,一般職稱、角色或人員稱謂，可依上下文調整單複數與冠詞
一般安全與性能要求檢查表,Checklist for general safety and performance requirements,strict_required,正式文件、程序或表單名稱，應完整維持指定譯名
一般性委外加工,General Outsourcing,lexical_required,一般英文詞彙或專業用語，可接受合理的單複數、詞性、冠詞或大小寫變化
一般會計組,General Accounting Section,strict_required,正式部門或組織單位名稱，應固定使用指定譯名
一般訓練,General training,lexical_required,一般英文詞彙或專業用語，可接受合理的單複數、詞性、冠詞或大小寫變化
一般訓練辦理,General training,lexical_required,一般英文詞彙或專業用語，可接受合理的單複數、詞性、冠詞或大小寫變化
一般說明,General description,reference_only,屬描述性片語、章節語句或提示文字，翻譯可依上下文改寫，不宜因未精確出現而判定失敗
一般需求,general requirements,reference_only,屬描述性片語、章節語句或提示文字，翻譯可依上下文改寫，不宜因未精確出現而判定失敗
三次元CMM保養(點檢)記錄表,CMM maintenance daily checklist,strict_required,正式文件、程序或表單名稱，應完整維持指定譯名
三線規校正作業辦法,Three-wire gauge calibrate instruction,strict_required,正式文件、程序或表單名稱，應完整維持指定譯名
三豐三次元CMM保養(點檢)記錄表,Mitutoyo CMM maintenance daily checklist,strict_required,正式文件、程序或表單名稱，應完整維持指定譯名
上市後監督,Post market surveillance,lexical_required,一般英文詞彙或專業用語，可接受合理的單複數、詞性、冠詞或大小寫變化
上市後監督報告書,Post-market surveillance report,strict_required,正式文件、程序或表單名稱，應完整維持指定譯名
上市後監督技術文件,Technical documentation on post-market surveillance,strict_required,正式文件、程序或表單名稱，應完整維持指定譯名
上市後監督程序,Post market surveillance procedure,strict_required,正式文件、程序或表單名稱，應完整維持指定譯名
上市後監督計劃書,Post-market surveillance plan,strict_required,正式文件、程序或表單名稱，應完整維持指定譯名
上市後臨床追蹤,Post-market clinical follow-up,lexical_required,一般品質、法規或製程專業術語，可接受合理的單複數、詞性或語態變化
上市後臨床追蹤(PMCF)作業程序,Post-market clinical follow-up procedure,strict_required,正式文件、程序或表單名稱，應完整維持指定譯名
上市後臨床追蹤報告,PMCF report,strict_required,正式文件、程序或表單名稱，應完整維持指定譯名
上市後臨床追蹤報告書,PMCF evaluation report,strict_required,正式文件、程序或表單名稱，應完整維持指定譯名
上市後臨床追蹤計畫書,PMCF plan,strict_required,正式文件、程序或表單名稱，應完整維持指定譯名
上市後資訊的應用,Post-market surveillance information application,lexical_required,一般英文詞彙或專業用語，可接受合理的單複數、詞性、冠詞或大小寫變化
上市後資訊的異常管理,Non-conformance management of post-market surveillance information,lexical_required,一般動詞或作業用語，可依句型調整時態、語態或詞形
上市後階段,Post market stage,lexical_required,一般英文詞彙或專業用語，可接受合理的單複數、詞性、冠詞或大小寫變化
不合格品,nonconforming product,lexical_required,一般品質、法規或製程專業術語，可接受合理的單複數、詞性或語態變化
不合格品之來源,Source of non-conforming products,lexical_required,一般品質、法規或製程專業術語，可接受合理的單複數、詞性或語態變化
不合格品之評估與裁決,Evaluation and judgment of the non-conforming products,lexical_required,一般品質、法規或製程專業術語，可接受合理的單複數、詞性或語態變化
不合格品處理程序,Non-conforming product control procedure,strict_required,正式文件、程序或表單名稱，應完整維持指定譯名
不定期盤點,Irregular counting,lexical_required,一般英文詞彙或專業用語，可接受合理的單複數、詞性、冠詞或大小寫變化
不定期稽核,Nonscheduled audit,lexical_required,一般品質、法規或製程專業術語，可接受合理的單複數、詞性或語態變化
不符合,Non-Compliance,lexical_required,一般英文詞彙或專業用語，可接受合理的單複數、詞性、冠詞或大小寫變化
不符合事項通知,Nonconformity notice,lexical_required,一般英文詞彙或專業用語，可接受合理的單複數、詞性、冠詞或大小寫變化
不良事件,adverse event,lexical_required,一般英文詞彙或專業用語，可接受合理的單複數、詞性、冠詞或大小寫變化
不良副作用,Undesirable side-effect,lexical_required,一般英文詞彙或專業用語，可接受合理的單複數、詞性、冠詞或大小寫變化
不鏽鋼,stainless steel,lexical_required,一般英文詞彙或專業用語，可接受合理的單複數、詞性、冠詞或大小寫變化
不鏽鋼去氧化層,stainless steel deoxidation,lexical_required,一般英文詞彙或專業用語，可接受合理的單複數、詞性、冠詞或大小寫變化
不鏽鋼去氧化層及清洗線工作記錄表,Oxide layer removal and cleaning process of stainless steel operation record form,strict_required,正式文件、程序或表單名稱，應完整維持指定譯名
不鏽鋼氧化層去除及清洗製程規範,Oxide layer removal and cleaning process specification of stainless steel,strict_required,正式文件、程序或表單名稱，應完整維持指定譯名
不鏽鋼金屬煮沸測試規範,Testing criteria for boiling test of stainless steel,strict_required,正式文件、程序或表單名稱，應完整維持指定譯名
不鏽鋼鍛造製程規範,Stainless steel forging process specification,strict_required,正式文件、程序或表單名稱，應完整維持指定譯名
不需檢驗品,Non-inspected goods,lexical_required,一般品質、法規或製程專業術語，可接受合理的單複數、詞性或語態變化
不需檢驗證明書,Non-inspected goods certificate form,strict_required,正式文件、程序或表單名稱，應完整維持指定譯名
中國境內指定的代理人,Agent designated in China,lexical_required,一般英文詞彙或專業用語，可接受合理的單複數、詞性、冠詞或大小寫變化
中國大陸,China,strict_required,公司、主管機關、國家地區或資料庫正式名稱，應固定使用指定譯名
主管定期會議,Manager regular meeting,lexical_required,一般英文詞彙或專業用語，可接受合理的單複數、詞性、冠詞或大小寫變化
主要不符合事項,Major nonconformity,lexical_required,一般英文詞彙或專業用語，可接受合理的單複數、詞性、冠詞或大小寫變化
主要品質特性,Major characteristic,lexical_required,一般品質、法規或製程專業術語，可接受合理的單複數、詞性或語態變化
主要尺寸 Cpk,Process Capability Index,strict_required,專有名詞、縮寫、代碼或型號，應精確維持指定寫法
主要操作功能,primary operating function,lexical_required,一般英文詞彙或專業用語，可接受合理的單複數、詞性、冠詞或大小寫變化
乾燥箱校正作業辦法,Cabinet drier calibrate instruction,strict_required,正式文件、程序或表單名稱，應完整維持指定譯名
二次元高度規保養(點檢)記錄表,Two dimensions height gauge maintenance checklist,strict_required,正式文件、程序或表單名稱，應完整維持指定譯名
二級主管,Manager of Division,lexical_required,一般職稱、角色或人員稱謂，可依上下文調整單複數與冠詞
二維條碼檢測管制辦法,UDI inspection control instruction,strict_required,正式文件、程序或表單名稱，應完整維持指定譯名
二階段調撥單,Two stage transfer application form,strict_required,正式文件、程序或表單名稱，應完整維持指定譯名
交互實驗,interactive experiment,lexical_required,一般英文詞彙或專業用語，可接受合理的單複數、詞性、冠詞或大小寫變化
交貨前之不合格品處理,Dispose pre-delivery non-conforming products,lexical_required,一般動詞或作業用語，可依句型調整時態、語態或詞形
人事單位,HR Division,strict_required,正式部門或組織單位名稱，應固定使用指定譯名
人事組,HR Section,strict_required,正式部門或組織單位名稱，應固定使用指定譯名
人力發展管理程序,Human resource development procedure,strict_required,正式文件、程序或表單名稱，應完整維持指定譯名
人力開發規劃及員工考核,KPI,strict_required,屬描述性片語、章節語句或提示文字，翻譯可依上下文改寫，不宜因未精確出現而判定失敗
人員健康與工業安全,Personnel health and industrial safety,lexical_required,一般英文詞彙或專業用語，可接受合理的單複數、詞性、冠詞或大小寫變化
人員訓練,Train personnel on their responsibilities,lexical_required,一般英文詞彙或專業用語，可接受合理的單複數、詞性、冠詞或大小寫變化
人眼可識別資訊,Human readable interpretation,lexical_required,一般英文詞彙或專業用語，可接受合理的單複數、詞性、冠詞或大小寫變化
介電質薄膜電容濕度計,electrolyte film capacitance hygrometer,lexical_required,一般英文詞彙或專業用語，可接受合理的單複數、詞性、冠詞或大小寫變化
代工產品報價作業辦法,OEM products quotation work Instruction,strict_required,正式文件、程序或表單名稱，應完整維持指定譯名
代工產品編碼管理辦法,OEM product coding management instruction,strict_required,正式文件、程序或表單名稱，應完整維持指定譯名
代理產品,Imported products,lexical_required,一般英文詞彙或專業用語，可接受合理的單複數、詞性、冠詞或大小寫變化
代理產品客戶訴怨受理與處理,Receive and dispose customer complaints of distributed products,lexical_required,一般動詞或作業用語，可依句型調整時態、語態或詞形
代理產品通報,Report for agent products,lexical_required,一般動詞或作業用語，可依句型調整時態、語態或詞形
代表性包裝,Master Packaging,lexical_required,一般品質、法規或製程專業術語，可接受合理的單複數、詞性或語態變化
代表性產品,Master product,lexical_required,一般英文詞彙或專業用語，可接受合理的單複數、詞性、冠詞或大小寫變化
任務,task,lexical_required,一般英文詞彙或專業用語，可接受合理的單複數、詞性、冠詞或大小寫變化
企劃組,Product Planning & Research Team,strict_required,正式部門或組織單位名稱，應固定使用指定譯名
企業流程組,Corporate Process Section,strict_required,正式部門或組織單位名稱，應固定使用指定譯名
位置/狀況,Location / status,reference_only,屬描述性片語、章節語句或提示文字，翻譯可依上下文改寫，不宜因未精確出現而判定失敗
低倍光學檢驗,low magnification inspection,lexical_required,一般動詞或作業用語，可依句型調整時態、語態或詞形
作廢文件之管制,Obsolete documents control,lexical_required,一般動詞或作業用語，可依句型調整時態、語態或詞形
作業熱電偶,Work Thermocouples,lexical_required,一般英文詞彙或專業用語，可接受合理的單複數、詞性、冠詞或大小寫變化
作業說明書(一),Operation description form I,strict_required,正式文件、程序或表單名稱，應完整維持指定譯名
作業說明書(三),Operation description form III,strict_required,正式文件、程序或表單名稱，應完整維持指定譯名
作業說明書(二),Operation description form II,strict_required,正式文件、程序或表單名稱，應完整維持指定譯名
作業說明書(四),Operation description form IV,strict_required,正式文件、程序或表單名稱，應完整維持指定譯名
使用單位,Using Division,strict_required,正式部門或組織單位名稱，應固定使用指定譯名
使用獨立批號原則,Principle of using independent lot numbers,lexical_required,一般英文詞彙或專業用語，可接受合理的單複數、詞性、冠詞或大小寫變化
使用環境,use environment,lexical_required,一般英文詞彙或專業用語，可接受合理的單複數、詞性、冠詞或大小寫變化
使用群,user group,lexical_required,一般英文詞彙或專業用語，可接受合理的單複數、詞性、冠詞或大小寫變化
使用者,user,lexical_required,一般職稱、角色或人員稱謂，可依上下文調整單複數與冠詞
使用者介面,user interface,lexical_required,一般英文詞彙或專業用語，可接受合理的單複數、詞性、冠詞或大小寫變化
使用者介面的生產與生產後資訊,the production and post-production information of user interface,lexical_required,一般品質、法規或製程專業術語，可接受合理的單複數、詞性或語態變化
使用者介面規格,user interface specification,lexical_required,一般英文詞彙或專業用語，可接受合理的單複數、詞性、冠詞或大小寫變化
使用者介面評估,user interface evaluation,lexical_required,一般動詞或作業用語，可依句型調整時態、語態或詞形
使用者介面需求,user interface requirements,lexical_required,一般英文詞彙或專業用語，可接受合理的單複數、詞性、冠詞或大小寫變化
使用者回饋,User feed-back,lexical_required,一般英文詞彙或專業用語，可接受合理的單複數、詞性、冠詞或大小寫變化
使用者專家檢視,expert reviews,lexical_required,一般英文詞彙或專業用語，可接受合理的單複數、詞性、冠詞或大小寫變化
使用者描述,user profile,lexical_required,一般英文詞彙或專業用語，可接受合理的單複數、詞性、冠詞或大小寫變化
使用者操作錯誤,User error,lexical_required,一般英文詞彙或專業用語，可接受合理的單複數、詞性、冠詞或大小寫變化
使用者權限單,Permission Request Form,strict_required,正式文件、程序或表單名稱，應完整維持指定譯名
使用者訓練作業辦法,User training work instruction,strict_required,正式文件、程序或表單名稱，應完整維持指定譯名
使用者訓練滿意度,Customer Training Satisfaction,lexical_required,一般英文詞彙或專業用語，可接受合理的單複數、詞性、冠詞或大小寫變化
使用者訓練滿意度調查彙整表,Customer Training Satisfaction Survey Conclusion,strict_required,正式文件、程序或表單名稱，應完整維持指定譯名
使用者訓練簽到表,Customer training attendance form,strict_required,正式文件、程序或表單名稱，應完整維持指定譯名
使用者需求,user need,lexical_required,一般英文詞彙或專業用語，可接受合理的單複數、詞性、冠詞或大小寫變化
使用表單,Q Forms,strict_required,正式文件、程序或表單名稱，應完整維持指定譯名
使用規格,use specification,lexical_required,一般英文詞彙或專業用語，可接受合理的單複數、詞性、冠詞或大小寫變化
使用說明,Instruction for use,lexical_required,一般英文詞彙或專業用語，可接受合理的單複數、詞性、冠詞或大小寫變化
使用說明上應有的資訊,Information in the instructions for use,reference_only,屬描述性片語、章節語句或提示文字，翻譯可依上下文改寫，不宜因未精確出現而判定失敗
使用說明書,User manual,strict_required,正式文件、程序或表單名稱，應完整維持指定譯名
使用錯誤,use error,lexical_required,一般英文詞彙或專業用語，可接受合理的單複數、詞性、冠詞或大小寫變化
使用／保養管理,Utilization / Maintenance management,lexical_required,一般動詞或作業用語，可依句型調整時態、語態或詞形
來源,Source,reference_only,屬描述性片語、章節語句或提示文字，翻譯可依上下文改寫，不宜因未精確出現而判定失敗
供應商,Supplier,lexical_required,一般職稱、角色或人員稱謂，可依上下文調整單複數與冠詞
供應商/外包商環安衛 自我評估表,Supplier/Outsourcer ESH self-assessment questionnaire,strict_required,正式文件、程序或表單名稱，應完整維持指定譯名
供應商/外包商環安衛自我評估表,Supplier/Outsourcer ESH self-assessment questionnaire,strict_required,正式文件、程序或表單名稱，應完整維持指定譯名
供應商交貨不良通知單,Supplier non-conformity notice form,strict_required,正式文件、程序或表單名稱，應完整維持指定譯名
供應商交貨品質,Suppliers delivery quality,lexical_required,一般品質、法規或製程專業術語，可接受合理的單複數、詞性或語態變化
供應商代工報廢品處理辦法,Supplier scrap parts disposite instruction,strict_required,正式文件、程序或表單名稱，應完整維持指定譯名
供應商供貨名詞定義,Definition of Supplier Supply Terms,lexical_required,一般品質、法規或製程專業術語，可接受合理的單複數、詞性或語態變化
供應商再評估表,Supplier re-assessment form,strict_required,正式文件、程序或表單名稱，應完整維持指定譯名
供應商再評核作業,Supplier Re-evaluation,lexical_required,一般品質、法規或製程專業術語，可接受合理的單複數、詞性或語態變化
供應商品質保證協議書,Supplier quality agreement,strict_required,正式文件、程序或表單名稱，應完整維持指定譯名
供應商品質稽核作業辦法,Supplier quality audit work instruction,strict_required,正式文件、程序或表單名稱，應完整維持指定譯名
供應商品質管理工程表,Supplier quality control plan form,strict_required,正式文件、程序或表單名稱，應完整維持指定譯名
供應商品質系統稽核簽到表,Supplier quality system audit meeting attendees list,strict_required,正式文件、程序或表單名稱，應完整維持指定譯名
供應商品質系統稽核表,Supplier quality system audit list,strict_required,正式文件、程序或表單名稱，應完整維持指定譯名
供應商品質系統稽核計畫表,Supplier quality system audit plan form,strict_required,正式文件、程序或表單名稱，應完整維持指定譯名
供應商器械產品包裝規範,Supplier instrument product packaging standard,strict_required,正式文件、程序或表單名稱，應完整維持指定譯名
供應商器械盒外觀判定品質規範,Cosmetic quality standards - Instrument case (for supplier),strict_required,正式文件、程序或表單名稱，應完整維持指定譯名
供應商塑膠製品外觀品質規範(器械用),Cosmetic quality standards - plastic products of instruments (for supplier),strict_required,正式文件、程序或表單名稱，應完整維持指定譯名
供應商批號管理作業辦法,Supplier lot number management work instruction,strict_required,正式文件、程序或表單名稱，應完整維持指定譯名
供應商改善要求單,Supplier corrective action request (S.C.A.R),strict_required,正式文件、程序或表單名稱，應完整維持指定譯名
供應商文件,Documents provided by suppliers,lexical_required,一般品質、法規或製程專業術語，可接受合理的單複數、詞性或語態變化
供應商樣品試作打樣作業辦法,Supplier Prototyping Process,strict_required,正式文件、程序或表單名稱，應完整維持指定譯名
供應商永續發展評估表,Supplier ESG assessment form,strict_required,正式文件、程序或表單名稱，應完整維持指定譯名
供應商監控與管理,Supplier Monitor and Management,lexical_required,一般動詞或作業用語，可依句型調整時態、語態或詞形
供應商稽核日程表,Supplier audit schedule,strict_required,正式文件、程序或表單名稱，應完整維持指定譯名
供應商管理作業說明,Description of supplier management,strict_required,正式文件、程序或表單名稱，應完整維持指定譯名
供應商管理程序,Supplier management procedure,strict_required,正式文件、程序或表單名稱，應完整維持指定譯名
供應商管理組,Supplier Management Section,strict_required,正式部門或組織單位名稱，應固定使用指定譯名
供應商表現度,Supplier Performance Report,strict_required,正式文件、程序或表單名稱，應完整維持指定譯名
供應商表現度評分表,Supplier performance scored sheet,strict_required,正式文件、程序或表單名稱，應完整維持指定譯名
供應商表面處理外觀品質規範(器械用),Cosmetic quality standards of instruments (for surface treatment supplier),strict_required,正式文件、程序或表單名稱，應完整維持指定譯名
供應商評估/稽核缺失報告,Supplier assessed/audited nonconformity report,strict_required,正式文件、程序或表單名稱，應完整維持指定譯名
供應商評核改善確認,Supplier Improvement Confirmation,lexical_required,一般動詞或作業用語，可依句型調整時態、語態或詞形
供應商變更,Supplier change,lexical_required,一般品質、法規或製程專業術語，可接受合理的單複數、詞性或語態變化
供應商變更申請表,Supplier change application form,strict_required,正式文件、程序或表單名稱，應完整維持指定譯名
供應商變更聲明書,Supplier change declaration,strict_required,正式文件、程序或表單名稱，應完整維持指定譯名
供應商資格審查與評核,Supplier Profile Review and Evaluation,lexical_required,一般品質、法規或製程專業術語，可接受合理的單複數、詞性或語態變化
供應商遴選方式,Supplier sourcing,lexical_required,一般品質、法規或製程專業術語，可接受合理的單複數、詞性或語態變化
供應商金屬加工外觀品質規範(器械用),Cosmetic quality standards - Metallic products of instruments (for machining supplier),strict_required,正式文件、程序或表單名稱，應完整維持指定譯名
供應商領料作業說明,Description of supplier’s material picking,strict_required,正式文件、程序或表單名稱，應完整維持指定譯名
供應商首批承認通知書,Supplier first article approval notice,strict_required,正式文件、程序或表單名稱，應完整維持指定譯名
供應商首批樣品承認書,Supplier first article approval report,strict_required,正式文件、程序或表單名稱，應完整維持指定譯名
供應商首批樣品承認辦法,Supplier first article approval work instruction,strict_required,正式文件、程序或表單名稱，應完整維持指定譯名
保全備份,Security back up,lexical_required,一般英文詞彙或專業用語，可接受合理的單複數、詞性、冠詞或大小寫變化
保全卡借用登記表,Security card lending application form,strict_required,正式文件、程序或表單名稱，應完整維持指定譯名
保存防護,Stock protection,lexical_required,一般英文詞彙或專業用語，可接受合理的單複數、詞性、冠詞或大小寫變化
保管人,Keeper,lexical_required,一般職稱、角色或人員稱謂，可依上下文調整單複數與冠詞
保護性包裝,Protective packaging,lexical_required,一般品質、法規或製程專業術語，可接受合理的單複數、詞性或語態變化
修訂已核准之變更,Revise the approved change,lexical_required,一般英文詞彙或專業用語，可接受合理的單複數、詞性、冠詞或大小寫變化
修訂版次,Rev. #,strict_required,屬描述性片語、章節語句或提示文字，翻譯可依上下文改寫，不宜因未精確出現而判定失敗
倉儲作業管制程序,Warehouse management procedure,strict_required,正式文件、程序或表單名稱，應完整維持指定譯名
倉儲規劃,Warehouse planning,lexical_required,一般動詞或作業用語，可依句型調整時態、語態或詞形
個人使用檢測儀器,Measuring devices used by individuals,lexical_required,一般品質、法規或製程專業術語，可接受合理的單複數、詞性或語態變化
借貨明細表,Lending goods list,strict_required,正式文件、程序或表單名稱，應完整維持指定譯名
偏心檢查儀校正作業辦法,Eccentric scale calibrate instruction,strict_required,正式文件、程序或表單名稱，應完整維持指定譯名
偏心檢查儀校正棒校正作業辦法,Testing rod of eccentric scale calibrate instruction,strict_required,正式文件、程序或表單名稱，應完整維持指定譯名
停止使用,decommissioning,lexical_required,一般英文詞彙或專業用語，可接受合理的單複數、詞性、冠詞或大小寫變化
健康風險,Risk to health,lexical_required,一般品質、法規或製程專業術語，可接受合理的單複數、詞性或語態變化
傳遞口,transmission window,lexical_required,一般英文詞彙或專業用語，可接受合理的單複數、詞性、冠詞或大小寫變化
價格定義,Price definition,lexical_required,一般英文詞彙或專業用語，可接受合理的單複數、詞性、冠詞或大小寫變化
價格更改建議單,Pricing revised proposal,strict_required,正式文件、程序或表單名稱，應完整維持指定譯名
儀器使用,Device usage,lexical_required,一般品質、法規或製程專業術語，可接受合理的單複數、詞性或語態變化
儀器保養,Device maintenance,lexical_required,一般品質、法規或製程專業術語，可接受合理的單複數、詞性或語態變化
儀器列管,Device management,lexical_required,一般品質、法規或製程專業術語，可接受合理的單複數、詞性或語態變化
儀器失效,Device malfunction,lexical_required,一般品質、法規或製程專業術語，可接受合理的單複數、詞性或語態變化
儀器校正允收、失效與報廢處理,"Device calibration acceptance, fail and scrap",lexical_required,一般動詞或作業用語，可依句型調整時態、語態或詞形
儀器校正及催校,Device calibration and calibration reminding,lexical_required,一般品質、法規或製程專業術語，可接受合理的單複數、詞性或語態變化
儀器校正變更列管審核單,Device calibration change control form,strict_required,正式文件、程序或表單名稱，應完整維持指定譯名
儀器異動,Device change,lexical_required,一般品質、法規或製程專業術語，可接受合理的單複數、詞性或語態變化
儀器異常矯正措施要求表,Device corrective action request form,strict_required,正式文件、程序或表單名稱，應完整維持指定譯名
儀器發出,Distribute device,lexical_required,一般動詞或作業用語，可依句型調整時態、語態或詞形
儀器管理人員,Instrument management personnel,lexical_required,一般職稱、角色或人員稱謂，可依上下文調整單複數與冠詞
儀器編號,Device coding,lexical_required,一般品質、法規或製程專業術語，可接受合理的單複數、詞性或語態變化
儀器訓練申請表,Equipment usage training application form,strict_required,正式文件、程序或表單名稱，應完整維持指定譯名
儀器調整,Instrument adjustment,lexical_required,一般品質、法規或製程專業術語，可接受合理的單複數、詞性或語態變化
儀器貯存及搬運,Device storage and transportation,lexical_required,一般動詞或作業用語，可依句型調整時態、語態或詞形
儀器需求申請,Device demand application,lexical_required,一般動詞或作業用語，可依句型調整時態、語態或詞形
儀器需求申請表,Device demand application form,strict_required,正式文件、程序或表單名稱，應完整維持指定譯名
儀器驗收,Device check and acceptance,lexical_required,一般品質、法規或製程專業術語，可接受合理的單複數、詞性或語態變化
儲存環境維護,Storage environment maintenance,lexical_required,一般英文詞彙或專業用語，可接受合理的單複數、詞性、冠詞或大小寫變化
儲料異常管理,Manage non-conforming materials,lexical_required,一般動詞或作業用語，可依句型調整時態、語態或詞形
儲運作業管制,Warehousing and Transportation Control Procedure,strict_required,正式文件、程序或表單名稱，應完整維持指定譯名
允收標準,acceptance criteria,lexical_required,一般品質、法規或製程專業術語，可接受合理的單複數、詞性或語態變化
光學顯微鏡,optical microscope,lexical_required,一般英文詞彙或專業用語，可接受合理的單複數、詞性、冠詞或大小寫變化
免提第三公證單位測試報告之材料供應商一覽表,Material supplier without the test reports from the 3’th-party notarization institution list,strict_required,正式文件、程序或表單名稱，應完整維持指定譯名
入庫,Stock,lexical_required,一般動詞或作業用語，可依句型調整時態、語態或詞形
入庫作業,Stocking,lexical_required,一般英文詞彙或專業用語，可接受合理的單複數、詞性、冠詞或大小寫變化
入庫單,Materials stock in form,strict_required,正式文件、程序或表單名稱，應完整維持指定譯名
入職訓練,Induction training,lexical_required,一般英文詞彙或專業用語，可接受合理的單複數、詞性、冠詞或大小寫變化
入職訓練暨審定記錄表,Induction training record form,strict_required,正式文件、程序或表單名稱，應完整維持指定譯名
入職訓練辦理,Induction training,lexical_required,一般英文詞彙或專業用語，可接受合理的單複數、詞性、冠詞或大小寫變化
入職課程表,Induction training schedule,strict_required,正式文件、程序或表單名稱，應完整維持指定譯名
內外部溝通作業辦法,Internal and external communication work instruction,strict_required,正式文件、程序或表單名稱，應完整維持指定譯名
內容,Contents,strict_required,屬描述性片語、章節語句或提示文字，翻譯可依上下文改寫，不宜因未精確出現而判定失敗
內校,Internal calibration,lexical_required,一般英文詞彙或專業用語，可接受合理的單複數、詞性、冠詞或大小寫變化
內毒素,Endotoxin,lexical_required,一般品質、法規或製程專業術語，可接受合理的單複數、詞性或語態變化
內毒素單位,"Endotoxin Unit, EU",strict_required,專有名詞、縮寫、代碼或型號，應精確維持指定寫法
內毒素管制作業辦法,Endotoxin control work instruction,strict_required,正式文件、程序或表單名稱，應完整維持指定譯名
內毒素評估報告,Endotoxin evaluation report,strict_required,正式文件、程序或表單名稱，應完整維持指定譯名
內訓申請暨簽到表,Internal training application and sign-in form,strict_required,正式文件、程序或表單名稱，應完整維持指定譯名
內訓課後分析與建議調查表,Internal training final survey form,strict_required,正式文件、程序或表單名稱，應完整維持指定譯名
內部品質稽核,Internal quality audit,lexical_required,一般品質、法規或製程專業術語，可接受合理的單複數、詞性或語態變化
內部品質稽核管制程序,Internal audit procedure,strict_required,正式文件、程序或表單名稱，應完整維持指定譯名
內部稽核—不符合事項通知單,Internal audit--nonconformity notice form,strict_required,正式文件、程序或表單名稱，應完整維持指定譯名
內部稽核總結報告書,Internal audit summary report,strict_required,正式文件、程序或表單名稱，應完整維持指定譯名
內部製程挑戰產品,IPCD,strict_required,專有名詞、縮寫、代碼或型號，應精確維持指定寫法
內部訓練,Internal training,lexical_required,一般英文詞彙或專業用語，可接受合理的單複數、詞性、冠詞或大小寫變化
內部講師,Internal trainer,lexical_required,一般職稱、角色或人員稱謂，可依上下文調整單複數與冠詞
全公司組織圖及組織代碼對照表,Organizational structure of United and cross reference table of organization code,strict_required,正式文件、程序或表單名稱，應完整維持指定譯名
全球交易品項識別碼,"Global Trade Item Number, GTIN",strict_required,專有名詞、縮寫、代碼或型號，應精確維持指定寫法
公共區域,Public area,lexical_required,一般英文詞彙或專業用語，可接受合理的單複數、詞性、冠詞或大小寫變化
公共衛生嚴重威脅,Serious public health threat,lexical_required,一般英文詞彙或專業用語，可接受合理的單複數、詞性、冠詞或大小寫變化
公共設備保養維護管理辦法,Public equipment maintain instruction,strict_required,正式文件、程序或表單名稱，應完整維持指定譯名
公共設備保養記錄表,Public equipment maintenance record list,strict_required,正式文件、程序或表單名稱，應完整維持指定譯名
公共設備檢查記錄表,Public equipment check record form,strict_required,正式文件、程序或表單名稱，應完整維持指定譯名
公司政策宣導,Corporate Policy Advocacy,lexical_required,一般英文詞彙或專業用語，可接受合理的單複數、詞性、冠詞或大小寫變化
六倍顯微鏡,6x microscope,lexical_required,一般英文詞彙或專業用語，可接受合理的單複數、詞性、冠詞或大小寫變化
共通規則,Common specifications (CS),strict_required,專有名詞、縮寫、代碼或型號，應精確維持指定寫法
其他地區,Other Regions,lexical_required,一般英文詞彙或專業用語，可接受合理的單複數、詞性、冠詞或大小寫變化
其他要求,Other requirements,reference_only,屬描述性片語、章節語句或提示文字，翻譯可依上下文改寫，不宜因未精確出現而判定失敗
其它相關權責單位,Other related authorized divisions,strict_required,正式部門或組織單位名稱，應固定使用指定譯名
再次置換客戶訂製品檢查表,Order of revision products checklist,strict_required,正式文件、程序或表單名稱，應完整維持指定譯名
再現性,repeatability,lexical_required,一般品質、法規或製程專業術語，可接受合理的單複數、詞性或語態變化
再生性,reproducibility,lexical_required,一般英文詞彙或專業用語，可接受合理的單複數、詞性、冠詞或大小寫變化
冠亞產品外觀標準品質規範,Cosmetic inspection criteria for A-Spine product,strict_required,正式文件、程序或表單名稱，應完整維持指定譯名
冷卻水塔自主檢查表,Cooling water tank self-inspection record form,strict_required,正式文件、程序或表單名稱，應完整維持指定譯名
出庫/領料,Warehouse out/material requisition,lexical_required,一般動詞或作業用語，可依句型調整時態、語態或詞形
出貨UOJ產品包裝品質檢驗規範,Quality inspection standards for products packaging shipped to UOJ,strict_required,正式文件、程序或表單名稱，應完整維持指定譯名
出貨作業辦法,Outgoing work instruction,strict_required,正式文件、程序或表單名稱，應完整維持指定譯名
出貨包裝,Shipment packaging,lexical_required,一般品質、法規或製程專業術語，可接受合理的單複數、詞性或語態變化
出貨單,Shipping list,strict_required,正式文件、程序或表單名稱，應完整維持指定譯名
出貨檢驗管制程序,Outgoing inspection procedure,strict_required,正式文件、程序或表單名稱，應完整維持指定譯名
出貨準備,Shipment preparation,lexical_required,一般動詞或作業用語，可依句型調整時態、語態或詞形
出貨貼標作業辦法,Outgoing labelling work instruction,strict_required,正式文件、程序或表單名稱，應完整維持指定譯名
刀具量測儀保養(點檢)記錄表,Tooling measuring equipment maintenance daily checklist,strict_required,正式文件、程序或表單名稱，應完整維持指定譯名
刀工具管理,Tooling management,lexical_required,一般動詞或作業用語，可依句型調整時態、語態或詞形
分析單位及對策執行單位,Analysis Division and Action Taken Division,strict_required,正式部門或組織單位名稱，應固定使用指定譯名
分析報告書,Analysis report,strict_required,正式文件、程序或表單名稱，應完整維持指定譯名
分析方法,Analytical method,lexical_required,一般英文詞彙或專業用語，可接受合理的單複數、詞性、冠詞或大小寫變化
分類編碼,Classification code,lexical_required,一般英文詞彙或專業用語，可接受合理的單複數、詞性、冠詞或大小寫變化
切斷機操作及保養辦法,Cutting machine operation and maintain instruction,strict_required,正式文件、程序或表單名稱，應完整維持指定譯名
切斷製程規範,Material cutting process specification,strict_required,正式文件、程序或表單名稱，應完整維持指定譯名
列管之品質記錄保存責任一覽表,Responsibility for retaining the listed quality records form,strict_required,正式文件、程序或表單名稱，應完整維持指定譯名
初期研究階段,Initial concept stage,lexical_required,一般英文詞彙或專業用語，可接受合理的單複數、詞性、冠詞或大小寫變化
利害關係人,Interested parties,lexical_required,一般英文詞彙或專業用語，可接受合理的單複數、詞性、冠詞或大小寫變化
利用,Use,lexical_required,一般英文詞彙或專業用語，可接受合理的單複數、詞性、冠詞或大小寫變化
利益/醫療效益,benefit,lexical_required,一般品質、法規或製程專業術語，可接受合理的單複數、詞性或語態變化
利益風險分析的顯著衝擊,Significant impact on the benefit-risk analysis,lexical_required,一般品質、法規或製程專業術語，可接受合理的單複數、詞性或語態變化
利益風險的決定,Benefit-risk determination,lexical_required,一般品質、法規或製程專業術語，可接受合理的單複數、詞性或語態變化
制定部門,Rel. Div.,strict_required,正式部門或組織單位名稱，應固定使用指定譯名
刻印製程規範,Laser marking process specification,strict_required,正式文件、程序或表單名稱，應完整維持指定譯名
剩餘風險,residual risk,lexical_required,一般品質、法規或製程專業術語，可接受合理的單複數、詞性或語態變化
副總經理,Vice president,lexical_required,一般職稱、角色或人員稱謂，可依上下文調整單複數與冠詞
劑量分佈測試,Dose mapping,lexical_required,一般動詞或作業用語，可依句型調整時態、語態或詞形
劑量分佈測試記錄表,Dose mapping test record form,strict_required,正式文件、程序或表單名稱，應完整維持指定譯名
功能性,functionality,lexical_required,一般英文詞彙或專業用語，可接受合理的單複數、詞性、冠詞或大小寫變化
加嚴檢驗,tightened inspection,lexical_required,一般動詞或作業用語，可依句型調整時態、語態或詞形
加工標準建立,Establishment of manufacturing standards,lexical_required,一般英文詞彙或專業用語，可接受合理的單複數、詞性、冠詞或大小寫變化
加工標準建立包含下列事項,The standards are as follows,reference_only,屬描述性片語、章節語句或提示文字，翻譯可依上下文改寫，不宜因未精確出現而判定失敗
加工製程輔助材料表,Auxiliary Materials List for Manufacturing Processes,strict_required,正式文件、程序或表單名稱，應完整維持指定譯名
加熱爐設備保養及操作辦法,Heating furnace maintain and operate instruction,strict_required,正式文件、程序或表單名稱，應完整維持指定譯名
包裝,Package,lexical_required,一般品質、法規或製程專業術語，可接受合理的單複數、詞性或語態變化
包裝作業,Packaging,lexical_required,一般品質、法規或製程專業術語，可接受合理的單複數、詞性或語態變化
包裝族群,Packaging Family,lexical_required,一般品質、法規或製程專業術語，可接受合理的單複數、詞性或語態變化
包裝系統,Packaging System,lexical_required,一般品質、法規或製程專業術語，可接受合理的單複數、詞性或語態變化
包裝系統設計評估報告,Packaging system design assessment report,strict_required,正式文件、程序或表單名稱，應完整維持指定譯名
化學成份,chemical composition,lexical_required,一般品質、法規或製程專業術語，可接受合理的單複數、詞性或語態變化
化學指示劑又稱滅菌顯示標籤,"Chemical Indicator, CI Sterilization display label",strict_required,專有名詞、縮寫、代碼或型號，應精確維持指定寫法
化學鈍化製程,chemical passivation process,lexical_required,一般品質、法規或製程專業術語，可接受合理的單複數、詞性或語態變化
化學鈍化製程確效作業辦法,Validation of the chemical passivation process work instruction,strict_required,正式文件、程序或表單名稱，應完整維持指定譯名
區分,Differentiate,lexical_required,一般英文詞彙或專業用語，可接受合理的單複數、詞性、冠詞或大小寫變化
區域安全矯正措施,"Field safety corrective action, FSCA",strict_required,專有名詞、縮寫、代碼或型號，應精確維持指定寫法
區域安全矯正措施之通報,Field Safety Corrective Action Report,lexical_required,一般動詞或作業用語，可依句型調整時態、語態或詞形
半循環,Half cycle,lexical_required,一般英文詞彙或專業用語，可接受合理的單複數、詞性、冠詞或大小寫變化
半成品入庫檢驗,Stock inspection for semi-finished products,lexical_required,一般動詞或作業用語，可依句型調整時態、語態或詞形
半成品入庫檢驗查檢表,Semi-finished products stock in checklist,strict_required,正式文件、程序或表單名稱，應完整維持指定譯名
半成品刻印製程規範,Semi-product marking process specification,strict_required,正式文件、程序或表單名稱，應完整維持指定譯名
半成品調撥及出貨包裝製程規範,In-process product transfer and outgoing packaging process specification,strict_required,正式文件、程序或表單名稱，應完整維持指定譯名
半自動L型封口包裝機操作及保養辦法,L-block type semi-automatic sealing machine operate and maintain instruction,strict_required,正式文件、程序或表單名稱，應完整維持指定譯名
半自動殼模沾漿機操作及保養辦法,Semi-automatic shell mold dip machine operate and maintain instruction,strict_required,正式文件、程序或表單名稱，應完整維持指定譯名
卡尺、深度計及指示量錶校正作業辦法,"Vernier caliper, depth gauge and indicating gauge calibrate instruction",strict_required,正式文件、程序或表單名稱，應完整維持指定譯名
危害,hazard,lexical_required,一般品質、法規或製程專業術語，可接受合理的單複數、詞性或語態變化
危害性使用情節,hazard-related use scenario,lexical_required,一般品質、法規或製程專業術語，可接受合理的單複數、詞性或語態變化
危害處境,hazardous situation,lexical_required,一般品質、法規或製程專業術語，可接受合理的單複數、詞性或語態變化
厚薄規校正作業辦法,Thickness gauge calibrate instruction,strict_required,正式文件、程序或表單名稱，應完整維持指定譯名
原因調查與改善對策,Investigate reasons and take corrective actions,lexical_required,一般英文詞彙或專業用語，可接受合理的單複數、詞性、冠詞或大小寫變化
原型確認審核會議,Prototype confirmation review meeting,lexical_required,一般英文詞彙或專業用語，可接受合理的單複數、詞性、冠詞或大小寫變化
原型組裝功能確認表,Prototype assembly and functional conformity checklist,strict_required,正式文件、程序或表單名稱，應完整維持指定譯名
原型組裝及功能確認檢查表,Prototype assembly and functional conformity checklist,strict_required,正式文件、程序或表單名稱，應完整維持指定譯名
原型組裝及功能確認表,Prototype assembly and functional conformity checklist,strict_required,正式文件、程序或表單名稱，應完整維持指定譯名
原始輪廓,Primary profile,lexical_required,一般英文詞彙或專業用語，可接受合理的單複數、詞性、冠詞或大小寫變化
原廠序號,Manufacturer number,lexical_required,一般英文詞彙或專業用語，可接受合理的單複數、詞性、冠詞或大小寫變化
原材料檢驗作業辦法,Raw material inspection operate instruction,strict_required,正式文件、程序或表單名稱，應完整維持指定譯名
原物料、工具編碼及命名管理辦法,"Raw materials, tools coding and naming management instruction",strict_required,正式文件、程序或表單名稱，應完整維持指定譯名
原物料及刀工具,Raw materials and tools,lexical_required,一般英文詞彙或專業用語，可接受合理的單複數、詞性、冠詞或大小寫變化
原物料及工具編碼一覽表,Raw materials and tools codes list,strict_required,正式文件、程序或表單名稱，應完整維持指定譯名
原物料編碼,Codes of raw materials,lexical_required,一般英文詞彙或專業用語，可接受合理的單複數、詞性、冠詞或大小寫變化
參數範圍,parameter ranges,lexical_required,一般英文詞彙或專業用語，可接受合理的單複數、詞性、冠詞或大小寫變化
參數驗證,parameter validation,lexical_required,一般動詞或作業用語，可依句型調整時態、語態或詞形
參考文件,Referenced documents,strict_required,一般品質、法規或製程專業術語，可接受合理的單複數、詞性或語態變化
取樣依據,sampling criteria,lexical_required,一般英文詞彙或專業用語，可接受合理的單複數、詞性、冠詞或大小寫變化
取閱管制,Access management,lexical_required,一般動詞或作業用語，可依句型調整時態、語態或詞形
受影響文件,Affected documents,lexical_required,一般品質、法規或製程專業術語，可接受合理的單複數、詞性或語態變化
受理核准,Review,lexical_required,一般動詞或作業用語，可依句型調整時態、語態或詞形
受託研究機構,Contract research institution,lexical_required,一般英文詞彙或專業用語，可接受合理的單複數、詞性、冠詞或大小寫變化
受試者,Subject,lexical_required,一般英文詞彙或專業用語，可接受合理的單複數、詞性、冠詞或大小寫變化
口頭建議,Oral suggestion,lexical_required,一般英文詞彙或專業用語，可接受合理的單複數、詞性、冠詞或大小寫變化
召回,Recall,lexical_required,一般動詞或作業用語，可依句型調整時態、語態或詞形
召回作業,Recall operation,lexical_required,一般英文詞彙或專業用語，可接受合理的單複數、詞性、冠詞或大小寫變化
召回作業之執行,Recall implementation,lexical_required,一般動詞或作業用語，可依句型調整時態、語態或詞形
召回作業查檢表,Check list of recall operation,strict_required,正式文件、程序或表單名稱，應完整維持指定譯名
召回可能擴及的深度,The depth of possible recall,lexical_required,一般英文詞彙或專業用語，可接受合理的單複數、詞性、冠詞或大小寫變化
召回品之管制,Management of recalled products,lexical_required,一般動詞或作業用語，可依句型調整時態、語態或詞形
召回期限,The time period of recall,lexical_required,一般英文詞彙或專業用語，可接受合理的單複數、詞性、冠詞或大小寫變化
召回等級,Recall class,lexical_required,一般英文詞彙或專業用語，可接受合理的單複數、詞性、冠詞或大小寫變化
召回策略,Recall strategy,lexical_required,一般英文詞彙或專業用語，可接受合理的單複數、詞性、冠詞或大小寫變化
召回計畫書,Recall plan,strict_required,正式文件、程序或表單名稱，應完整維持指定譯名
召開臨時品質管理審查會議時機,Timing to hold an ad hoc quality management review meeting,lexical_required,一般品質、法規或製程專業術語，可接受合理的單複數、詞性或語態變化
可用性工程,usability engineering,lexical_required,一般英文詞彙或專業用語，可接受合理的單複數、詞性、冠詞或大小寫變化
可用性工程應用辦法,Applying usability engineering instruction,strict_required,正式文件、程序或表單名稱，應完整維持指定譯名
可用性或人因工程,usability human factors engineering,lexical_required,一般英文詞彙或專業用語，可接受合理的單複數、詞性、冠詞或大小寫變化
可用性測試,usability test,lexical_required,一般動詞或作業用語，可依句型調整時態、語態或詞形
可用性評估報告書,Usability evaluation report,strict_required,正式文件、程序或表單名稱，應完整維持指定譯名
可用性評估會議記錄,Meeting minutes,strict_required,正式文件、程序或表單名稱，應完整維持指定譯名
可用性評估計劃,usability evaluation plan,lexical_required,一般英文詞彙或專業用語，可接受合理的單複數、詞性、冠詞或大小寫變化
可辨識的,identifiable,lexical_required,一般英文詞彙或專業用語，可接受合理的單複數、詞性、冠詞或大小寫變化
台北倉儲運轉管制辦法,Taipei warehouse operation control instruction,strict_required,正式文件、程序或表單名稱，應完整維持指定譯名
台北區蟲害防治及環境清潔檢查記錄表,Pest prevention and control & environment cleanliness check record form of Taipei site,strict_required,正式文件、程序或表單名稱，應完整維持指定譯名
台北運轉中心器械清洗手冊版次檢查表,Taipei Operation center clean Manual version checklist,strict_required,正式文件、程序或表單名稱，應完整維持指定譯名
台北運轉中心器械清洗記錄表,Taipei warehouse instrument cleaning working record form,strict_required,正式文件、程序或表單名稱，應完整維持指定譯名
台北運轉中心成品區效期點檢表,Taipei warehouse instrument finished product area validity period checklist,strict_required,正式文件、程序或表單名稱，應完整維持指定譯名
台灣,Taiwan,strict_required,公司、主管機關、國家地區或資料庫正式名稱，應固定使用指定譯名
各單位主管,Supervisors of each division,lexical_required,一般職稱、角色或人員稱謂，可依上下文調整單複數與冠詞
各模組作業操作手冊,Module Operation Manuals,strict_required,正式文件、程序或表單名稱，應完整維持指定譯名
各部門二級主管,Managers of each division,lexical_required,一般職稱、角色或人員稱謂，可依上下文調整單複數與冠詞
各部門組織功能,Organization and function of each division,lexical_required,一般英文詞彙或專業用語，可接受合理的單複數、詞性、冠詞或大小寫變化
合格/不合格品,Qualified / Unqualified products,lexical_required,一般品質、法規或製程專業術語，可接受合理的單複數、詞性或語態變化
合格供應商,Potentially Qualified Supplier,lexical_required,一般職稱、角色或人員稱謂，可依上下文調整單複數與冠詞
合格供應商一覽表,Qualified supplier list,strict_required,正式文件、程序或表單名稱，應完整維持指定譯名
合格供應商考核管理,Performance management of qualified suppliers,lexical_required,一般動詞或作業用語，可依句型調整時態、語態或詞形
合格供應商評鑑表,Supplier survey form,strict_required,正式文件、程序或表單名稱，應完整維持指定譯名
合格供應商除名,Remove from qualified supplier list,lexical_required,一般品質、法規或製程專業術語，可接受合理的單複數、詞性或語態變化
合格品,conforming product,lexical_required,一般英文詞彙或專業用語，可接受合理的單複數、詞性、冠詞或大小寫變化
合格能力評核表,Qualification assessment form,strict_required,正式文件、程序或表單名稱，應完整維持指定譯名
合格講師列冊,List of qualified trainers,lexical_required,一般英文詞彙或專業用語，可接受合理的單複數、詞性、冠詞或大小寫變化
合格講師核定表,Qualified trainer approval form,strict_required,正式文件、程序或表單名稱，應完整維持指定譯名
合格講師清冊,List of qualified trainers,strict_required,正式文件、程序或表單名稱，應完整維持指定譯名
合理判斷,Reasonably suggests,lexical_required,一般英文詞彙或專業用語，可接受合理的單複數、詞性、冠詞或大小寫變化
合理可預見的誤用,reasonably foreseeable misuse,lexical_required,一般英文詞彙或專業用語，可接受合理的單複數、詞性、冠詞或大小寫變化
合約/訂單確認書,Contract / order confirmation form,strict_required,正式文件、程序或表單名稱，應完整維持指定譯名
合約管理,Contract management,lexical_required,一般動詞或作業用語，可依句型調整時態、語態或詞形
合金鑄件外觀檢查品質規範,Cosmetic inspection criteria for alloy casting,strict_required,正式文件、程序或表單名稱，應完整維持指定譯名
同型物料替換,Homo-type material substitute,lexical_required,一般英文詞彙或專業用語，可接受合理的單複數、詞性、冠詞或大小寫變化
向量,vector,lexical_required,一般英文詞彙或專業用語，可接受合理的單複數、詞性、冠詞或大小寫變化
呆廢料管理辦法,Idle stock management instruction,strict_required,正式文件、程序或表單名稱，應完整維持指定譯名
品保單位,Quality Assurance Division,strict_required,正式部門或組織單位名稱，應固定使用指定譯名
品保單位直接人員作業流程訓練後綜合評量表,QC direct personnel after operation process training comprehensive evaluation form,strict_required,正式文件、程序或表單名稱，應完整維持指定譯名
品保部,Quality Assurance Division,strict_required,正式部門或組織單位名稱，應固定使用指定譯名
品保部直接人員操作訓練作業辦法,QC direct personnel operation training work instruction,strict_required,正式文件、程序或表單名稱，應完整維持指定譯名
品牌整合溝通部,Brand & Communications Division,strict_required,正式部門或組織單位名稱，應固定使用指定譯名
品牌溝通組,Brand Communication,strict_required,正式部門或組織單位名稱，應固定使用指定譯名
品號明細表,Part numbers list,strict_required,正式文件、程序或表單名稱，應完整維持指定譯名
品質判定,Quality judgment,lexical_required,一般品質、法規或製程專業術語，可接受合理的單複數、詞性或語態變化
品質工程一組,Quality Engineering Section1,strict_required,正式部門或組織單位名稱，應固定使用指定譯名
品質工程二組,Quality Engineering Section2,strict_required,正式部門或組織單位名稱，應固定使用指定譯名
品質工程組,Quality Engineering Section,strict_required,正式部門或組織單位名稱，應固定使用指定譯名
品質手冊,Quality manual,strict_required,正式文件、程序或表單名稱，應完整維持指定譯名
品質水準,quality level,lexical_required,一般品質、法規或製程專業術語，可接受合理的單複數、詞性或語態變化
品質特性,Quality Characteristic,lexical_required,一般品質、法規或製程專業術語，可接受合理的單複數、詞性或語態變化
品質異常分析查檢表,Non-conformance analysis checklist,strict_required,正式文件、程序或表單名稱，應完整維持指定譯名
品質異常處理單(N.C.R),Non-conformance report form,strict_required,專有名詞、縮寫、代碼或型號，應精確維持指定寫法
品質異常處理小組,Non-conformance disposition team,strict_required,正式部門或組織單位名稱，應固定使用指定譯名
品質異常處理小組會議記錄單,Non-conformance disposition team meeting minutes,strict_required,正式文件、程序或表單名稱，應完整維持指定譯名
品質異常處理管制辦法,Non-conforming part control instruction,strict_required,正式文件、程序或表單名稱，應完整維持指定譯名
品質目標,Quality objective,lexical_required,一般品質、法規或製程專業術語，可接受合理的單複數、詞性或語態變化
品質目標之訂定,Set quality objectives,lexical_required,一般品質、法規或製程專業術語，可接受合理的單複數、詞性或語態變化
品質管制組,Quality Control Section,strict_required,正式部門或組織單位名稱，應固定使用指定譯名
品質管理代表,Quality management representative,strict_required,正式文件、程序或表單名稱，應完整維持指定譯名
品質管理代表的職責,The responsibility and authority of Quality Management Representative,lexical_required,一般品質、法規或製程專業術語，可接受合理的單複數、詞性或語態變化
品質管理審查會週期,The period of management review,lexical_required,一般品質、法規或製程專業術語，可接受合理的單複數、詞性或語態變化
品質管理工程表,Quality control plan form,strict_required,正式文件、程序或表單名稱，應完整維持指定譯名
品質管理工程表草稿,Draft quality control plan form,strict_required,正式文件、程序或表單名稱，應完整維持指定譯名
品質管理活動,Quality management activities,lexical_required,一般品質、法規或製程專業術語，可接受合理的單複數、詞性或語態變化
品質管理活動、環境管理活動和職業安全衛生管理活動,"Quality management activities, environmental management activities and occupational safety & health management activities",lexical_required,一般品質、法規或製程專業術語，可接受合理的單複數、詞性或語態變化
品質管理系統、環境管理系統和職業安全衛生管理系統文件,"Quality  management system documents, environmental management system documents and occupational safety & health management system documents",lexical_required,一般品質、法規或製程專業術語，可接受合理的單複數、詞性或語態變化
品質管理系統流程文件風險評估管制表,Procedure of quality management system risk evaluation control form,strict_required,正式文件、程序或表單名稱，應完整維持指定譯名
品質管理系統流程風險分析表,Quality management system process risk analysis form,strict_required,正式文件、程序或表單名稱，應完整維持指定譯名
品質系統內部稽核會議簽到表,Quality system internal audit meeting attendance sheet,strict_required,正式文件、程序或表單名稱，應完整維持指定譯名
品質系統持續改進作業辦法,Quality system continuously improvement work instruction,strict_required,正式文件、程序或表單名稱，應完整維持指定譯名
品質系統文件變更,Quality system documents change,lexical_required,一般品質、法規或製程專業術語，可接受合理的單複數、詞性或語態變化
品質系統稽核,Quality system audit,lexical_required,一般品質、法規或製程專業術語，可接受合理的單複數、詞性或語態變化
品質系統管理組,Quality System Management Section,strict_required,正式部門或組織單位名稱，應固定使用指定譯名
品質系統記錄,"Quality System Record, QSR",strict_required,專有名詞、縮寫、代碼或型號，應精確維持指定寫法
品質系統評估調查表,Quality system evaluate survey form,strict_required,正式文件、程序或表單名稱，應完整維持指定譯名
品質系統電腦軟體確效總表,Quality system computer software validation master list,strict_required,正式文件、程序或表單名稱，應完整維持指定譯名
品質系統風險評估管制辦法,Quality system risk evaluation control instruction,strict_required,正式文件、程序或表單名稱，應完整維持指定譯名
品質記錄,Quality records,lexical_required,一般品質、法規或製程專業術語，可接受合理的單複數、詞性或語態變化
品質記錄之保存年限,Years of retaining quality records,lexical_required,一般品質、法規或製程專業術語，可接受合理的單複數、詞性或語態變化
品質記錄管理程序,Quality record management procedure,strict_required,正式文件、程序或表單名稱，應完整維持指定譯名
問卷寄發,Distribute questionnaires,lexical_required,一般英文詞彙或專業用語，可接受合理的單複數、詞性、冠詞或大小寫變化
問卷收集,Collect questionnaires,lexical_required,一般英文詞彙或專業用語，可接受合理的單複數、詞性、冠詞或大小寫變化
問卷結果檢討,Review questionnaire results,lexical_required,一般英文詞彙或專業用語，可接受合理的單複數、詞性、冠詞或大小寫變化
問卷設計、製作,Design and make questionnaire,lexical_required,一般品質、法規或製程專業術語，可接受合理的單複數、詞性或語態變化
器材銷售量,Sales volume,lexical_required,一般英文詞彙或專業用語，可接受合理的單複數、詞性、冠詞或大小寫變化
器械,instrument,lexical_required,一般品質、法規或製程專業術語，可接受合理的單複數、詞性或語態變化
器械&塑膠清洗設備操作及保養辦法,Instrument & plastic cleaning equipment operate and maintain instruction,strict_required,正式文件、程序或表單名稱，應完整維持指定譯名
器械再處理手冊,reprocessing instructions for reusable surgical instruments,strict_required,正式文件、程序或表單名稱，應完整維持指定譯名
器械出貨UOJ檢驗記錄表,Instrument outgoing to UOJ inspection record form,strict_required,正式文件、程序或表單名稱，應完整維持指定譯名
器械半成品、委外及市購品圖面編碼與管理辦法,"Semi-finished instrument, outsourcing and commercial product drawings coding and management instruction",strict_required,正式文件、程序或表單名稱，應完整維持指定譯名
器械客退品處理作業辦法,Instrument product returned work instruction,strict_required,正式文件、程序或表單名稱，應完整維持指定譯名
器械拆裝手冊,instrument disassembly manual,strict_required,正式文件、程序或表單名稱，應完整維持指定譯名
器械清洗及鈍化製程規範,Cleaning and passivation process specification of instruments,strict_required,正式文件、程序或表單名稱，應完整維持指定譯名
器械產品,instrument products,lexical_required,一般品質、法規或製程專業術語，可接受合理的單複數、詞性或語態變化
器械產品之標籤,Instrument product label,lexical_required,一般品質、法規或製程專業術語，可接受合理的單複數、詞性或語態變化
器械產品包含,The instrument products include,reference_only,屬描述性片語、章節語句或提示文字，翻譯可依上下文改寫，不宜因未精確出現而判定失敗
器械產品包裝製程規範,Instrument product packaging process specification,strict_required,正式文件、程序或表單名稱，應完整維持指定譯名
器械產品的單一識別碼,UDI of instrument product,strict_required,專有名詞、縮寫、代碼或型號，應精確維持指定寫法
器械的包裝標籤,Instrument label on package,lexical_required,一般品質、法規或製程專業術語，可接受合理的單複數、詞性或語態變化
器械設計變更檢查表,Instrument design changes checklist,strict_required,正式文件、程序或表單名稱，應完整維持指定譯名
器械進料檢驗記錄表,Instrument in-coming inspection record form,strict_required,正式文件、程序或表單名稱，應完整維持指定譯名
器械開發單位,Instrument Development Division,strict_required,正式部門或組織單位名稱，應固定使用指定譯名
器械開發部,Instrument Development Division,strict_required,正式部門或組織單位名稱，應固定使用指定譯名
噴塗加工進料驗收查檢表,Spray coating part incoming inspection checklist,strict_required,正式文件、程序或表單名稱，應完整維持指定譯名
噴射,injection,lexical_required,一般英文詞彙或專業用語，可接受合理的單複數、詞性、冠詞或大小寫變化
嚴重不良事件,Serious adverse event (SAE),strict_required,專有名詞、縮寫、代碼或型號，應精確維持指定寫法
嚴重醫材不良事件,Serious adverse events,lexical_required,一般品質、法規或製程專業術語，可接受合理的單複數、詞性或語態變化
嚴重醫療器材不良反應,Serious adverse reaction of medical device,lexical_required,一般品質、法規或製程專業術語，可接受合理的單複數、詞性或語態變化
嚴重風險,Serious risk,lexical_required,一般品質、法規或製程專業術語，可接受合理的單複數、詞性或語態變化
回溯性流程確效,Retrospective validation,lexical_required,一般動詞或作業用語，可依句型調整時態、語態或詞形
回溯性確效,Retrospective validation,lexical_required,一般動詞或作業用語，可依句型調整時態、語態或詞形
固定式起重機(日)點檢表,Fixed hoist (daily) check record form,strict_required,正式文件、程序或表單名稱，應完整維持指定譯名
固定式起重機(月)點檢表,Fixed hoist (month) check record form,strict_required,正式文件、程序或表單名稱，應完整維持指定譯名
國內/國際營業單位、市場行銷單位,"Domestic / International Sales Division, Marketing Division",strict_required,正式部門或組織單位名稱，應固定使用指定譯名
國內客戶服務組,Domestic Customer Service Section,strict_required,正式部門或組織單位名稱，應固定使用指定譯名
國內業務部,Domestic Sales Division,strict_required,正式部門或組織單位名稱，應固定使用指定譯名
國內營業單位/國際營業單位,Domestic /International Sales Division,strict_required,正式部門或組織單位名稱，應固定使用指定譯名
國外上市許可持有商通報,"Report for foreign marketing authorization holder, MAH",strict_required,專有名詞、縮寫、代碼或型號，應精確維持指定寫法
國際客戶,International customers,lexical_required,一般職稱、角色或人員稱謂，可依上下文調整單複數與冠詞
國際客戶服務組,International Customer Service Section,strict_required,正式部門或組織單位名稱，應固定使用指定譯名
國際營業部,International Sales Division,strict_required,正式部門或組織單位名稱，應固定使用指定譯名
國際訂單作業流程作業辦法,Order operation process and management work instruction,strict_required,正式文件、程序或表單名稱，應完整維持指定譯名
圓盤式泡殼包裝機操作及保養辦法,Tyvek sealing packaging machine operate and maintain instruction,strict_required,正式文件、程序或表單名稱，應完整維持指定譯名
圓餅圖,Pie chart,lexical_required,一般英文詞彙或專業用語，可接受合理的單複數、詞性、冠詞或大小寫變化
圖面及規範,Drawings and specifications,strict_required,正式文件、程序或表單名稱，應完整維持指定譯名
圖面文件,ECN/MCN,strict_required,專有名詞、縮寫、代碼或型號，應精確維持指定寫法
團體使用檢測儀器,Measuring devices used by groups,lexical_required,一般品質、法規或製程專業術語，可接受合理的單複數、詞性或語態變化
在製品委外前檢驗查檢表,In-process products before outsourcing checklist,strict_required,正式文件、程序或表單名稱，應完整維持指定譯名
在製品搬運辦法,Work in progress handling work instruction,strict_required,正式文件、程序或表單名稱，應完整維持指定譯名
均溫,temperature uniformity,lexical_required,一般英文詞彙或專業用語，可接受合理的單複數、詞性、冠詞或大小寫變化
均溫性,Temperature uniformity,lexical_required,一般英文詞彙或專業用語，可接受合理的單複數、詞性、冠詞或大小寫變化
均溫性測試用感測器,Temperature Uniformity Sensor,lexical_required,一般英文詞彙或專業用語，可接受合理的單複數、詞性、冠詞或大小寫變化
均溫性符合要求,uniformity compliant,lexical_required,一般英文詞彙或專業用語，可接受合理的單複數、詞性、冠詞或大小寫變化
執行,Implement,lexical_required,一般動詞或作業用語，可依句型調整時態、語態或詞形
執行/管控,Implement/Control,lexical_required,一般動詞或作業用語，可依句型調整時態、語態或詞形
培養基,culture medium,lexical_required,一般英文詞彙或專業用語，可接受合理的單複數、詞性、冠詞或大小寫變化
培養基條,contact plate,lexical_required,一般英文詞彙或專業用語，可接受合理的單複數、詞性、冠詞或大小寫變化
基本UDI-DI(Basic UDI-DI),Basic UDI-DI,strict_required,專有名詞、縮寫、代碼或型號，應精確維持指定寫法
基本資料評估調查表,Basic information evaluate survey form,strict_required,正式文件、程序或表單名稱，應完整維持指定譯名
報價作業,Quotation operation,lexical_required,一般英文詞彙或專業用語，可接受合理的單複數、詞性、冠詞或大小寫變化
報價單,Quotation form,strict_required,正式文件、程序或表單名稱，應完整維持指定譯名
報價確認,Quotation confirmation,lexical_required,一般動詞或作業用語，可依句型調整時態、語態或詞形
報價管制,Quotation management,lexical_required,一般動詞或作業用語，可依句型調整時態、語態或詞形
報廢,Scrap,lexical_required,一般動詞或作業用語，可依句型調整時態、語態或詞形
報廢率,Scrap rate,lexical_required,一般英文詞彙或專業用語，可接受合理的單複數、詞性、冠詞或大小寫變化
報廢處理,Scrap process,lexical_required,一般動詞或作業用語，可依句型調整時態、語態或詞形
塑膠低溫熱處理製程規範,Plastic low temperature heat treatment process specification,strict_required,正式文件、程序或表單名稱，應完整維持指定譯名
塑膠植入物外觀判定品質規範,Cosmetic inspection criteria for plastic products,strict_required,正式文件、程序或表單名稱，應完整維持指定譯名
塑膠產品低溫熱處理製程記錄表,Plastic products heat treatment record form,strict_required,正式文件、程序或表單名稱，應完整維持指定譯名
塑膠類產品清洗製程規範,Cleaning process specification of plastic products,strict_required,正式文件、程序或表單名稱，應完整維持指定譯名
塗層微結構分析測試規範,Testing criteria for coating microstructure analysis,strict_required,正式文件、程序或表單名稱，應完整維持指定譯名
塗層微結構檢驗記錄表,Report of Coating Microstructure,strict_required,正式文件、程序或表單名稱，應完整維持指定譯名
塗層試片膠合作業辦法,Coating test piece gluing work instruction,strict_required,正式文件、程序或表單名稱，應完整維持指定譯名
塗裝用黏結膠處理與黏度測試製程規範,Processing and viscosity test process specification of adhesive glue,strict_required,正式文件、程序或表單名稱，應完整維持指定譯名
壓力容器定期檢點表,Pressure vessel regular check record form,strict_required,正式文件、程序或表單名稱，應完整維持指定譯名
壽命,Lifetime,lexical_required,一般英文詞彙或專業用語，可接受合理的單複數、詞性、冠詞或大小寫變化
外來文件,External documents,lexical_required,一般品質、法規或製程專業術語，可接受合理的單複數、詞性或語態變化
外來文件管理,External Document Control,lexical_required,一般動詞或作業用語，可依句型調整時態、語態或詞形
外國代理人,Foreign agent,lexical_required,一般英文詞彙或專業用語，可接受合理的單複數、詞性、冠詞或大小寫變化
外徑分厘卡校正作業辦法,Outside Micrometer calibrate instruction,strict_required,正式文件、程序或表單名稱，應完整維持指定譯名
外校,Outsourcing calibration,lexical_required,一般英文詞彙或專業用語，可接受合理的單複數、詞性、冠詞或大小寫變化
外校儀器合格判定作業辦法,Outsourcing calibrated devices acceptance work instruction,strict_required,正式文件、程序或表單名稱，應完整維持指定譯名
外校儀器驗收,Check and acceptance for outsourcing calibrated devices,lexical_required,一般品質、法規或製程專業術語，可接受合理的單複數、詞性或語態變化
外觀,appearance,lexical_required,一般英文詞彙或專業用語，可接受合理的單複數、詞性、冠詞或大小寫變化
外訓申請表,External training application form,strict_required,正式文件、程序或表單名稱，應完整維持指定譯名
外購商品編碼作業辦法,Procurement product coding work instruction,strict_required,正式文件、程序或表單名稱，應完整維持指定譯名
外部來源通報資料,Reporting from external sources,lexical_required,一般英文詞彙或專業用語，可接受合理的單複數、詞性、冠詞或大小寫變化
外部協力廠商維護管理,Outsourced Maintenance Management,lexical_required,一般動詞或作業用語，可依句型調整時態、語態或詞形
外部品質稽核作業辦法,External audit instruction,strict_required,正式文件、程序或表單名稱，應完整維持指定譯名
外部專家,External expert,lexical_required,一般英文詞彙或專業用語，可接受合理的單複數、詞性、冠詞或大小寫變化
外部製程挑戰產品,EPCD,strict_required,專有名詞、縮寫、代碼或型號，應精確維持指定寫法
外部訓練,External training,lexical_required,一般英文詞彙或專業用語，可接受合理的單複數、詞性、冠詞或大小寫變化
外銷訂價表,Export pricing form,strict_required,正式文件、程序或表單名稱，應完整維持指定譯名
多中心研究計畫或臨床試驗計畫,Multi-institution research project or clinical trial project,lexical_required,一般品質、法規或製程專業術語，可接受合理的單複數、詞性或語態變化
大氣熱處理爐工件擺放位置標示作業辦法,Position arrange in air circulation furnace work instruction,strict_required,正式文件、程序或表單名稱，應完整維持指定譯名
大氣爐,oven,lexical_required,一般英文詞彙或專業用語，可接受合理的單複數、詞性、冠詞或大小寫變化
大氣爐均溫管制記錄表,Oven temperature uniformity control record form,strict_required,正式文件、程序或表單名稱，應完整維持指定譯名
大氣爐均溫量測作業辦法,Air circulation furnace temperature uniformity measurement work instruction,strict_required,正式文件、程序或表單名稱，應完整維持指定譯名
大氣電漿噴塗生產記錄表,Atmospheric plasma spraying production record form,strict_required,正式文件、程序或表單名稱，應完整維持指定譯名
大氣電漿噴塗系統操作及保養辦法,Atmospheric plasma spraying system operate and maintain instruction,strict_required,正式文件、程序或表單名稱，應完整維持指定譯名
失效,Failure,lexical_required,一般英文詞彙或專業用語，可接受合理的單複數、詞性、冠詞或大小寫變化
套裝軟體,Software package,lexical_required,一般品質、法規或製程專業術語，可接受合理的單複數、詞性或語態變化
套裝軟體授權管理,Software package authority management,lexical_required,一般動詞或作業用語，可依句型調整時態、語態或詞形
委外作業內容,Outsourcing,lexical_required,一般英文詞彙或專業用語，可接受合理的單複數、詞性、冠詞或大小寫變化
委外加工或採購件之特採申請,Concession application for outsourced manufacturing or purchased parts,lexical_required,一般動詞或作業用語，可依句型調整時態、語態或詞形
委外塑膠直接模壓成型製程確效作業辦法,Outsourcing plastic Direct Compression Moulding process validation work instruction,strict_required,正式文件、程序或表單名稱，應完整維持指定譯名
委外採購作業說明,Description of vend out purchasing,strict_required,正式文件、程序或表單名稱，應完整維持指定譯名
委外收料單,Outsourced material reception form,strict_required,正式文件、程序或表單名稱，應完整維持指定譯名
委外模具驗收,Check and acceptance of vend out molds,lexical_required,一般英文詞彙或專業用語，可接受合理的單複數、詞性、冠詞或大小寫變化
委外請、採購,Vend out acquisition and purchasing,lexical_required,一般動詞或作業用語，可依句型調整時態、語態或詞形
子公司,Subsidiaries,lexical_required,一般英文詞彙或專業用語，可接受合理的單複數、詞性、冠詞或大小寫變化
子公司及關聯企業採購訂單流程作業辦法,Purchase order process instruction of the subsidiary companies and affiliates work instruction,strict_required,正式文件、程序或表單名稱，應完整維持指定譯名
學習評估表,Post-training evaluated form,strict_required,正式文件、程序或表單名稱，應完整維持指定譯名
安全性和有效性,Safety and Effectiveness,lexical_required,一般品質、法規或製程專業術語，可接受合理的單複數、詞性或語態變化
安全性與臨床效能摘要,"Summary of Safety and Clinical Performance, SSCP",strict_required,正式文件、程序或表單名稱，應完整維持指定譯名
安全性與臨床效能摘要作業辦法,Summary of safety and clinical performance work instruction,strict_required,正式文件、程序或表單名稱，應完整維持指定譯名
安全性資訊,Information for Safety,lexical_required,一般品質、法規或製程專業術語，可接受合理的單複數、詞性或語態變化
安裝驗證,"Installation qualification, IQ",strict_required,專有名詞、縮寫、代碼或型號，應精確維持指定寫法
安裝驗證 IQ,Installation qualification,strict_required,專有名詞、縮寫、代碼或型號，應精確維持指定寫法
安裝驗證(IQ)計畫與報告書,Installation qualification protocol and report,strict_required,正式文件、程序或表單名稱，應完整維持指定譯名
安裝驗證IQ,Installation Qualification,strict_required,專有名詞、縮寫、代碼或型號，應精確維持指定寫法
安規綜合分析儀保養點檢記錄表,Pre-use Inspection checklist for safety compliance analyzer,strict_required,正式文件、程序或表單名稱，應完整維持指定譯名
安規綜合分析儀暨操作、校正與保養作業辦法,"Safety compliance analyzer operate,calibrate and maintain instruction",strict_required,正式文件、程序或表單名稱，應完整維持指定譯名
完工入庫單,Finished goods stock in form,strict_required,正式文件、程序或表單名稱，應完整維持指定譯名
完成品之特採申請,Concession application for finished products,lexical_required,一般動詞或作業用語，可依句型調整時態、語態或詞形
完成製程流程管制記錄,Manufacturing process control record form,strict_required,正式文件、程序或表單名稱，應完整維持指定譯名
宏觀檢驗,macroscopic inspection,lexical_required,一般動詞或作業用語，可依句型調整時態、語態或詞形
官方稽核,Official audit,lexical_required,一般品質、法規或製程專業術語，可接受合理的單複數、詞性或語態變化
定期安全性更新報告,"Periodic safety update report, PSUR",strict_required,正式文件、程序或表單名稱，應完整維持指定譯名
定期安全性更新報告書,Periodic safety update report,strict_required,正式文件、程序或表單名稱，應完整維持指定譯名
定期審核管理系統文件,The periodicity to review the management system documents,lexical_required,一般品質、法規或製程專業術語，可接受合理的單複數、詞性或語態變化
定期測試查證與製程再確效,Periodical verification test and process re-validation,lexical_required,一般動詞或作業用語，可依句型調整時態、語態或詞形
定期測試驗證記錄表,Periodic verification testing record form,strict_required,正式文件、程序或表單名稱，應完整維持指定譯名
定期盤點,Periodical counting,lexical_required,一般英文詞彙或專業用語，可接受合理的單複數、詞性、冠詞或大小寫變化
定期確效監控,periodic validation monitoring,lexical_required,一般品質、法規或製程專業術語，可接受合理的單複數、詞性或語態變化
定期確效計劃表,Periodical validation plan form,strict_required,正式文件、程序或表單名稱，應完整維持指定譯名
定期稽核,Periodical audit,lexical_required,一般品質、法規或製程專業術語，可接受合理的單複數、詞性或語態變化
定義,Definition,strict_required,屬描述性片語、章節語句或提示文字，翻譯可依上下文改寫，不宜因未精確出現而判定失敗
客供品,Customer property,lexical_required,一般英文詞彙或專業用語，可接受合理的單複數、詞性、冠詞或大小寫變化
客供品管理程序,Customer property management procedure,strict_required,正式文件、程序或表單名稱，應完整維持指定譯名
客供檢測儀器,Customer measurement devices,lexical_required,一般品質、法規或製程專業術語，可接受合理的單複數、詞性或語態變化
客戶,Customer,lexical_required,一般職稱、角色或人員稱謂，可依上下文調整單複數與冠詞
客戶下單,Customer order,strict_required,正式文件、程序或表單名稱，應完整維持指定譯名
客戶下單／受理審核,Customer ordering / review,lexical_required,一般動詞或作業用語，可依句型調整時態、語態或詞形
客戶供應儀器之校正管理,Calibration management for the customer’s devices,lexical_required,一般動詞或作業用語，可依句型調整時態、語態或詞形
客戶建議受理單,Customers suggestion reception form,strict_required,正式文件、程序或表單名稱，應完整維持指定譯名
客戶抱怨,Customer complaints,lexical_required,一般英文詞彙或專業用語，可接受合理的單複數、詞性、冠詞或大小寫變化
客戶服務單位,Customer Service Division,strict_required,正式部門或組織單位名稱，應固定使用指定譯名
客戶服務或營業單位,Customer Service Division or Sales Department,strict_required,正式部門或組織單位名稱，應固定使用指定譯名
客戶服務管理,Customer Service Management,lexical_required,一般動詞或作業用語，可依句型調整時態、語態或詞形
客戶服務管理程序,Customer service management procedure,strict_required,正式文件、程序或表單名稱，應完整維持指定譯名
客戶服務部,Customer Service Division,strict_required,正式部門或組織單位名稱，應固定使用指定譯名
客戶滿意度,Customer satisfaction,lexical_required,一般英文詞彙或專業用語，可接受合理的單複數、詞性、冠詞或大小寫變化
客戶滿意度調查結果與分析表,Results and analysis of customer satisfaction survey,strict_required,正式文件、程序或表單名稱，應完整維持指定譯名
客戶要求變更,Customer demand change,lexical_required,一般英文詞彙或專業用語，可接受合理的單複數、詞性、冠詞或大小寫變化
客戶訂製品作業辦法,Custom-made products work instruction,strict_required,正式文件、程序或表單名稱，應完整維持指定譯名
客戶訂製品確認單,Custom-made products confirmation form,strict_required,正式文件、程序或表單名稱，應完整維持指定譯名
客戶訂製品處理單,Custom-made products processed form,strict_required,正式文件、程序或表單名稱，應完整維持指定譯名
客戶訂製單,Custom-made order form,strict_required,正式文件、程序或表單名稱，應完整維持指定譯名
客戶訴怨,Customer complaint,lexical_required,一般英文詞彙或專業用語，可接受合理的單複數、詞性、冠詞或大小寫變化
客戶訴怨之受理,Customer complaints reception,lexical_required,一般英文詞彙或專業用語，可接受合理的單複數、詞性、冠詞或大小寫變化
客戶訴怨回覆單,Customer complaints reply form,strict_required,正式文件、程序或表單名稱，應完整維持指定譯名
客戶訴怨查檢表,Customer complaints checklist,strict_required,正式文件、程序或表單名稱，應完整維持指定譯名
客戶訴怨處理,Dispose customer complaints,lexical_required,一般動詞或作業用語，可依句型調整時態、語態或詞形
客戶訴怨處理作業程序,Customer complaint management procedure,strict_required,正式文件、程序或表單名稱，應完整維持指定譯名
客戶訴怨處理單,Customer complaint disposition form,strict_required,正式文件、程序或表單名稱，應完整維持指定譯名
客戶訴怨記錄,customer complaints records,lexical_required,一般英文詞彙或專業用語，可接受合理的單複數、詞性、冠詞或大小寫變化
客戶變更需求處理單,Customer change disposition form,strict_required,正式文件、程序或表單名稱，應完整維持指定譯名
客戶退回產品,Customer returned products,lexical_required,一般英文詞彙或專業用語，可接受合理的單複數、詞性、冠詞或大小寫變化
客戶銷貨單,Customer sales form,strict_required,正式文件、程序或表單名稱，應完整維持指定譯名
客服單位,Customer Service Division,strict_required,正式部門或組織單位名稱，應固定使用指定譯名
客源屬性,Customer property,lexical_required,一般英文詞彙或專業用語，可接受合理的單複數、詞性、冠詞或大小寫變化
客製組,Custom-made Section,strict_required,正式部門或組織單位名稱，應固定使用指定譯名
客訴分類,Complaint leveling,lexical_required,一般英文詞彙或專業用語，可接受合理的單複數、詞性、冠詞或大小寫變化
客訴異常品管理辦法,Non-conformity product of customer complaint management instruction,strict_required,正式文件、程序或表單名稱，應完整維持指定譯名
客退品,Returned products,lexical_required,一般英文詞彙或專業用語，可接受合理的單複數、詞性、冠詞或大小寫變化
客退品明細及原因記錄單,Customer return products record form,strict_required,正式文件、程序或表單名稱，應完整維持指定譯名
客退品管制程序,Product returned control procedure,strict_required,正式文件、程序或表單名稱，應完整維持指定譯名
察覺,become aware,lexical_required,一般英文詞彙或專業用語，可接受合理的單複數、詞性、冠詞或大小寫變化
實地審查,On-site audit,lexical_required,一般動詞或作業用語，可依句型調整時態、語態或詞形
實地監測,On-site monitoring,lexical_required,一般動詞或作業用語，可依句型調整時態、語態或詞形
實質性變更,substantial change,lexical_required,一般英文詞彙或專業用語，可接受合理的單複數、詞性、冠詞或大小寫變化
實質變更,Substantial change,lexical_required,一般英文詞彙或專業用語，可接受合理的單複數、詞性、冠詞或大小寫變化
實質變更之管制,Substantial changes control,lexical_required,一般動詞或作業用語，可依句型調整時態、語態或詞形
實質變更與重大變更,Substantial changes & Significant changes,lexical_required,一般英文詞彙或專業用語，可接受合理的單複數、詞性、冠詞或大小寫變化
實際表面,Real surface,lexical_required,一般英文詞彙或專業用語，可接受合理的單複數、詞性、冠詞或大小寫變化
實驗室,Laboratory,lexical_required,一般英文詞彙或專業用語，可接受合理的單複數、詞性、冠詞或大小寫變化
實體課程,Physical course,lexical_required,一般英文詞彙或專業用語，可接受合理的單複數、詞性、冠詞或大小寫變化
審查,Review,lexical_required,一般動詞或作業用語，可依句型調整時態、語態或詞形
審查輸入,Review input,lexical_required,一般英文詞彙或專業用語，可接受合理的單複數、詞性、冠詞或大小寫變化
審查輸出,Review output,lexical_required,一般英文詞彙或專業用語，可接受合理的單複數、詞性、冠詞或大小寫變化
審核,Approve,lexical_required,一般動詞或作業用語，可依句型調整時態、語態或詞形
射模頭機操作及保養辦法,Injection die head machine operate and maintain instruction,strict_required,正式文件、程序或表單名稱，應完整維持指定譯名
射線檢測記錄表,X-Ray inspection report,strict_required,正式文件、程序或表單名稱，應完整維持指定譯名
射蠟機操作及保養辦法(單缸及雙缸),Wax injection machine operate and maintain instruction,strict_required,正式文件、程序或表單名稱，應完整維持指定譯名
專案作業管制程序,Product realization procedure,strict_required,正式文件、程序或表單名稱，應完整維持指定譯名
專案管理組,Project Management Section,strict_required,正式部門或組織單位名稱，應固定使用指定譯名
專案結案報告書,Project closing report,strict_required,正式文件、程序或表單名稱，應完整維持指定譯名
專案經理,Project manager,lexical_required,一般職稱、角色或人員稱謂，可依上下文調整單複數與冠詞
專案計劃書,Project plan form,strict_required,正式文件、程序或表單名稱，應完整維持指定譯名
專案計畫審查,Project review,lexical_required,一般動詞或作業用語，可依句型調整時態、語態或詞形
專案計畫編碼,Project code,lexical_required,一般英文詞彙或專業用語，可接受合理的單複數、詞性、冠詞或大小寫變化
專案計畫編碼原則：例,Principle of project coding: e.g.,reference_only,屬描述性片語、章節語句或提示文字，翻譯可依上下文改寫，不宜因未精確出現而判定失敗
專案計畫負責人,Project Leader,lexical_required,一般英文詞彙或專業用語，可接受合理的單複數、詞性、冠詞或大小寫變化
專案計畫類別與編碼管制,Management of project types and codes,lexical_required,一般動詞或作業用語，可依句型調整時態、語態或詞形
專案進度管制,Project schedule control,lexical_required,一般動詞或作業用語，可依句型調整時態、語態或詞形
專業職能導入訓練,Professional functions training,lexical_required,一般英文詞彙或專業用語，可接受合理的單複數、詞性、冠詞或大小寫變化
專業職能導入訓練暨審定記錄表,Professional functions training and approval record form,strict_required,正式文件、程序或表單名稱，應完整維持指定譯名
專業職能導入訓練辦理,Professional training,lexical_required,一般英文詞彙或專業用語，可接受合理的單複數、詞性、冠詞或大小寫變化
導致或促使,Caused or contributed,lexical_required,一般英文詞彙或專業用語，可接受合理的單複數、詞性、冠詞或大小寫變化
導量產,Pilot-run,lexical_required,一般英文詞彙或專業用語，可接受合理的單複數、詞性、冠詞或大小寫變化
導量產品質檢驗移轉教育訓練記錄表,Quality inspection transfer of pilot run production training record form,strict_required,正式文件、程序或表單名稱，應完整維持指定譯名
導量產階段,pilot production period,lexical_required,一般英文詞彙或專業用語，可接受合理的單複數、詞性、冠詞或大小寫變化
屬第二類生產性原物料,Type-II productive raw material,lexical_required,一般品質、法規或製程專業術語，可接受合理的單複數、詞性或語態變化
巡檢/製程檢驗記錄表,In-process inspection record form,strict_required,正式文件、程序或表單名稱，應完整維持指定譯名
工、治具交接一覽表,Jigs and fixtures transition list,strict_required,正式文件、程序或表單名稱，應完整維持指定譯名
工作區域容積,Workspace Volume,lexical_required,一般英文詞彙或專業用語，可接受合理的單複數、詞性、冠詞或大小寫變化
工作區域尺寸,Work zone Size,lexical_required,一般英文詞彙或專業用語，可接受合理的單複數、詞性、冠詞或大小寫變化
工作支援單作業辦法,Task supporting work instruction,strict_required,正式文件、程序或表單名稱，應完整維持指定譯名
工作支援單發行,Release task supports application form,lexical_required,一般英文詞彙或專業用語，可接受合理的單複數、詞性、冠詞或大小寫變化
工作支援申請單,Task supports application form,strict_required,正式文件、程序或表單名稱，應完整維持指定譯名
工作角色彙整表,Job role compilation table,strict_required,正式文件、程序或表單名稱，應完整維持指定譯名
工作角色異動表,Job role add and change form,strict_required,正式文件、程序或表單名稱，應完整維持指定譯名
工作記錄表,operation record form,strict_required,正式文件、程序或表單名稱，應完整維持指定譯名
工單,Work order,strict_required,正式文件、程序或表單名稱，應完整維持指定譯名
工單發料單,Material released for work order form,strict_required,正式文件、程序或表單名稱，應完整維持指定譯名
工單編碼原則,Work order coding principles,lexical_required,一般英文詞彙或專業用語，可接受合理的單複數、詞性、冠詞或大小寫變化
工單退料單,Material returned for work order form,strict_required,正式文件、程序或表單名稱，應完整維持指定譯名
工安單位,Laborer Safety and Health Division,strict_required,正式部門或組織單位名稱，應固定使用指定譯名
工安組,Laborer Safety and Health Section,strict_required,正式部門或組織單位名稱，應固定使用指定譯名
工安部,Laborer Safety and Health Division,strict_required,正式部門或組織單位名稱，應固定使用指定譯名
工程單位,Engineering Division,strict_required,正式部門或組織單位名稱，應固定使用指定譯名
工程組,Engineering Section,strict_required,正式部門或組織單位名稱，應固定使用指定譯名
工程能力評估調查表,Engineering evaluate survey form,strict_required,正式文件、程序或表單名稱，應完整維持指定譯名
工程設計相關電腦檔案儲存辦法,Product drawing electrical file storage work instruction,strict_required,正式文件、程序或表單名稱，應完整維持指定譯名
已上市產品,post-market product,lexical_required,一般英文詞彙或專業用語，可接受合理的單複數、詞性、冠詞或大小寫變化
巴西,Brazil,strict_required,公司、主管機關、國家地區或資料庫正式名稱，應固定使用指定譯名
巴西醫療器械延續註冊申請,Registration renewal of ANVISA approved medical device certificate,strict_required,專有名詞、縮寫、代碼或型號，應精確維持指定寫法
市場收回,Market withdrawal,lexical_required,一般英文詞彙或專業用語，可接受合理的單複數、詞性、冠詞或大小寫變化
市場產品窗口,Point of Product Contact,lexical_required,一般英文詞彙或專業用語，可接受合理的單複數、詞性、冠詞或大小寫變化
市場組,Product Marketing Team,strict_required,正式部門或組織單位名稱，應固定使用指定譯名
市場行銷部,Marketing Division,strict_required,正式部門或組織單位名稱，應固定使用指定譯名
平面設計組,Graphic Design,strict_required,正式部門或組織單位名稱，應固定使用指定譯名
年度不定期內部品質稽核計劃表,Annual nonscheduled internal quality audit plan,strict_required,正式文件、程序或表單名稱，應完整維持指定譯名
年度內部品質稽核計劃表,Annual internal quality audit plan form,strict_required,正式文件、程序或表單名稱，應完整維持指定譯名
年度品質管理系統內部稽核專案,Annual quality management system internal audit program,lexical_required,一般品質、法規或製程專業術語，可接受合理的單複數、詞性或語態變化
年度品質系統合格稽核員一覽表,Annual quality system qualified auditor list,strict_required,正式文件、程序或表單名稱，應完整維持指定譯名
年度教育訓練計劃,Annual educational training plans,lexical_required,一般英文詞彙或專業用語，可接受合理的單複數、詞性、冠詞或大小寫變化
年度教育訓練計劃表,Annual training plan form,strict_required,正式文件、程序或表單名稱，應完整維持指定譯名
年度機器設備保養計劃表,Annual equipment maintenance plan,strict_required,正式文件、程序或表單名稱，應完整維持指定譯名
年度生產計劃,Annual production plan,lexical_required,一般品質、法規或製程專業術語，可接受合理的單複數、詞性或語態變化
年度稽核專案擬定,Draft annual audit program,lexical_required,一般品質、法規或製程專業術語，可接受合理的單複數、詞性或語態變化
年度製程稽核時程表,Annual In-process audit schedule,strict_required,正式文件、程序或表單名稱，應完整維持指定譯名
年度訓練總成果分析,Overall achievement analysis of annual trainings,lexical_required,一般英文詞彙或專業用語，可接受合理的單複數、詞性、冠詞或大小寫變化
年度訓練計劃,Annual training plan,lexical_required,一般英文詞彙或專業用語，可接受合理的單複數、詞性、冠詞或大小寫變化
庫存回收,Stock recovery,lexical_required,一般英文詞彙或專業用語，可接受合理的單複數、詞性、冠詞或大小寫變化
庫存雜項收料單,Miscellaneous of inventory receipt form,strict_required,正式文件、程序或表單名稱，應完整維持指定譯名
庫存雜項發料單,Miscellaneous of inventory released form,strict_required,正式文件、程序或表單名稱，應完整維持指定譯名
庫存雜項發料單(高雄廠自製固資工模具專用),Inventory miscellaneous material release form (permanent assets mold usage of Kaohsiung factory),strict_required,廠區或營運據點名稱，應固定使用指定譯名
廁所清潔檢查記錄表,Toilet cleaning check record form,strict_required,正式文件、程序或表單名稱，應完整維持指定譯名
廠內自製,Manufacturing in the factory,lexical_required,一般英文詞彙或專業用語，可接受合理的單複數、詞性、冠詞或大小寫變化
廠內製程加工件之特採申請,Concession application for in-process parts,lexical_required,一般動詞或作業用語，可依句型調整時態、語態或詞形
廠務單位,Factory Service Division,strict_required,正式部門或組織單位名稱，應固定使用指定譯名
廠務組,Factory Affairs Section,strict_required,正式部門或組織單位名稱，應固定使用指定譯名
廠商交貨檢附資料,Inspection data attached with the manufacturer’s delivery,lexical_required,一般英文詞彙或專業用語，可接受合理的單複數、詞性、冠詞或大小寫變化
廠房環境與衛生設施之管制,Control of factory environment and health facilities,lexical_required,一般動詞或作業用語，可依句型調整時態、語態或詞形
廠牌/主要規格,Brand / major specification,lexical_required,一般英文詞彙或專業用語，可接受合理的單複數、詞性、冠詞或大小寫變化
廠長,Factory director,lexical_required,一般職稱、角色或人員稱謂，可依上下文調整單複數與冠詞
建檔管制,Document filing control,lexical_required,一般動詞或作業用語，可依句型調整時態、語態或詞形
建議事項,Suggestion,lexical_required,一般英文詞彙或專業用語，可接受合理的單複數、詞性、冠詞或大小寫變化
建議性通告,Advisory notice,lexical_required,一般英文詞彙或專業用語，可接受合理的單複數、詞性、冠詞或大小寫變化
形成性評估,formative evaluation,lexical_required,一般動詞或作業用語，可依句型調整時態、語態或詞形
後製程技術組,Post-processing Technique Section,strict_required,正式部門或組織單位名稱，應固定使用指定譯名
循環測試,cycle test,lexical_required,一般動詞或作業用語，可依句型調整時態、語態或詞形
微生物性能驗證,"Microbiological performance qualification, MPQ",strict_required,專有名詞、縮寫、代碼或型號，應精確維持指定寫法
微粒落塵,particulate,lexical_required,一般英文詞彙或專業用語，可接受合理的單複數、詞性、冠詞或大小寫變化
微結構分析,microstructure analysis,lexical_required,一般英文詞彙或專業用語，可接受合理的單複數、詞性、冠詞或大小寫變化
微觀檢驗,microscopic inspection,lexical_required,一般動詞或作業用語，可依句型調整時態、語態或詞形
微電腦自動封口機操作及保養辦法,Microcomputer automatic sealing machine operate and maintain instruction,strict_required,正式文件、程序或表單名稱，應完整維持指定譯名
性能驗證,"Performance qualification, PQ",strict_required,專有名詞、縮寫、代碼或型號，應精確維持指定寫法
性能驗證 PQ,Performance qualification,strict_required,專有名詞、縮寫、代碼或型號，應精確維持指定寫法
性能驗證(PQ)計畫與報告書,Performance qualification protocol and report,strict_required,正式文件、程序或表單名稱，應完整維持指定譯名
恆濕恆溫機保養(點檢)記錄表,Humidostat and thermostat equipment maintenance daily checklist,strict_required,正式文件、程序或表單名稱，應完整維持指定譯名
慢速切割機操作及保養辦法,Low Speed Cutting Machine operate and maintain instruction,strict_required,正式文件、程序或表單名稱，應完整維持指定譯名
慢速切割機日常查核記錄表,Daily Inspection Checklist for Low Speed Cutting Machine,strict_required,正式文件、程序或表單名稱，應完整維持指定譯名
應用系統,Application,lexical_required,一般品質、法規或製程專業術語，可接受合理的單複數、詞性或語態變化
應用系統組,Application System Section,strict_required,正式部門或組織單位名稱，應固定使用指定譯名
應通報事件,Reportable event,lexical_required,一般英文詞彙或專業用語，可接受合理的單複數、詞性、冠詞或大小寫變化
成品效期管控表,Finished products expired date control form,strict_required,正式文件、程序或表單名稱，應完整維持指定譯名
成效評估,Effectiveness evaluation,lexical_required,一般動詞或作業用語，可依句型調整時態、語態或詞形
成本組,Cost Section,strict_required,正式部門或組織單位名稱，應固定使用指定譯名
手術入路,surgical approach,lexical_required,一般英文詞彙或專業用語，可接受合理的單複數、詞性、冠詞或大小寫變化
手術器械功能確認檢查表,Surgical instruments functional checklist,strict_required,正式文件、程序或表單名稱，應完整維持指定譯名
手術器械單一識別碼直接刻印作業辦法,Instrument UDI direct part mark work instruction,strict_required,正式文件、程序或表單名稱，應完整維持指定譯名
手術器械實配檢查表,Surgical instruments assembly checklist,strict_required,正式文件、程序或表單名稱，應完整維持指定譯名
手術器械實配檢查表(Japan),Surgical instruments assembly checklist(Japan),strict_required,正式文件、程序或表單名稱，應完整維持指定譯名
手術器械生物學評估表,Instrument biological evaluation form,strict_required,正式文件、程序或表單名稱，應完整維持指定譯名
手術器械產品,Surgical Instruments,lexical_required,一般品質、法規或製程專業術語，可接受合理的單複數、詞性或語態變化
手術器械設計歷史記錄表,Instrument design history file record list,strict_required,正式文件、程序或表單名稱，應完整維持指定譯名
手術器械設計管制程序,Instrument design control procedure,strict_required,正式文件、程序或表單名稱，應完整維持指定譯名
手術器械風險管理報告書,Instrument risk management report,strict_required,正式文件、程序或表單名稱，應完整維持指定譯名
手術工具品質規範,Quality requirement for surgical instruments,strict_required,正式文件、程序或表單名稱，應完整維持指定譯名
手術工具製品外觀判定品質規範,Cosmetic inspection criteria for surgical instrument products,strict_required,正式文件、程序或表單名稱，應完整維持指定譯名
手術技術手冊,surgical technique guide,strict_required,正式文件、程序或表單名稱，應完整維持指定譯名
打樣及首批樣品承認,Prototyping and First Article Approval,lexical_required,一般英文詞彙或專業用語，可接受合理的單複數、詞性、冠詞或大小寫變化
扭力扳手校正作業辦法,Torque wrench calibrate instruction,strict_required,正式文件、程序或表單名稱，應完整維持指定譯名
扭力試驗機保養(點檢)記錄表,Torsion tester maintenance checklist,strict_required,正式文件、程序或表單名稱，應完整維持指定譯名
批,lot,lexical_required,一般英文詞彙或專業用語，可接受合理的單複數、詞性、冠詞或大小寫變化
批次,Batch,lexical_required,一般英文詞彙或專業用語，可接受合理的單複數、詞性、冠詞或大小寫變化
批號,lot number,lexical_required,一般英文詞彙或專業用語，可接受合理的單複數、詞性、冠詞或大小寫變化
批號編碼原則,Lot number coding principle,lexical_required,一般英文詞彙或專業用語，可接受合理的單複數、詞性、冠詞或大小寫變化
技術報告,Technical report form,strict_required,正式文件、程序或表單名稱，應完整維持指定譯名
技術手冊借閱登記表,Technical Manual Borrowing Record Form,strict_required,正式文件、程序或表單名稱，應完整維持指定譯名
技術文檔,Technical documentation,strict_required,正式文件、程序或表單名稱，應完整維持指定譯名
技術服務,Technical Service,lexical_required,一般英文詞彙或專業用語，可接受合理的單複數、詞性、冠詞或大小寫變化
投影機保養(點檢)記錄表,Projector maintenance (check) record form,strict_required,正式文件、程序或表單名稱，應完整維持指定譯名
投影機校正作業辦法,Projector calibrate instruction,strict_required,正式文件、程序或表單名稱，應完整維持指定譯名
抱怨,Complaint,lexical_required,一般英文詞彙或專業用語，可接受合理的單複數、詞性、冠詞或大小寫變化
抽屜式UV-固化機設備操作及保養辦法,Drawer UV-curing machine operate and maintain instruction,strict_required,正式文件、程序或表單名稱，應完整維持指定譯名
抽樣水準,sampling level,lexical_required,一般品質、法規或製程專業術語，可接受合理的單複數、詞性或語態變化
抽樣計劃管制辦法,General sampling criteria work instruction,strict_required,正式文件、程序或表單名稱，應完整維持指定譯名
抽樣計畫,Sampling plan,lexical_required,一般品質、法規或製程專業術語，可接受合理的單複數、詞性或語態變化
抽樣計畫與統計手法,Sampling plan and Statistical methods,lexical_required,一般品質、法規或製程專業術語，可接受合理的單複數、詞性或語態變化
拋光,polish,lexical_required,一般動詞或作業用語，可依句型調整時態、語態或詞形
持續生產產品,continuous production,lexical_required,一般品質、法規或製程專業術語，可接受合理的單複數、詞性或語態變化
授權人員記錄表,Authorized Person Record Form,strict_required,正式文件、程序或表單名稱，應完整維持指定譯名
授權代表,Authorized Representative,strict_required,正式文件、程序或表單名稱，應完整維持指定譯名
排水孔不可堵塞,drain unclog,reference_only,屬描述性片語、章節語句或提示文字，翻譯可依上下文改寫，不宜因未精確出現而判定失敗
排除,Removal,lexical_required,一般英文詞彙或專業用語，可接受合理的單複數、詞性、冠詞或大小寫變化
採購之產品,Purchased product,lexical_required,一般英文詞彙或專業用語，可接受合理的單複數、詞性、冠詞或大小寫變化
採購作業,Procurement,lexical_required,一般英文詞彙或專業用語，可接受合理的單複數、詞性、冠詞或大小寫變化
採購倉庫退貨單,Procurement parts return application form,strict_required,正式文件、程序或表單名稱，應完整維持指定譯名
採購單,Purchase order,strict_required,正式文件、程序或表單名稱，應完整維持指定譯名
採購單之內容變更,Change of requisition content,lexical_required,一般英文詞彙或專業用語，可接受合理的單複數、詞性、冠詞或大小寫變化
採購單位,Purchasing Division,strict_required,正式部門或組織單位名稱，應固定使用指定譯名
採購管理程序,Purchasing management procedure,strict_required,正式文件、程序或表單名稱，應完整維持指定譯名
採購組,Purchasing Section,strict_required,正式部門或組織單位名稱，應固定使用指定譯名
採購部,Purchasing Division,strict_required,正式部門或組織單位名稱，應固定使用指定譯名
採購／驗收,Purchasing / Acceptance,lexical_required,一般英文詞彙或專業用語，可接受合理的單複數、詞性、冠詞或大小寫變化
控制熱電偶,Control Thermocouple,lexical_required,一般英文詞彙或專業用語，可接受合理的單複數、詞性、冠詞或大小寫變化
推廣組,Product Promotion & Education Team,strict_required,正式部門或組織單位名稱，應固定使用指定譯名
推移圖,Run chart,lexical_required,一般英文詞彙或專業用語，可接受合理的單複數、詞性、冠詞或大小寫變化
提出矯正與預防措施時機,Time to propose corrective and preventive actions,reference_only,屬描述性片語、章節語句或提示文字，翻譯可依上下文改寫，不宜因未精確出現而判定失敗
換氣數測試,air change rate test,lexical_required,一般動詞或作業用語，可依句型調整時態、語態或詞形
損害,harm,lexical_required,一般英文詞彙或專業用語，可接受合理的單複數、詞性、冠詞或大小寫變化
損害嚴重度,severity levels,lexical_required,一般英文詞彙或專業用語，可接受合理的單複數、詞性、冠詞或大小寫變化
搖轉濕度計,sling psychrometer,lexical_required,一般英文詞彙或專業用語，可接受合理的單複數、詞性、冠詞或大小寫變化
搬運,Transportation,lexical_required,一般動詞或作業用語，可依句型調整時態、語態或詞形
搬運規劃,Handling planning,lexical_required,一般動詞或作業用語，可依句型調整時態、語態或詞形
操作規格,operational specification,lexical_required,一般英文詞彙或專業用語，可接受合理的單複數、詞性、冠詞或大小寫變化
操作驗證,"Operational qualification, OQ",strict_required,專有名詞、縮寫、代碼或型號，應精確維持指定寫法
操作驗證 OQ,Operation qualification,strict_required,專有名詞、縮寫、代碼或型號，應精確維持指定寫法
操作驗證(OQ)計畫與報告書,Operation qualification protocol and report,strict_required,正式文件、程序或表單名稱，應完整維持指定譯名
擬定計劃,Make plan,lexical_required,一般英文詞彙或專業用語，可接受合理的單複數、詞性、冠詞或大小寫變化
收料,Material receipt,lexical_required,一般動詞或作業用語，可依句型調整時態、語態或詞形
收料/入庫,Material receipt/stock,lexical_required,一般動詞或作業用語，可依句型調整時態、語態或詞形
收料/驗收,Receipt/Inspection,lexical_required,一般英文詞彙或專業用語，可接受合理的單複數、詞性、冠詞或大小寫變化
收料單,Material reception form,strict_required,正式文件、程序或表單名稱，應完整維持指定譯名
收料單(高雄廠固資模具專用),Material reception form (permanent assets mold usage of Kaohsiung plant ),strict_required,廠區或營運據點名稱，應固定使用指定譯名
改善對策,Corrective actions,lexical_required,一般英文詞彙或專業用語，可接受合理的單複數、詞性、冠詞或大小寫變化
改善效果之查證,Validation for improvement,lexical_required,一般動詞或作業用語，可依句型調整時態、語態或詞形
改善結果追蹤,Trace improved result,lexical_required,一般英文詞彙或專業用語，可接受合理的單複數、詞性、冠詞或大小寫變化
改正,Correction,lexical_required,一般動詞或作業用語，可依句型調整時態、語態或詞形
改正及預防措施處理程序,Corrective action and preventive action management procedure,strict_required,正式文件、程序或表單名稱，應完整維持指定譯名
放置地點,Location,lexical_required,一般英文詞彙或專業用語，可接受合理的單複數、詞性、冠詞或大小寫變化
放電加工機操作及保養辦法,Electrical discharge machine operate and maintain instruction,strict_required,正式文件、程序或表單名稱，應完整維持指定譯名
故障,Malfunction,lexical_required,一般英文詞彙或專業用語，可接受合理的單複數、詞性、冠詞或大小寫變化
效率,efficiency,lexical_required,一般英文詞彙或專業用語，可接受合理的單複數、詞性、冠詞或大小寫變化
教材製作,Training Material Development,lexical_required,一般英文詞彙或專業用語，可接受合理的單複數、詞性、冠詞或大小寫變化
教育訓練,Education and training,lexical_required,一般英文詞彙或專業用語，可接受合理的單複數、詞性、冠詞或大小寫變化
教育訓練需求調查作業,Educational training request survey,lexical_required,一般英文詞彙或專業用語，可接受合理的單複數、詞性、冠詞或大小寫變化
教育訓練需求調查表,Training request survey form,strict_required,正式文件、程序或表單名稱，應完整維持指定譯名
散佈圖,Scatter chart,lexical_required,一般英文詞彙或專業用語，可接受合理的單複數、詞性、冠詞或大小寫變化
整形製程規範,Shaping process specification,strict_required,正式文件、程序或表單名稱，應完整維持指定譯名
數位投影機操作及保養辦法,Digit projector operate and maintain instruction,strict_required,正式文件、程序或表單名稱，應完整維持指定譯名
文件,Documents,lexical_required,一般品質、法規或製程專業術語，可接受合理的單複數、詞性或語態變化
文件/圖面申請單,Documents/drawings application form,strict_required,正式文件、程序或表單名稱，應完整維持指定譯名
文件之保存,Document filing,lexical_required,一般品質、法規或製程專業術語，可接受合理的單複數、詞性或語態變化
文件來源,Document sources,lexical_required,一般品質、法規或製程專業術語，可接受合理的單複數、詞性或語態變化
文件保存,Document Preservation,lexical_required,一般品質、法規或製程專業術語，可接受合理的單複數、詞性或語態變化
文件分發,Document distribution,lexical_required,一般品質、法規或製程專業術語，可接受合理的單複數、詞性或語態變化
文件分發管制記錄表,Documents distribution control record form,strict_required,正式文件、程序或表單名稱，應完整維持指定譯名
文件審核,Document review,lexical_required,一般動詞或作業用語，可依句型調整時態、語態或詞形
文件格式作業辦法,Standard document format work instruction,strict_required,正式文件、程序或表單名稱，應完整維持指定譯名
文件生效,Document release,lexical_required,一般品質、法規或製程專業術語，可接受合理的單複數、詞性或語態變化
文件生效/發行,Document release,lexical_required,一般品質、法規或製程專業術語，可接受合理的單複數、詞性或語態變化
文件發行,Document release,lexical_required,一般品質、法規或製程專業術語，可接受合理的單複數、詞性或語態變化
文件發行與分發管制,Document release and distribution control,lexical_required,一般動詞或作業用語，可依句型調整時態、語態或詞形
文件管制組,Document Control Section,strict_required,正式部門或組織單位名稱，應固定使用指定譯名
文件編碼,Document coding,lexical_required,一般品質、法規或製程專業術語，可接受合理的單複數、詞性或語態變化
文件編碼與命名作業辦法,Document coding and naming work instruction,strict_required,正式文件、程序或表單名稱，應完整維持指定譯名
文件製作,Documenting,lexical_required,一般品質、法規或製程專業術語，可接受合理的單複數、詞性或語態變化
文件變更記錄應包括,The document change records should include,reference_only,屬描述性片語、章節語句或提示文字，翻譯可依上下文改寫，不宜因未精確出現而判定失敗
文件資料管制程序,Document and data control procedure,strict_required,正式文件、程序或表單名稱，應完整維持指定譯名
文件錯誤修正與變更管制,Document correction and change control,lexical_required,一般動詞或作業用語，可依句型調整時態、語態或詞形
文獻檢索報告書,Literature search report,strict_required,正式文件、程序或表單名稱，應完整維持指定譯名
文獻檢索計畫書,Literature search protocol,strict_required,正式文件、程序或表單名稱，應完整維持指定譯名
文管單位文件登記表,Document control division documents register form,strict_required,正式文件、程序或表單名稱，應完整維持指定譯名
文管單位文件管制作業辦法,Documents control work instruction,strict_required,正式文件、程序或表單名稱，應完整維持指定譯名
料件編號申請及作廢作業辦法,Material coding application and void work instruction,strict_required,正式文件、程序或表單名稱，應完整維持指定譯名
新產品導量產審查記錄表,New products launch production review record form,strict_required,正式文件、程序或表單名稱，應完整維持指定譯名
新產品開發品質管制計畫,QC control plan,strict_required,正式文件、程序或表單名稱，應完整維持指定譯名
新竹品保/高雄品保單位,HC Quality Assurance/ KS Quality Assurance Division,strict_required,專有名詞、縮寫、代碼或型號，應精確維持指定寫法
新竹品保部,HC Quality Assurance Division,strict_required,正式部門或組織單位名稱，應固定使用指定譯名
新竹廠,Hsinchu plant,strict_required,廠區或營運據點名稱，應固定使用指定譯名
新竹廠務/高雄廠務單位,HC Factory Affairs/ KS Factory Affairs Section,strict_required,廠區或營運據點名稱，應固定使用指定譯名
新竹廠塑膠清洗線工作記錄表,Plastic cleaning line operation record form(Hsinchu Factory),strict_required,正式文件、程序或表單名稱，應完整維持指定譯名
新竹廠植入物潔淨室包裝生產作業辦法,Hsinchu factory implant cleanroom package work instruction,strict_required,正式文件、程序或表單名稱，應完整維持指定譯名
新竹廠植入物紙盒包裝生產作業辦法,Hsinchu factory implant carton packaging production work instruction,strict_required,正式文件、程序或表單名稱，應完整維持指定譯名
新竹廠生產部,HC Production Division,strict_required,廠區或營運據點名稱，應固定使用指定譯名
新竹生產/高雄生產單位,HC Production/ KS Production Division,strict_required,專有名詞、縮寫、代碼或型號，應精確維持指定寫法
新竹生產部,HC Production Division,strict_required,正式部門或組織單位名稱，應固定使用指定譯名
新竹生管/高雄生管單位,HC Production Control/ KS Production Control Division,strict_required,專有名詞、縮寫、代碼或型號，應精確維持指定寫法
新竹生管部,HC Production Control Division,strict_required,正式部門或組織單位名稱，應固定使用指定譯名
新製造流程,New Manufacturing Process,lexical_required,一般英文詞彙或專業用語，可接受合理的單複數、詞性、冠詞或大小寫變化
新購儀器驗收,Check and acceptance of the newly purchased devices,lexical_required,一般品質、法規或製程專業術語，可接受合理的單複數、詞性或語態變化
斷口分析,fracture analysis,lexical_required,一般英文詞彙或專業用語，可接受合理的單複數、詞性、冠詞或大小寫變化
旋風式噴砂機設備操作辦法,Tornado sandblasting machine operate instruction,strict_required,正式文件、程序或表單名稱，應完整維持指定譯名
日常維護,Routine servicing,lexical_required,一般英文詞彙或專業用語，可接受合理的單複數、詞性、冠詞或大小寫變化
晶粒,grain,lexical_required,一般英文詞彙或專業用語，可接受合理的單複數、詞性、冠詞或大小寫變化
智能科技部,Intelligent Technology Division,strict_required,正式部門或組織單位名稱，應固定使用指定譯名
暫時性變更,Temporary change,lexical_required,一般英文詞彙或專業用語，可接受合理的單複數、詞性、冠詞或大小寫變化
暫時變更,Temporary change,lexical_required,一般英文詞彙或專業用語，可接受合理的單複數、詞性、冠詞或大小寫變化
曝氣,Aeration,lexical_required,一般英文詞彙或專業用語，可接受合理的單複數、詞性、冠詞或大小寫變化
曝露時間,Exposure time,lexical_required,一般英文詞彙或專業用語，可接受合理的單複數、詞性、冠詞或大小寫變化
更換週期,replace period,lexical_required,一般英文詞彙或專業用語，可接受合理的單複數、詞性、冠詞或大小寫變化
更換類別,replace item,lexical_required,一般英文詞彙或專業用語，可接受合理的單複數、詞性、冠詞或大小寫變化
書面審查,Written audit,lexical_required,一般動詞或作業用語，可依句型調整時態、語態或詞形
最大量測範圍,maximum measurement range,lexical_required,一般品質、法規或製程專業術語，可接受合理的單複數、詞性或語態變化
最差條件,Worst-case Condition,lexical_required,一般英文詞彙或專業用語，可接受合理的單複數、詞性、冠詞或大小寫變化
最終放行,Final release,lexical_required,一般英文詞彙或專業用語，可接受合理的單複數、詞性、冠詞或大小寫變化
最終檢驗,FQC,strict_required,專有名詞、縮寫、代碼或型號，應精確維持指定寫法
最終檢驗管制程序,Final goods inspection procedure,strict_required,正式文件、程序或表單名稱，應完整維持指定譯名
最高管理階層,Top management,lexical_required,一般英文詞彙或專業用語，可接受合理的單複數、詞性、冠詞或大小寫變化
會議記錄單,Meeting minutes,strict_required,正式文件、程序或表單名稱，應完整維持指定譯名
會議通知,Meeting notice,lexical_required,一般英文詞彙或專業用語，可接受合理的單複數、詞性、冠詞或大小寫變化
月生產計劃之維護,Maintenance of monthly plan,lexical_required,一般品質、法規或製程專業術語，可接受合理的單複數、詞性或語態變化
有效性,effectiveness,lexical_required,一般英文詞彙或專業用語，可接受合理的單複數、詞性、冠詞或大小寫變化
有效性確認回應單,Effectiveness check response form,strict_required,正式文件、程序或表單名稱，應完整維持指定譯名
服務商換貨申請單,Distributer exchange products application form,strict_required,正式文件、程序或表單名稱，應完整維持指定譯名
服務能力評估調查表,Service Capability survey form,strict_required,正式文件、程序或表單名稱，應完整維持指定譯名
未知來源之使用者介面,"user interface of unknown provenance, UOUP",strict_required,專有名詞、縮寫、代碼或型號，應精確維持指定寫法
本版生效日,Rev. Date,strict_required,屬描述性片語、章節語句或提示文字，翻譯可依上下文改寫，不宜因未精確出現而判定失敗
材料檢驗記錄表暨材質及特性測試報告,Material Inspection Record Form with Material and Properties test report,strict_required,正式文件、程序或表單名稱，應完整維持指定譯名
柏拉圖,Pareto chart,lexical_required,一般英文詞彙或專業用語，可接受合理的單複數、詞性、冠詞或大小寫變化
查證,verify,lexical_required,一般動詞或作業用語，可依句型調整時態、語態或詞形
查證劑量,Verification dose,lexical_required,一般英文詞彙或專業用語，可接受合理的單複數、詞性、冠詞或大小寫變化
校正作業管制,Calibration operation control,lexical_required,一般動詞或作業用語，可依句型調整時態、語態或詞形
校正履歷記錄表,Calibration history record form,strict_required,正式文件、程序或表單名稱，應完整維持指定譯名
校正日期、有效日期與校正週期,"Calibration date, valid date and calibration period",lexical_required,一般品質、法規或製程專業術語，可接受合理的單複數、詞性或語態變化
校正種類,Calibration type,lexical_required,一般品質、法規或製程專業術語，可接受合理的單複數、詞性或語態變化
校正結果記錄表,Calibration record form,strict_required,正式文件、程序或表單名稱，應完整維持指定譯名
校正記錄與標識,Calibration records and labels,lexical_required,一般品質、法規或製程專業術語，可接受合理的單複數、詞性或語態變化
校驗及測試供應商評估調查表,Calibration and testing supplier evaluation form,strict_required,正式文件、程序或表單名稱，應完整維持指定譯名
核磁共振評估報告,Magnetic resonance (MR) evaluation report,strict_required,正式文件、程序或表單名稱，應完整維持指定譯名
根因分析,root causes analysis,lexical_required,一般英文詞彙或專業用語，可接受合理的單複數、詞性、冠詞或大小寫變化
桌上型條碼驗證機保養(日點檢)記錄表,Desktop 2D barcode reader maintenance daily checklist,strict_required,正式文件、程序或表單名稱，應完整維持指定譯名
桌上型條碼驗證機操作及保養辦法,Desktop 2D barcode reader operate and maintain instruction,strict_required,正式文件、程序或表單名稱，應完整維持指定譯名
桌上型調碼驗證機校驗作業辦法,Desktop 2D barcode reader calibrate instruction,strict_required,正式文件、程序或表單名稱，應完整維持指定譯名
條碼列印系統設備保養記錄表,Label print system equipment maintenance record form,strict_required,正式文件、程序或表單名稱，應完整維持指定譯名
棘齒,serration,lexical_required,一般英文詞彙或專業用語，可接受合理的單複數、詞性、冠詞或大小寫變化
植入式醫療器材,Implantable medical device (Implant),lexical_required,一般品質、法規或製程專業術語，可接受合理的單複數、詞性或語態變化
植入性醫療器材取出分析作業辦法,Implant Medical Devices Retrieval and Analysis Work Instruction,strict_required,正式文件、程序或表單名稱，應完整維持指定譯名
植入物出貨UOJ檢驗記錄表,Implant outgoing to UOJ inspection record form,strict_required,正式文件、程序或表單名稱，應完整維持指定譯名
植入物卡,Implant Card,lexical_required,一般品質、法規或製程專業術語，可接受合理的單複數、詞性或語態變化
植入物卡作業辦法,Implant Card work instruction,strict_required,正式文件、程序或表單名稱，應完整維持指定譯名
植入物卡標籤,Implant Card Label,lexical_required,一般品質、法規或製程專業術語，可接受合理的單複數、詞性或語態變化
植入物及器械鈍化清洗製程規範,Passivation and cleaning process specification for implants and instruments,strict_required,正式文件、程序或表單名稱，應完整維持指定譯名
植入物清洗設備操作及保養辦法,Implant cleaning equipment operate and maintain instruction,strict_required,正式文件、程序或表單名稱，應完整維持指定譯名
植入物產品,Implants,lexical_required,一般品質、法規或製程專業術語，可接受合理的單複數、詞性或語態變化
植入物產品之標籤,Implant product label,lexical_required,一般品質、法規或製程專業術語，可接受合理的單複數、詞性或語態變化
植入物產品包含,The implantable products include,lexical_required,一般品質、法規或製程專業術語，可接受合理的單複數、詞性或語態變化
植入物產品標示之管制,Labeling control of implant product,lexical_required,一般動詞或作業用語，可依句型調整時態、語態或詞形
植入物產品的單一識別碼,UDI of implant product,strict_required,專有名詞、縮寫、代碼或型號，應精確維持指定寫法
植入物的包裝標籤,Implant label on package,lexical_required,一般品質、法規或製程專業術語，可接受合理的單複數、詞性或語態變化
植入物組,Implant Section,strict_required,正式部門或組織單位名稱，應固定使用指定譯名
植入物設計變更檢查表,Implant design changes checklist,strict_required,正式文件、程序或表單名稱，應完整維持指定譯名
植入物關鍵材料測試,Critical material audit test plan form,lexical_required,一般動詞或作業用語，可依句型調整時態、語態或詞形
業務單位,Sales Division,strict_required,正式部門或組織單位名稱，應固定使用指定譯名
業務連絡單,Inter-division notice form,strict_required,正式文件、程序或表單名稱，應完整維持指定譯名
業務連絡單作業辦法,Inter-division notice work instruction,strict_required,正式文件、程序或表單名稱，應完整維持指定譯名
槓桿式量錶校正作業辦法,Dial gauge calibrate instruction,strict_required,正式文件、程序或表單名稱，應完整維持指定譯名
標準化,standardization,lexical_required,一般英文詞彙或專業用語，可接受合理的單複數、詞性、冠詞或大小寫變化
標準器,Standard instruments,lexical_required,一般英文詞彙或專業用語，可接受合理的單複數、詞性、冠詞或大小寫變化
標準工時明細表,Standard operation times form,strict_required,正式文件、程序或表單名稱，應完整維持指定譯名
標準差,standard deviation,lexical_required,一般品質、法規或製程專業術語，可接受合理的單複數、詞性或語態變化
標準類,Standards,lexical_required,一般英文詞彙或專業用語，可接受合理的單複數、詞性、冠詞或大小寫變化
標示,Labeling,lexical_required,一般英文詞彙或專業用語，可接受合理的單複數、詞性、冠詞或大小寫變化
標示、隔離與判定,"Labeling, isolation and judgment",lexical_required,一般英文詞彙或專業用語，可接受合理的單複數、詞性、冠詞或大小寫變化
標籤,Label,lexical_required,一般品質、法規或製程專業術語，可接受合理的單複數、詞性或語態變化
標籤上應有的資訊,Information on the label,lexical_required,一般品質、法規或製程專業術語，可接受合理的單複數、詞性或語態變化
標籤作廢記錄表,Labels scrapped record form,strict_required,正式文件、程序或表單名稱，應完整維持指定譯名
標籤列印系統設備保養辦法,Labeling print system equipment maintenance work instruction,strict_required,正式文件、程序或表單名稱，應完整維持指定譯名
標籤或說明書的變更,Changes of Label or instruction for use,lexical_required,一般品質、法規或製程專業術語，可接受合理的單複數、詞性或語態變化
標籤樣張、使用說明書與產品包裝明細表作業辦法,"Labeling, safety statements and PBM work instruction",strict_required,正式文件、程序或表單名稱，應完整維持指定譯名
標籤說明書變更檢查表,Label or Instruction For Use Changes Checklist,strict_required,正式文件、程序或表單名稱，應完整維持指定譯名
標籤驗證及樣本報告,Label Validation and Sample Reporting,strict_required,正式文件、程序或表單名稱，應完整維持指定譯名
標記,Marking,lexical_required,一般英文詞彙或專業用語，可接受合理的單複數、詞性、冠詞或大小寫變化
模具尺寸追蹤表,Mold dimensions inspection form,strict_required,正式文件、程序或表單名稱，應完整維持指定譯名
模具檢驗、驗收,Inspection and acceptance of molds,lexical_required,一般品質、法規或製程專業術語，可接受合理的單複數、詞性或語態變化
模具檢驗記錄表,Mold inspection record form,strict_required,正式文件、程序或表單名稱，應完整維持指定譯名
模具管理作業程序,Mold management procedure,strict_required,正式文件、程序或表單名稱，應完整維持指定譯名
模具維護及保養管理辦法,Mold maintain and management instruction,strict_required,正式文件、程序或表單名稱，應完整維持指定譯名
模具製作、修繕,To manufacture and maintain molds,lexical_required,一般英文詞彙或專業用語，可接受合理的單複數、詞性、冠詞或大小寫變化
機加工製程量產放行標準,Mass production release criteria for machining process,lexical_required,一般品質、法規或製程專業術語，可接受合理的單複數、詞性或語態變化
機器編碼原則與管理要求,Coding Structure & Principles,lexical_required,一般英文詞彙或專業用語，可接受合理的單複數、詞性、冠詞或大小寫變化
機器設備一覽表,Equipment list,strict_required,正式文件、程序或表單名稱，應完整維持指定譯名
機器設備保養作業內容,Content of maintenance of the equipment,lexical_required,一般品質、法規或製程專業術語，可接受合理的單複數、詞性或語態變化
機器設備保養等級之管理,Management of equipment maintenance class,lexical_required,一般動詞或作業用語，可依句型調整時態、語態或詞形
機器設備保養等級定義說明如下,The equipment maintenance classes are defined as below,reference_only,屬描述性片語、章節語句或提示文字，翻譯可依上下文改寫，不宜因未精確出現而判定失敗
機器設備履歷記錄表,Equipment information record list,strict_required,正式文件、程序或表單名稱，應完整維持指定譯名
機器設備管制程序,Equipment management procedure,strict_required,正式文件、程序或表單名稱，應完整維持指定譯名
機密健康資訊,Confidential health data,lexical_required,一般英文詞彙或專業用語，可接受合理的單複數、詞性、冠詞或大小寫變化
機密健康資訊形式,Confidential health data form,lexical_required,一般英文詞彙或專業用語，可接受合理的單複數、詞性、冠詞或大小寫變化
機密健康資訊權限管制表,Confidential health Information authority form,strict_required,正式文件、程序或表單名稱，應完整維持指定譯名
機密健康資訊管制辦法,Confidential health Information control instruction,strict_required,正式文件、程序或表單名稱，應完整維持指定譯名
機房每日檢查表,Computer room daily checklist,strict_required,正式文件、程序或表單名稱，應完整維持指定譯名
機房設備,Equipment room,lexical_required,一般品質、法規或製程專業術語，可接受合理的單複數、詞性或語態變化
機房進出管制表,Computer room access control form,strict_required,正式文件、程序或表單名稱，應完整維持指定譯名
機械加工作業組,Machining Operation Section,strict_required,正式部門或組織單位名稱，應固定使用指定譯名
機械加工技術一組,Machining Technique Group 1,strict_required,正式部門或組織單位名稱，應固定使用指定譯名
機械加工技術二組,Machining Technique Group 2,strict_required,正式部門或組織單位名稱，應固定使用指定譯名
機械性能,mechanical performance,lexical_required,一般品質、法規或製程專業術語，可接受合理的單複數、詞性或語態變化
機械性質,mechanical properties,lexical_required,一般品質、法規或製程專業術語，可接受合理的單複數、詞性或語態變化
機械設備一、二級保養圖示表,Equipment level 1~2 maintenance illustration form,strict_required,正式文件、程序或表單名稱，應完整維持指定譯名
機械設備一、二級保養記錄表,Equipment level 1~2 maintenance record list,strict_required,正式文件、程序或表單名稱，應完整維持指定譯名
機械設備三、四級保養記錄表,Equipment level 3~4 maintenance record list,strict_required,正式文件、程序或表單名稱，應完整維持指定譯名
機械設備維修記錄表,Equipment maintenance and repair record list,strict_required,正式文件、程序或表單名稱，應完整維持指定譯名
機械設備維護保養項目表,Equipment maintenance list,strict_required,正式文件、程序或表單名稱，應完整維持指定譯名
機構振動,mechanical vibration,lexical_required,一般英文詞彙或專業用語，可接受合理的單複數、詞性、冠詞或大小寫變化
檔案伺服器,File server,lexical_required,一般英文詞彙或專業用語，可接受合理的單複數、詞性、冠詞或大小寫變化
檢出之限制,checkout limits,lexical_required,一般英文詞彙或專業用語，可接受合理的單複數、詞性、冠詞或大小寫變化
檢查召回作業與結果報告,Recall report,reference_only,屬描述性片語、章節語句或提示文字，翻譯可依上下文改寫，不宜因未精確出現而判定失敗
檢測儀器,Measuring devices,lexical_required,一般品質、法規或製程專業術語，可接受合理的單複數、詞性或語態變化
檢測儀器失效要求表,Device malfunction request form,strict_required,正式文件、程序或表單名稱，應完整維持指定譯名
檢測儀器短期借出登記表,Measurement device short-term lending registration form,strict_required,正式文件、程序或表單名稱，應完整維持指定譯名
檢測儀器管理及校正作業程序,Measurement device control and calibration procedure,strict_required,正式文件、程序或表單名稱，應完整維持指定譯名
檢測儀器總表,All measurement devices list,strict_required,正式文件、程序或表單名稱，應完整維持指定譯名
檢測儀器領用記錄表,Measurement device receive record form,strict_required,正式文件、程序或表單名稱，應完整維持指定譯名
檢測狀態管制程序,Product status identification procedure,strict_required,正式文件、程序或表單名稱，應完整維持指定譯名
檢驗作業標準書(SIP),Standard inspection procedure form,strict_required,專有名詞、縮寫、代碼或型號，應精確維持指定寫法
檢驗作業標準書(SIP)作業辦法,Standard inspection procedure work instruction,strict_required,正式文件、程序或表單名稱，應完整維持指定譯名
檢驗執行,Inspection implementation,lexical_required,一般動詞或作業用語，可依句型調整時態、語態或詞形
檢驗標準,inspection standards,lexical_required,一般品質、法規或製程專業術語，可接受合理的單複數、詞性或語態變化
檢驗標準作業,SIP,strict_required,專有名詞、縮寫、代碼或型號，應精確維持指定寫法
檢驗標準工時明細表,Standard inspection times list,strict_required,正式文件、程序或表單名稱，應完整維持指定譯名
檢驗計畫變更審核表,Inspection plan change review form,strict_required,正式文件、程序或表單名稱，應完整維持指定譯名
檢驗說明書,Inspection description form,strict_required,正式文件、程序或表單名稱，應完整維持指定譯名
權責,Authorization,strict_required,屬描述性片語、章節語句或提示文字，翻譯可依上下文改寫，不宜因未精確出現而判定失敗
權責劃分表,Responsible divide table,strict_required,正式文件、程序或表單名稱，應完整維持指定譯名
次要不符合事項,Minor nonconformity,lexical_required,一般英文詞彙或專業用語，可接受合理的單複數、詞性、冠詞或大小寫變化
次要品質特性,Minor characteristic,lexical_required,一般品質、法規或製程專業術語，可接受合理的單複數、詞性或語態變化
歐盟,"European Union, EU",strict_required,公司、主管機關、國家地區或資料庫正式名稱，應固定使用指定譯名
歐盟UDI系統應用作業辦法,EU UDI System Application work instruction,strict_required,正式文件、程序或表單名稱，應完整維持指定譯名
歐盟客戶訂製品作業辦法,EU Custom-made products work instruction,strict_required,正式文件、程序或表單名稱，應完整維持指定譯名
歐盟客製品製造商聲明書,EU Custom-made device statement,strict_required,正式文件、程序或表單名稱，應完整維持指定譯名
歐盟醫療器材資料庫,EUDAMED - European Database on Medical Devices,strict_required,專有名詞、縮寫、代碼或型號，應精確維持指定寫法
歐體代表,European Authorised Representative,strict_required,正式文件、程序或表單名稱，應完整維持指定譯名
正壓差,positive pressure difference,lexical_required,一般英文詞彙或專業用語，可接受合理的單複數、詞性、冠詞或大小寫變化
正常使用,normal use,lexical_required,一般英文詞彙或專業用語，可接受合理的單複數、詞性、冠詞或大小寫變化
正常操作條件,normal operating condition,lexical_required,一般英文詞彙或專業用語，可接受合理的單複數、詞性、冠詞或大小寫變化
正常檢驗,normal inspection,lexical_required,一般動詞或作業用語，可依句型調整時態、語態或詞形
正確使用,correct use,lexical_required,一般英文詞彙或專業用語，可接受合理的單複數、詞性、冠詞或大小寫變化
殼串脫蠟製程規範,Dewaxing of shell string process specification,strict_required,正式文件、程序或表單名稱，應完整維持指定譯名
殼模作業測試規範,Testing criteria for shell mold,strict_required,正式文件、程序或表單名稱，應完整維持指定譯名
殼模強度檢測記錄表,Shell mold strength test record form,strict_required,正式文件、程序或表單名稱，應完整維持指定譯名
殼模生產記錄表,Shell mold manufacture record form,strict_required,正式文件、程序或表單名稱，應完整維持指定譯名
殼模除濕系統操作及保養辦法,Shell mold dehumidify system operation and maintain instruction,strict_required,正式文件、程序或表單名稱，應完整維持指定譯名
氣洗,Flushing,lexical_required,一般英文詞彙或專業用語，可接受合理的單複數、詞性、冠詞或大小寫變化
氫氧基磷灰石(HA)噴塗層清除製程規範,Cleanup process specification of hydroxyapatite coating,strict_required,正式文件、程序或表單名稱，應完整維持指定譯名
氫氧基磷灰石(HA)鍍層清洗製程規範,Cleaning process specification of hydroxyapatite (HA) coating,strict_required,正式文件、程序或表單名稱，應完整維持指定譯名
氫氧基磷灰石粉材料規範,Hydroxyapatite powder material specification,strict_required,正式文件、程序或表單名稱，應完整維持指定譯名
氬氣焊接人員認證記錄表,Argon gas welding personnel certification record form,strict_required,正式文件、程序或表單名稱，應完整維持指定譯名
氬氣焊接製程規範,Argon welding process specification,strict_required,正式文件、程序或表單名稱，應完整維持指定譯名
水性切削油更換&監控管理辦法,Aqueous cutting oil change & monitor instruction,strict_required,正式文件、程序或表單名稱，應完整維持指定譯名
水質,Water Quality,lexical_required,一般英文詞彙或專業用語，可接受合理的單複數、詞性、冠詞或大小寫變化
永久性變更,Permanent change,lexical_required,一般英文詞彙或專業用語，可接受合理的單複數、詞性、冠詞或大小寫變化
沾漿製程規範,Thick liquid dipping process specification,strict_required,正式文件、程序或表單名稱，應完整維持指定譯名
法規人員,Regulatory affairs personnel,lexical_required,一般職稱、角色或人員稱謂，可依上下文調整單複數與冠詞
法規代表,"Person Responsible for Regulatory Compliance, PRRC",strict_required,正式文件、程序或表單名稱，應完整維持指定譯名
法規代表的職責,The responsibility of person responsible for regulatory compliance,lexical_required,一般品質、法規或製程專業術語，可接受合理的單複數、詞性或語態變化
法規及標準的變更,Changes of regulations and standards,lexical_required,一般品質、法規或製程專業術語，可接受合理的單複數、詞性或語態變化
法規及標準要求,Regulations and standards requirements,lexical_required,一般品質、法規或製程專業術語，可接受合理的單複數、詞性或語態變化
法規單位,Regulatory Affairs Division,strict_required,正式部門或組織單位名稱，應固定使用指定譯名
法規文管單位,Regulatory Affairs & Document Control Division,strict_required,正式部門或組織單位名稱，應固定使用指定譯名
法規文管部,Regulatory Affairs & Document Control Division,strict_required,正式部門或組織單位名稱，應固定使用指定譯名
法規符合性稽核,Regulatory compliance audit,lexical_required,一般品質、法規或製程專業術語，可接受合理的單複數、詞性或語態變化
法規管制組,Regulatory Control Section,strict_required,正式部門或組織單位名稱，應固定使用指定譯名
法規與文管單位,Regulatory Affairs & Document Control Division,strict_required,正式部門或組織單位名稱，應固定使用指定譯名
法規與標準規範更新追蹤表,Regulation and standard update and tracking from,strict_required,正式文件、程序或表單名稱，應完整維持指定譯名
法規認證,regulatory certification,lexical_required,一般品質、法規或製程專業術語，可接受合理的單複數、詞性或語態變化
法規諮詢,Regulatory Consultation,lexical_required,一般品質、法規或製程專業術語，可接受合理的單複數、詞性或語態變化
法規驗證與申請程序,Regulatory compliance and application procedure,strict_required,正式文件、程序或表單名稱，應完整維持指定譯名
泛用量檢具使用與應用作業辦法,All-purpose measuring and inspection fixture use and appliance work instruction,strict_required,正式文件、程序或表單名稱，應完整維持指定譯名
泡殼封合纖維撕裂(Fiber Tear)測試規範,Testing criteria for blister pack fiber tear percentage,strict_required,正式文件、程序或表單名稱，應完整維持指定譯名
泡漿製程規範,Thick liquid bathing process process specification,strict_required,正式文件、程序或表單名稱，應完整維持指定譯名
波紋輪廓,Waviness profile,lexical_required,一般英文詞彙或專業用語，可接受合理的單複數、詞性、冠詞或大小寫變化
注意事項,Precaution,reference_only,屬描述性片語、章節語句或提示文字，翻譯可依上下文改寫，不宜因未精確出現而判定失敗
洗滌水,Washing water,lexical_required,一般英文詞彙或專業用語，可接受合理的單複數、詞性、冠詞或大小寫變化
洗滌水監控管制,Washing water monitoring control,lexical_required,一般動詞或作業用語，可依句型調整時態、語態或詞形
洛式硬度測試作業辦法,Rockwell hardness test work instruction,strict_required,正式文件、程序或表單名稱，應完整維持指定譯名
洛氏硬度機校正作業辦法,Rockwell hardness tester calibrate instruction,strict_required,正式文件、程序或表單名稱，應完整維持指定譯名
洛氏硬度試驗機日常查核記錄表,Rockwell hardness machine daily check record form,strict_required,正式文件、程序或表單名稱，應完整維持指定譯名
活動性,mobility,lexical_required,一般英文詞彙或專業用語，可接受合理的單複數、詞性、冠詞或大小寫變化
活動行銷組,Event Marketing,strict_required,正式部門或組織單位名稱，應固定使用指定譯名
派工,Dispatching,lexical_required,一般動詞或作業用語，可依句型調整時態、語態或詞形
流程之監控與量測,Monitor and measurement to process,lexical_required,一般品質、法規或製程專業術語，可接受合理的單複數、詞性或語態變化
流程圖,Flowchart,strict_required,一般英文詞彙或專業用語，可接受合理的單複數、詞性、冠詞或大小寫變化
流程監控與量測資料蒐集與整理,Data collection & sorting on monitored and measured process,lexical_required,一般品質、法規或製程專業術語，可接受合理的單複數、詞性或語態變化
浮沙及淋沙製程規範,Sand bathing process specification,strict_required,正式文件、程序或表單名稱，應完整維持指定譯名
消耗原物料及刀具一覽表,Consumption of raw materials and tools items list,strict_required,正式文件、程序或表單名稱，應完整維持指定譯名
液滲前清洗線工作記錄表,Cleaning line operation record for before liquid infiltration inspection form,strict_required,正式文件、程序或表單名稱，應完整維持指定譯名
液滲檢測前清洗製程規範,Clean process specification for pre-penetrant testing,strict_required,正式文件、程序或表單名稱，應完整維持指定譯名
液滲檢測品質規範,Penetrant inspection criteria,strict_required,正式文件、程序或表單名稱，應完整維持指定譯名
液滲檢測工作記錄表,Liquid infiltration inspection operation record form,strict_required,正式文件、程序或表單名稱，應完整維持指定譯名
液滲檢測記錄表,Liquid infiltration inspection record form,strict_required,正式文件、程序或表單名稱，應完整維持指定譯名
清洗作業,Cleaning operation,lexical_required,一般品質、法規或製程專業術語，可接受合理的單複數、詞性或語態變化
清洗區/潔淨室/管制區人員之管制,Control of the cleaning zone / cleanroom / personnel in control zone,lexical_required,一般動詞或作業用語，可依句型調整時態、語態或詞形
清洗及蒸氣滅菌評估表,Cleaning and steam sterilization assessment form,strict_required,正式文件、程序或表單名稱，應完整維持指定譯名
清洗滅菌後產品殘留有機化合物測試規範,Testing criteria for residual organic compounds of cleaned and sterilized product,strict_required,正式文件、程序或表單名稱，應完整維持指定譯名
清洗滅菌後產品殘留毒素測試規範,Testing criteria for residual toxin of cleaned and sterilized product,strict_required,正式文件、程序或表單名稱，應完整維持指定譯名
清洗線,cleaning line,lexical_required,一般品質、法規或製程專業術語，可接受合理的單複數、詞性或語態變化
清洗製程確效作業辦法,Cleaning process validation work instruction,strict_required,正式文件、程序或表單名稱，應完整維持指定譯名
清洗難易度評估報告,Cleaning challenge assessment report,strict_required,正式文件、程序或表單名稱，應完整維持指定譯名
清潔作業評估表,Cleanliness operation evaluation form,strict_required,正式文件、程序或表單名稱，應完整維持指定譯名
減量檢驗,reduced inspection,lexical_required,一般動詞或作業用語，可依句型調整時態、語態或詞形
渦輪推進器,turbojet propulsion,lexical_required,一般英文詞彙或專業用語，可接受合理的單複數、詞性、冠詞或大小寫變化
測溫電阻器,thermistor,lexical_required,一般英文詞彙或專業用語，可接受合理的單複數、詞性、冠詞或大小寫變化
測試報告書,Test report,strict_required,正式文件、程序或表單名稱，應完整維持指定譯名
測試方法,Test method,lexical_required,一般英文詞彙或專業用語，可接受合理的單複數、詞性、冠詞或大小寫變化
測試標的物,subject of testing,lexical_required,一般英文詞彙或專業用語，可接受合理的單複數、詞性、冠詞或大小寫變化
測試頻率,Test frequency,lexical_required,一般英文詞彙或專業用語，可接受合理的單複數、詞性、冠詞或大小寫變化
準備工作,General preparation,reference_only,屬描述性片語、章節語句或提示文字，翻譯可依上下文改寫，不宜因未精確出現而判定失敗
準確度,accuracy,lexical_required,一般英文詞彙或專業用語，可接受合理的單複數、詞性、冠詞或大小寫變化
準確性,accuracy,lexical_required,一般英文詞彙或專業用語，可接受合理的單複數、詞性、冠詞或大小寫變化
溫度換算,Temperature Conversion,lexical_required,一般英文詞彙或專業用語，可接受合理的單複數、詞性、冠詞或大小寫變化
溫度顯示器,thermometer,lexical_required,一般英文詞彙或專業用語，可接受合理的單複數、詞性、冠詞或大小寫變化
溫控漿桶操作及保養辦法,Thermostat pulp barrels operation and maintain instruction,strict_required,正式文件、程序或表單名稱，應完整維持指定譯名
溫溼度異常處理記錄表,Abnormal temperature/humidity handling record form,strict_required,正式文件、程序或表單名稱，應完整維持指定譯名
溫濕度計校正作業辦法,Thermo-hygrometer calibrate instruction,strict_required,正式文件、程序或表單名稱，應完整維持指定譯名
溫濕度點檢表,Temperature and humidity checklist,strict_required,正式文件、程序或表單名稱，應完整維持指定譯名
溶液,solution,lexical_required,一般英文詞彙或專業用語，可接受合理的單複數、詞性、冠詞或大小寫變化
滅菌,Sterilization,lexical_required,一般品質、法規或製程專業術語，可接受合理的單複數、詞性或語態變化
滅菌安全水準,"Sterility Assurance Level, SAL",strict_required,專有名詞、縮寫、代碼或型號，應精確維持指定寫法
滅菌後進料檢查記錄表,Sterilized product in-coming inspection record form,strict_required,正式文件、程序或表單名稱，應完整維持指定譯名
滅菌明細記錄表,Sterilization record form,strict_required,正式文件、程序或表單名稱，應完整維持指定譯名
滅菌產品曝氣管制記錄表,Aeration control record form for sterilized product,strict_required,正式文件、程序或表單名稱，應完整維持指定譯名
滅菌確效評估報告,Sterilization validation assessment report,strict_required,正式文件、程序或表單名稱，應完整維持指定譯名
滅菌週期,Sterilization cycle,lexical_required,一般品質、法規或製程專業術語，可接受合理的單複數、詞性或語態變化
滅菌適應性,Sterilization compatibility,lexical_required,一般品質、法規或製程專業術語，可接受合理的單複數、詞性或語態變化
滾筒研磨機設備操作及保養辦法,Drum grinder system operate and maintain instruction,strict_required,正式文件、程序或表單名稱，應完整維持指定譯名
滿意度調查,Satisfaction survey,lexical_required,一般英文詞彙或專業用語，可接受合理的單複數、詞性、冠詞或大小寫變化
滿意度調查內容,Contents of satisfaction survey,lexical_required,一般英文詞彙或專業用語，可接受合理的單複數、詞性、冠詞或大小寫變化
漿體作業測試規範,Testing criteria for thick liquid,strict_required,正式文件、程序或表單名稱，應完整維持指定譯名
漿體檢測記錄表,Paste inspection record form,strict_required,正式文件、程序或表單名稱，應完整維持指定譯名
漿體管控及調整製程規範,Slurry control and adjustment process specification,strict_required,正式文件、程序或表單名稱，應完整維持指定譯名
漿體管控調整記錄表,Paste control record form,strict_required,正式文件、程序或表單名稱，應完整維持指定譯名
潔淨室,Cleanroom,lexical_required,一般品質、法規或製程專業術語，可接受合理的單複數、詞性或語態變化
潔淨室人員健康管制暨體溫記錄表,Cleanroom personnel health control and body temperature record form,strict_required,正式文件、程序或表單名稱，應完整維持指定譯名
潔淨室作業人員進出管制表,Cleanroom operation personnel get in and out control form,strict_required,正式文件、程序或表單名稱，應完整維持指定譯名
潔淨室動態,Cleanroom in operation states,lexical_required,一般品質、法規或製程專業術語，可接受合理的單複數、詞性或語態變化
潔淨室及管制區,Cleanroom and Control zone,lexical_required,一般品質、法規或製程專業術語，可接受合理的單複數、詞性或語態變化
潔淨室環境之維護,Cleanroom environmental maintenance,lexical_required,一般品質、法規或製程專業術語，可接受合理的單複數、詞性或語態變化
潔淨室環境管制,Cleanroom environmental control,lexical_required,一般動詞或作業用語，可依句型調整時態、語態或詞形
潔淨室環境維護表,Cleanroom environmental control record form,strict_required,正式文件、程序或表單名稱，應完整維持指定譯名
潔淨室監控品質規範,Quality requirement for cleanroom monitoring,strict_required,正式文件、程序或表單名稱，應完整維持指定譯名
潔淨室空態,Cleanroom as-bulit states,lexical_required,一般品質、法規或製程專業術語，可接受合理的單複數、詞性或語態變化
潔淨室組裝檢驗記錄表,Clean room assembly inspection record form,strict_required,正式文件、程序或表單名稱，應完整維持指定譯名
潔淨室設施確效作業辦法,Cleanroom facilities validation work instruction,strict_required,正式文件、程序或表單名稱，應完整維持指定譯名
潔淨室進出與維護作業辦法,Cleanroom in and out maintain work instruction,strict_required,正式文件、程序或表單名稱，應完整維持指定譯名
潔淨室靜態,Cleanroom at rest states,lexical_required,一般品質、法規或製程專業術語，可接受合理的單複數、詞性或語態變化
潛在合格供應商,Potentially Qualified Supplier,lexical_required,一般職稱、角色或人員稱謂，可依上下文調整單複數與冠詞
灰分測試規範,Testing criteria for ash content,strict_required,正式文件、程序或表單名稱，應完整維持指定譯名
無菌屏障系統,Sterile barrier system,lexical_required,一般品質、法規或製程專業術語，可接受合理的單複數、詞性或語態變化
無菌屏障系統包裝製程確效作業辦法,Sterile barrier system packaging process validation work instruction,strict_required,正式文件、程序或表單名稱，應完整維持指定譯名
無菌測試結果“negative”,Negative test of sterility,lexical_required,一般品質、法規或製程專業術語，可接受合理的單複數、詞性或語態變化
無菌測試結果“positive”,Positive test of sterility,lexical_required,一般品質、法規或製程專業術語，可接受合理的單複數、詞性或語態變化
無菌的測試,Test of sterility,lexical_required,一般動詞或作業用語，可依句型調整時態、語態或詞形
無菌試驗,Test of sterility,lexical_required,一般品質、法規或製程專業術語，可接受合理的單複數、詞性或語態變化
無菌試驗結果“negative”,Negative test of sterility,lexical_required,一般品質、法規或製程專業術語，可接受合理的單複數、詞性或語態變化
無菌試驗結果“positive”,Positive test of sterility,lexical_required,一般品質、法規或製程專業術語，可接受合理的單複數、詞性或語態變化
無菌醫療器材,Sterile Medical Device,lexical_required,一般品質、法規或製程專業術語，可接受合理的單複數、詞性或語態變化
煮沸測試規範,testing criteria for boiling test,strict_required,正式文件、程序或表單名稱，應完整維持指定譯名
熱均壓製程規範,Hipping process specification,strict_required,正式文件、程序或表單名稱，應完整維持指定譯名
熱性能,thermal performance,lexical_required,一般品質、法規或製程專業術語，可接受合理的單複數、詞性或語態變化
熱感式風速計,hot-wire anemometer,lexical_required,一般英文詞彙或專業用語，可接受合理的單複數、詞性、冠詞或大小寫變化
熱處理作業,Heat treatment work,lexical_required,一般品質、法規或製程專業術語，可接受合理的單複數、詞性或語態變化
熱處理爐使用記錄表,Heat treatment furnace record form,strict_required,正式文件、程序或表單名稱，應完整維持指定譯名
熱處理製程確效作業辦法,Heating treatment process validation work instruction,strict_required,正式文件、程序或表單名稱，應完整維持指定譯名
熱處理製程規範,Heat treatment process specification,strict_required,正式文件、程序或表單名稱，應完整維持指定譯名
熱電偶,thermocouple,lexical_required,一般英文詞彙或專業用語，可接受合理的單複數、詞性、冠詞或大小寫變化
熱電偶修正值,thermocouple corrected value,lexical_required,一般英文詞彙或專業用語，可接受合理的單複數、詞性、冠詞或大小寫變化
熱電材料測試儀及熱電材料比對片校正作業辦法,Thermoelectric material tester and comparison piece calibrate instruction,strict_required,正式文件、程序或表單名稱，應完整維持指定譯名
燒結製程確效作業辦法,Sintering process validation work instruction,strict_required,正式文件、程序或表單名稱，應完整維持指定譯名
營業中心,Sales Department,strict_required,正式部門或組織單位名稱，應固定使用指定譯名
營業單位,Sales Department,strict_required,正式部門或組織單位名稱，應固定使用指定譯名
營業組,Sales Section,strict_required,正式部門或組織單位名稱，應固定使用指定譯名
營業與客戶服務部,Sales and Customer Service Divisions,strict_required,正式部門或組織單位名稱，應固定使用指定譯名
營運中心,Operations Department,strict_required,正式部門或組織單位名稱，應固定使用指定譯名
爐次,Oven no.,lexical_required,一般英文詞彙或專業用語，可接受合理的單複數、詞性、冠詞或大小寫變化
爐門,Oven door,lexical_required,一般英文詞彙或專業用語，可接受合理的單複數、詞性、冠詞或大小寫變化
版權所有,Copyright Reserved by,strict_required,屬描述性片語、章節語句或提示文字，翻譯可依上下文改寫，不宜因未精確出現而判定失敗
物化性質,physical and chemical properties,lexical_required,一般英文詞彙或專業用語，可接受合理的單複數、詞性、冠詞或大小寫變化
物料有效期限管控表,Material period of validity control form,strict_required,正式文件、程序或表單名稱，應完整維持指定譯名
物料評審委員會,"Material review board, MRB",strict_required,專有名詞、縮寫、代碼或型號，應精確維持指定寫法
物料評審委員會(MRB)處理記錄表,Material Review Board meeting minutes,strict_required,正式文件、程序或表單名稱，應完整維持指定譯名
物理性性能驗證,"Physical performance qualification, PPQ",strict_required,專有名詞、縮寫、代碼或型號，應精確維持指定寫法
物管組,Stock Management Section,strict_required,正式部門或組織單位名稱，應固定使用指定譯名
特採,Concession,lexical_required,一般英文詞彙或專業用語，可接受合理的單複數、詞性、冠詞或大小寫變化
特採品之標識與鑑別,Labeling and identification of concession products,lexical_required,一般英文詞彙或專業用語，可接受合理的單複數、詞性、冠詞或大小寫變化
特採品之管制使用,Control the use of Concession Products,lexical_required,一般英文詞彙或專業用語，可接受合理的單複數、詞性、冠詞或大小寫變化
特採單會簽,Signing of the concession form,lexical_required,一般英文詞彙或專業用語，可接受合理的單複數、詞性、冠詞或大小寫變化
特採單核決,Approval of the concession form,lexical_required,一般英文詞彙或專業用語，可接受合理的單複數、詞性、冠詞或大小寫變化
特採申請單,Concession application form,strict_required,正式文件、程序或表單名稱，應完整維持指定譯名
特採申請提出,Propose the concession application,lexical_required,一般英文詞彙或專業用語，可接受合理的單複數、詞性、冠詞或大小寫變化
特採管理作業程序,Concession product control procedure,strict_required,正式文件、程序或表單名稱，應完整維持指定譯名
特殊物料,Special material,lexical_required,一般英文詞彙或專業用語，可接受合理的單複數、詞性、冠詞或大小寫變化
特殊處理作業組,Special Treatment Operation Section,strict_required,正式部門或組織單位名稱，應固定使用指定譯名
特殊處理技術組,Special Processing Technique Section,strict_required,正式部門或組織單位名稱，應固定使用指定譯名
特殊製程,Special Process,lexical_required,一般品質、法規或製程專業術語，可接受合理的單複數、詞性或語態變化
狀態標示,Status labeling,lexical_required,一般英文詞彙或專業用語，可接受合理的單複數、詞性、冠詞或大小寫變化
班長,Foreman,lexical_required,一般職稱、角色或人員稱謂，可依上下文調整單複數與冠詞
現場稽核,Field audit,lexical_required,一般品質、法規或製程專業術語，可接受合理的單複數、詞性或語態變化
環保組,Environmental Protection Section,strict_required,正式部門或組織單位名稱，應固定使用指定譯名
環境、人員及產品清潔管制程序,"Working environment, personnel and products cleanliness control procedure",strict_required,正式文件、程序或表單名稱，應完整維持指定譯名
環境安全衛生管理代表的職責,The responsibility and authority of Environmental and Safety & Health Management Representatives,lexical_required,一般英文詞彙或專業用語，可接受合理的單複數、詞性、冠詞或大小寫變化
環境清潔檢查記錄表,Environment cleanliness checklist,strict_required,正式文件、程序或表單名稱，應完整維持指定譯名
環境監控,Environmental monitor,lexical_required,一般英文詞彙或專業用語，可接受合理的單複數、詞性、冠詞或大小寫變化
環境監控記錄,Environment monitoring records,lexical_required,一般英文詞彙或專業用語，可接受合理的單複數、詞性、冠詞或大小寫變化
環境衛生及清潔管理辦法,Environmental sanitation and cleaning management instruction,strict_required,正式文件、程序或表單名稱，應完整維持指定譯名
環氧乙烷,"Ethylene Oxide, EO",strict_required,專有名詞、縮寫、代碼或型號，應精確維持指定寫法
環氧乙烷滅菌管制作業辦法,Ethylene oxide sterilization control work instruction,strict_required,正式文件、程序或表單名稱，應完整維持指定譯名
瓊脂培養基,agar medium,lexical_required,一般英文詞彙或專業用語，可接受合理的單複數、詞性、冠詞或大小寫變化
瓊脂條帶,agar strips,lexical_required,一般英文詞彙或專業用語，可接受合理的單複數、詞性、冠詞或大小寫變化
生命週期,Life-Cycle,lexical_required,一般英文詞彙或專業用語，可接受合理的單複數、詞性、冠詞或大小寫變化
生物指示劑,"Biological Indicator, BI",strict_required,專有名詞、縮寫、代碼或型號，應精確維持指定寫法
生物相容性評估報告,Biocompatibility evaluation report,strict_required,正式文件、程序或表單名稱，應完整維持指定譯名
生物負荷量,Bio-burden,lexical_required,一般品質、法規或製程專業術語，可接受合理的單複數、詞性或語態變化
生產、工程、研發設計、器械開發、品保等單位,"Production, Engineering, Research & Design, Instrument Development, Quality Assurance, and other related divisions",strict_required,正式部門或組織單位名稱，應固定使用指定譯名
生產人員一、二級保養,Level 1~2 maintenance,lexical_required,一般品質、法規或製程專業術語，可接受合理的單複數、詞性或語態變化
生產及服務流程確效作業程序,Production and service process validation procedure,strict_required,正式文件、程序或表單名稱，應完整維持指定譯名
生產及服務流程確效評估表,Production and service process validation evaluation form,strict_required,正式文件、程序或表單名稱，應完整維持指定譯名
生產和服務軟體風險評估總表,Production and service software risk evaluation master list,strict_required,正式文件、程序或表單名稱，應完整維持指定譯名
生產單位,Production Division,strict_required,正式部門或組織單位名稱，應固定使用指定譯名
生產執行,Production implementation,lexical_required,一般動詞或作業用語，可依句型調整時態、語態或詞形
生產工單發行,Release production work order,lexical_required,一般品質、法規或製程專業術語，可接受合理的單複數、詞性或語態變化
生產性物料,Productive material,lexical_required,一般品質、法規或製程專業術語，可接受合理的單複數、詞性或語態變化
生產排程與控制,Production schedule and control,lexical_required,一般品質、法規或製程專業術語，可接受合理的單複數、詞性或語態變化
生產日報控制,Control the daily production report,lexical_required,一般品質、法規或製程專業術語，可接受合理的單複數、詞性或語態變化
生產材料,Productive materials,lexical_required,一般品質、法規或製程專業術語，可接受合理的單複數、詞性或語態變化
生產流程,production process,lexical_required,一般品質、法規或製程專業術語，可接受合理的單複數、詞性或語態變化
生產組,Production Section,strict_required,正式部門或組織單位名稱，應固定使用指定譯名
生產製程變更,Production process change,lexical_required,一般品質、法規或製程專業術語，可接受合理的單複數、詞性或語態變化
生產製造作業,Production work,lexical_required,一般品質、法規或製程專業術語，可接受合理的單複數、詞性或語態變化
生產製造電腦設備,Manufacturing computer device,lexical_required,一般品質、法規或製程專業術語，可接受合理的單複數、詞性或語態變化
生產計劃管制程序,Production planning control procedure,strict_required,正式文件、程序或表單名稱，應完整維持指定譯名
生產設備,production equipment,lexical_required,一般品質、法規或製程專業術語，可接受合理的單複數、詞性或語態變化
生產資訊,UDI_PI,strict_required,專有名詞、縮寫、代碼或型號，應精確維持指定寫法
生產階段,Manufacture stage,lexical_required,一般品質、法規或製程專業術語，可接受合理的單複數、詞性或語態變化
生管單位,Production Control Division,strict_required,正式部門或組織單位名稱，應固定使用指定譯名
生管單位依生產需求發出製程工令時,When Production Control Division issues process work order upon production demands,lexical_required,一般品質、法規或製程專業術語，可接受合理的單複數、詞性或語態變化
生管組,Production Control Section,strict_required,正式部門或組織單位名稱，應固定使用指定譯名
生鏽,rust,lexical_required,一般英文詞彙或專業用語，可接受合理的單複數、詞性、冠詞或大小寫變化
產品,Product,lexical_required,一般英文詞彙或專業用語，可接受合理的單複數、詞性、冠詞或大小寫變化
產品上市前,Pre-market stage,lexical_required,一般英文詞彙或專業用語，可接受合理的單複數、詞性、冠詞或大小寫變化
產品上市後,post-market stage,lexical_required,一般英文詞彙或專業用語，可接受合理的單複數、詞性、冠詞或大小寫變化
產品上市許可申請,Product On-market License Application,lexical_required,一般動詞或作業用語，可依句型調整時態、語態或詞形
產品上市許可申請前法規活動,Pre-submission regulatory activities,lexical_required,一般品質、法規或製程專業術語，可接受合理的單複數、詞性或語態變化
產品主要品質特性說明書,Product major quality characteristic report,strict_required,正式文件、程序或表單名稱，應完整維持指定譯名
產品之監控與量測,Monitor and measurement to product,lexical_required,一般品質、法規或製程專業術語，可接受合理的單複數、詞性或語態變化
產品企劃,Product Planning,lexical_required,一般英文詞彙或專業用語，可接受合理的單複數、詞性、冠詞或大小寫變化
產品企劃會議記錄,Product Proposal Review Meeting Minutes,strict_required,正式文件、程序或表單名稱，應完整維持指定譯名
產品停產管制程序,Product phase-out control procedure,strict_required,正式文件、程序或表單名稱，應完整維持指定譯名
產品停產計畫書,Product phase out plan form,strict_required,正式文件、程序或表單名稱，應完整維持指定譯名
產品儲運防護管制辦法,"Product storage, transportation and protection control instruction",strict_required,正式文件、程序或表單名稱，應完整維持指定譯名
產品內毒素限值表,Product endotoxin limit table,strict_required,正式文件、程序或表單名稱，應完整維持指定譯名
產品出貨檢驗(OQC)查檢表,Products outgoing quality control (OQC) checklist,strict_required,正式文件、程序或表單名稱，應完整維持指定譯名
產品分類,Classification of devices,lexical_required,一般英文詞彙或專業用語，可接受合理的單複數、詞性、冠詞或大小寫變化
產品包裝,Product packaging,lexical_required,一般品質、法規或製程專業術語，可接受合理的單複數、詞性或語態變化
產品包裝作業管制,Product Packaging Control Procedure,strict_required,正式文件、程序或表單名稱，應完整維持指定譯名
產品包裝作業管制程序,Product packaging control procedure,strict_required,正式文件、程序或表單名稱，應完整維持指定譯名
產品包裝作業辦法,Product packaging work instruction,strict_required,正式文件、程序或表單名稱，應完整維持指定譯名
產品包裝明細表,Packaging bill of material list,strict_required,正式文件、程序或表單名稱，應完整維持指定譯名
產品包裝材外觀檢驗品質規範,Cosmetic inspection criteria for packaging material,strict_required,正式文件、程序或表單名稱，應完整維持指定譯名
產品包裝檢查作業辦法,Product packaging inspection work instruction,strict_required,正式文件、程序或表單名稱，應完整維持指定譯名
產品包裝檢驗品質規範,Quality requirement for product packaging,strict_required,正式文件、程序或表單名稱，應完整維持指定譯名
產品包裝製程規範,Product packaging process specification,strict_required,正式文件、程序或表單名稱，應完整維持指定譯名
產品包裝設計驗證作業辦法,Product packaging design validation work instruction,strict_required,正式文件、程序或表單名稱，應完整維持指定譯名
產品及用戶手冊作業辦法,Product and user manual work instruction,strict_required,正式文件、程序或表單名稱，應完整維持指定譯名
產品召回作業程序,Product recall control procedure,strict_required,正式文件、程序或表單名稱，應完整維持指定譯名
產品召回時機,Time to recall the products,lexical_required,一般英文詞彙或專業用語，可接受合理的單複數、詞性、冠詞或大小寫變化
產品召回結果報告書,Products recalled report,strict_required,正式文件、程序或表單名稱，應完整維持指定譯名
產品召回與區域改正計畫,Device recall and field corrections plan,lexical_required,一般英文詞彙或專業用語，可接受合理的單複數、詞性、冠詞或大小寫變化
產品召回計畫書,Products recall plan form,strict_required,正式文件、程序或表單名稱，應完整維持指定譯名
產品召回通報單,Product recall reporting form,strict_required,正式文件、程序或表單名稱，應完整維持指定譯名
產品召回通知書,Product recall notice form,strict_required,正式文件、程序或表單名稱，應完整維持指定譯名
產品單一識別二維條碼檢測品質規範,Quality requirement for UDI inspection,strict_required,正式文件、程序或表單名稱，應完整維持指定譯名
產品實現過程,product realization process,lexical_required,一般英文詞彙或專業用語，可接受合理的單複數、詞性、冠詞或大小寫變化
產品專案作業,Product project operation,lexical_required,一般英文詞彙或專業用語，可接受合理的單複數、詞性、冠詞或大小寫變化
產品工程圖,PE (Product Engineering),strict_required,專有名詞、縮寫、代碼或型號，應精確維持指定寫法
產品形狀,product shape,lexical_required,一般英文詞彙或專業用語，可接受合理的單複數、詞性、冠詞或大小寫變化
產品性能,product performance,lexical_required,一般品質、法規或製程專業術語，可接受合理的單複數、詞性或語態變化
產品手冊,Brochure,strict_required,正式文件、程序或表單名稱，應完整維持指定譯名
產品批號追溯管制程序,Product traceability control procedure,strict_required,正式文件、程序或表單名稱，應完整維持指定譯名
產品族群,Product family,lexical_required,一般英文詞彙或專業用語，可接受合理的單複數、詞性、冠詞或大小寫變化
產品最終檢驗(FQC)查檢表,Products final quality control(FQC) checklist,strict_required,正式文件、程序或表單名稱，應完整維持指定譯名
產品材質,product material,lexical_required,一般英文詞彙或專業用語，可接受合理的單複數、詞性、冠詞或大小寫變化
產品查證,product verification,lexical_required,一般動詞或作業用語，可依句型調整時態、語態或詞形
產品標籤明細表,Product labels list,strict_required,正式文件、程序或表單名稱，應完整維持指定譯名
產品檢驗,Product inspection,lexical_required,一般動詞或作業用語，可依句型調整時態、語態或詞形
產品檢驗量測方式與位置要求作業辦法,Product inspection measurement and location requirements work instruction,strict_required,正式文件、程序或表單名稱，應完整維持指定譯名
產品殘留物測試規範,Testing criteria for product residue,strict_required,正式文件、程序或表單名稱，應完整維持指定譯名
產品活動評估表,Product activity evaluation form,strict_required,正式文件、程序或表單名稱，應完整維持指定譯名
產品活動需求申請單,Product activity resource application,strict_required,正式文件、程序或表單名稱，應完整維持指定譯名
產品測試檢查表,Product test checklist,strict_required,正式文件、程序或表單名稱，應完整維持指定譯名
產品測試計劃書,Products testing plan form,strict_required,正式文件、程序或表單名稱，應完整維持指定譯名
產品滅菌前之生物負荷量,Bio-burden,lexical_required,一般品質、法規或製程專業術語，可接受合理的單複數、詞性或語態變化
產品潔淨度管制,Product cleanness control,lexical_required,一般動詞或作業用語，可依句型調整時態、語態或詞形
產品特性,product characteristics,lexical_required,一般英文詞彙或專業用語，可接受合理的單複數、詞性、冠詞或大小寫變化
產品生命週期,Product lifecycle,lexical_required,一般英文詞彙或專業用語，可接受合理的單複數、詞性、冠詞或大小寫變化
產品監控與量測資料蒐集與整理,Data collection & sorting on monitored and measured products,lexical_required,一般品質、法規或製程專業術語，可接受合理的單複數、詞性或語態變化
產品研發工程圖管理辦法,Product engineering drawings management instruction,strict_required,正式文件、程序或表單名稱，應完整維持指定譯名
產品研究,Product Research,lexical_required,一般英文詞彙或專業用語，可接受合理的單複數、詞性、冠詞或大小寫變化
產品研究／行銷技術報告,Product Research / Marketing Technical Report,strict_required,正式文件、程序或表單名稱，應完整維持指定譯名
產品研究／行銷技術報告(以下稱技術報告),Product Research / Marketing Technical Report (hereinafter referred to as Technical Report),strict_required,正式文件、程序或表單名稱，應完整維持指定譯名
產品研究／行銷技術報告作業辦法,Product Research / Marketing Technical Report work instruction,strict_required,正式文件、程序或表單名稱，應完整維持指定譯名
產品確效組,Products Validation Section,strict_required,正式部門或組織單位名稱，應固定使用指定譯名
產品管理單位,Product Management Division,strict_required,正式部門或組織單位名稱，應固定使用指定譯名
產品管理組,Product Management Section,strict_required,正式部門或組織單位名稱，應固定使用指定譯名
產品管理部,Product Management Division,strict_required,正式部門或組織單位名稱，應固定使用指定譯名
產品系統明細表,Items of product systems list,strict_required,正式文件、程序或表單名稱，應完整維持指定譯名
產品終止召回報告書,Product terminate recall report,strict_required,正式文件、程序或表單名稱，應完整維持指定譯名
產品編碼,Coding of product,lexical_required,一般英文詞彙或專業用語，可接受合理的單複數、詞性、冠詞或大小寫變化
產品編碼及命名作業辦法,Product coding and naming work instruction,strict_required,正式文件、程序或表單名稱，應完整維持指定譯名
產品行銷組,Product Marketing,strict_required,正式部門或組織單位名稱，應固定使用指定譯名
產品訂價表,Products pricing form,strict_required,正式文件、程序或表單名稱，應完整維持指定譯名
產品設計變更,Product design change,lexical_required,一般品質、法規或製程專業術語，可接受合理的單複數、詞性或語態變化
產品設計輸入/產出檢查表,Design input / output checklist,strict_required,正式文件、程序或表單名稱，應完整維持指定譯名
產品試作圖,PT (Prototype),strict_required,專有名詞、縮寫、代碼或型號，應精確維持指定寫法
產品認證組,Medical Device Certification Section,strict_required,正式部門或組織單位名稱，應固定使用指定譯名
產品識別管制程序,Product identification control procedure,strict_required,正式文件、程序或表單名稱，應完整維持指定譯名
產品變更/新增規格申請,Applications for Product Design Change/ Product Line Extension,lexical_required,一般動詞或作業用語，可依句型調整時態、語態或詞形
產品資訊,UDI_DI,strict_required,專有名詞、縮寫、代碼或型號，應精確維持指定寫法
產品通報單,Product adversity reporting form,strict_required,正式文件、程序或表單名稱，應完整維持指定譯名
產品通報管制程序,Product adversity report control procedure,strict_required,正式文件、程序或表單名稱，應完整維持指定譯名
產品開發案,Product development project,lexical_required,一般英文詞彙或專業用語，可接受合理的單複數、詞性、冠詞或大小寫變化
產品開發良率表,Products development yield rate form,strict_required,正式文件、程序或表單名稱，應完整維持指定譯名
用電度數記錄表,Electric power utilization degrees record form,strict_required,正式文件、程序或表單名稱，應完整維持指定譯名
申請,Application,lexical_required,一般動詞或作業用語，可依句型調整時態、語態或詞形
異動管理,Transfer management,lexical_required,一般動詞或作業用語，可依句型調整時態、語態或詞形
異常使用,abnormal use,lexical_required,一般英文詞彙或專業用語，可接受合理的單複數、詞性、冠詞或大小寫變化
異常案件分析,Nonconformity,lexical_required,一般英文詞彙或專業用語，可接受合理的單複數、詞性、冠詞或大小寫變化
異常管理,Nonconformance management,lexical_required,一般動詞或作業用語，可依句型調整時態、語態或詞形
異質系統介接整合,Integration of Heterogeneous Systems,lexical_required,一般品質、法規或製程專業術語，可接受合理的單複數、詞性或語態變化
異質系統整合原則,Cross-System Integration Principles,lexical_required,一般品質、法規或製程專業術語，可接受合理的單複數、詞性或語態變化
當 logo 改版時之處理原則,Inspection rules when the logo is revised,reference_only,屬描述性片語、章節語句或提示文字，翻譯可依上下文改寫，不宜因未精確出現而判定失敗
當代技術水平,state of the art,lexical_required,一般英文詞彙或專業用語，可接受合理的單複數、詞性、冠詞或大小寫變化
當責單位,Responsible Division,strict_required,正式部門或組織單位名稱，應固定使用指定譯名
登錄,Register,lexical_required,一般動詞或作業用語，可依句型調整時態、語態或詞形
發出通知,Send notice,lexical_required,一般英文詞彙或專業用語，可接受合理的單複數、詞性、冠詞或大小寫變化
監測報告,Monitoring Report,strict_required,正式文件、程序或表單名稱，應完整維持指定譯名
監測查核表,Monitoring Checklist,strict_required,正式文件、程序或表單名稱，應完整維持指定譯名
監測計畫,Monitoring Plan,lexical_required,一般英文詞彙或專業用語，可接受合理的單複數、詞性、冠詞或大小寫變化
監視器自主檢查表,Monitor self-inspection record form,strict_required,正式文件、程序或表單名稱，應完整維持指定譯名
監視系統新增暨變更設置申請表,Monitoring system addition and change application form,strict_required,正式文件、程序或表單名稱，應完整維持指定譯名
監視系統畫面調閱申請表,Monitoring system scene access application form,strict_required,正式文件、程序或表單名稱，應完整維持指定譯名
監視系統管理辦法,Monitoring system management instruction,strict_required,正式文件、程序或表單名稱，應完整維持指定譯名
目的,Purpose,strict_required,屬描述性片語、章節語句或提示文字，翻譯可依上下文改寫，不宜因未精確出現而判定失敗
直接人員,Direct personnel,lexical_required,一般職稱、角色或人員稱謂，可依上下文調整單複數與冠詞
直接刻印,"Direct Part Mark, DPM",strict_required,專有名詞、縮寫、代碼或型號，應精確維持指定寫法
直接原料,Direct material,lexical_required,一般英文詞彙或專業用語，可接受合理的單複數、詞性、冠詞或大小寫變化
直接調撥單,Direct transfer application form,strict_required,正式文件、程序或表單名稱，應完整維持指定譯名
直方圖,Histogram,lexical_required,一般英文詞彙或專業用語，可接受合理的單複數、詞性、冠詞或大小寫變化
相同最終清洗特性,the same characteristic of final cleaning process,lexical_required,一般品質、法規或製程專業術語，可接受合理的單複數、詞性或語態變化
相對標準差,relative standard deviation,lexical_required,一般品質、法規或製程專業術語，可接受合理的單複數、詞性或語態變化
相關外來文件,Related External Documents,reference_only,屬描述性片語、章節語句或提示文字，翻譯可依上下文改寫，不宜因未精確出現而判定失敗
真圓度校正、清潔保養及操作作業辦法,"Roundness calibration, cleaning, maintain, and operate instruction",strict_required,正式文件、程序或表單名稱，應完整維持指定譯名
真圓度測定機保養(日點檢)記錄表,Roundness tester maintenance daily checklist,strict_required,正式文件、程序或表單名稱，應完整維持指定譯名
真實溫度,actual temperature,lexical_required,一般英文詞彙或專業用語，可接受合理的單複數、詞性、冠詞或大小寫變化
真空熱處理爐操作及保養辦法,Vacuum heat treatment furnace operate and maintain instruction,strict_required,正式文件、程序或表單名稱，應完整維持指定譯名
真空熱處理爐設備開機點檢記錄表,Vacuum heat treatment furance startup checklist,strict_required,正式文件、程序或表單名稱，應完整維持指定譯名
真空熱處理爐設備關機點檢記錄表,Vacuum heat treatment furance shut-off checklist,strict_required,正式文件、程序或表單名稱，應完整維持指定譯名
真空燒結爐設備作業前點檢記錄表,Vacuum furnace Pre-Operation Inspection checklist,strict_required,正式文件、程序或表單名稱，應完整維持指定譯名
真空燒結爐設備操作及保養辦法,Vacuum sintering furnace operate and maintain instruction,strict_required,正式文件、程序或表單名稱，應完整維持指定譯名
真空燒結爐設備關機點檢記錄表,Vacuum furnace shut off checklist,strict_required,正式文件、程序或表單名稱，應完整維持指定譯名
真空爐均溫管制記錄表,Vacuum furnace temperature control record form,strict_required,正式文件、程序或表單名稱，應完整維持指定譯名
真空爐均溫量測及調整作業辦法,Vacuum furnace temperature uniformity test and adjust instruction,strict_required,正式文件、程序或表單名稱，應完整維持指定譯名
真空爐換油記錄表,Vacuum furnace oil changed record form,strict_required,正式文件、程序或表單名稱，應完整維持指定譯名
真空爐生產記錄表,Vacuum heat treatment furnace manufacture record form,strict_required,正式文件、程序或表單名稱，應完整維持指定譯名
真空爐等級,Furnace Classes,lexical_required,一般英文詞彙或專業用語，可接受合理的單複數、詞性、冠詞或大小寫變化
真空電漿噴塗生產記錄表,Vacuum plasma spraying manufacture record form,strict_required,正式文件、程序或表單名稱，應完整維持指定譯名
真空電漿噴塗系統操作及保養辦法,Vacuum plasma spraying system operate and maintain instruction,strict_required,正式文件、程序或表單名稱，應完整維持指定譯名
真空電漿噴塗鈦粉材料規範,Ti powder of vacuum plasma spray coating material specification,strict_required,正式文件、程序或表單名稱，應完整維持指定譯名
知情同意,Informed consent,lexical_required,一般英文詞彙或專業用語，可接受合理的單複數、詞性、冠詞或大小寫變化
知情同意書,Informed consent form,strict_required,正式文件、程序或表單名稱，應完整維持指定譯名
短期借出,Short-term application,lexical_required,一般英文詞彙或專業用語，可接受合理的單複數、詞性、冠詞或大小寫變化
矯正及預防措施,corrective and preventive action,lexical_required,一般品質、法規或製程專業術語，可接受合理的單複數、詞性或語態變化
矯正措施,Corrective action,lexical_required,一般品質、法規或製程專業術語，可接受合理的單複數、詞性或語態變化
矯正與預防措施處理單(C.A.P.A),Corrective action and preventive action form,strict_required,專有名詞、縮寫、代碼或型號，應精確維持指定寫法
矽膠灌模製程規範,Grouting silica gel mold process specification,strict_required,正式文件、程序或表單名稱，應完整維持指定譯名
砂(布)輪機操作及保養辦法,Grinder operate machine and maintain instruction,strict_required,正式文件、程序或表單名稱，應完整維持指定譯名
砂布機操作及保養辦法,Grinder operate machine and maintain instruction,strict_required,正式文件、程序或表單名稱，應完整維持指定譯名
砂輪切割機保養(日點檢)記錄表,Wheel cutting machine maintenance daily checklist,strict_required,正式文件、程序或表單名稱，應完整維持指定譯名
砂輪機操作及保養辦法,Grinder operate machine and maintain instruction,strict_required,正式文件、程序或表單名稱，應完整維持指定譯名
研發中心,Research & Development Department,strict_required,正式部門或組織單位名稱，應固定使用指定譯名
研發單位,R&D Division,strict_required,正式部門或組織單位名稱，應固定使用指定譯名
研發工程人員,R&D engineers,lexical_required,一般職稱、角色或人員稱謂，可依上下文調整單複數與冠詞
研發計畫案,R&D plan project,lexical_required,一般英文詞彙或專業用語，可接受合理的單複數、詞性、冠詞或大小寫變化
研發設計單位,Research & Design Division,strict_required,正式部門或組織單位名稱，應固定使用指定譯名
研發設計單位與器械開發單位,R&D Division and Instrument Development Division,strict_required,正式部門或組織單位名稱，應固定使用指定譯名
研發設計與器械開發單位,R & D and Instrument Development Division,strict_required,正式部門或組織單位名稱，應固定使用指定譯名
研發設計部,R&D Division,strict_required,正式部門或組織單位名稱，應固定使用指定譯名
研磨,grinding,lexical_required,一般動詞或作業用語，可依句型調整時態、語態或詞形
研磨拋光機操作辦法,Milling & polishing machine operate instruction,strict_required,正式文件、程序或表單名稱，應完整維持指定譯名
研究人員,Researcher,lexical_required,一般職稱、角色或人員稱謂，可依上下文調整單複數與冠詞
破壞分析,failure analysis,lexical_required,一般英文詞彙或專業用語，可接受合理的單複數、詞性、冠詞或大小寫變化
破壞性,destructive,lexical_required,一般英文詞彙或專業用語，可接受合理的單複數、詞性、冠詞或大小寫變化
破壞性檢驗,destructive inspection,lexical_required,一般動詞或作業用語，可依句型調整時態、語態或詞形
硬度檢驗記錄表,Hardness inspection record form,strict_required,正式文件、程序或表單名稱，應完整維持指定譯名
硬度試驗機保養(點檢)記錄表,Hardness tester maintenance checklist,strict_required,正式文件、程序或表單名稱，應完整維持指定譯名
硬體工程組,Hardware Engineering Section,strict_required,正式部門或組織單位名稱，應固定使用指定譯名
確定召回團隊成員,Identify appropriate personnel,reference_only,屬描述性片語、章節語句或提示文字，翻譯可依上下文改寫，不宜因未精確出現而判定失敗
確效,validate,lexical_required,一般動詞或作業用語，可依句型調整時態、語態或詞形
確效主計畫,Validation master plan,strict_required,正式文件、程序或表單名稱，應完整維持指定譯名
確效主計畫 VMP,Validation master plan,strict_required,正式文件、程序或表單名稱，應完整維持指定譯名
確效主計畫表,Validation master plan form,strict_required,正式文件、程序或表單名稱，應完整維持指定譯名
確效之限制,validation restrictions,lexical_required,一般品質、法規或製程專業術語，可接受合理的單複數、詞性或語態變化
確效作業,validation procedure,lexical_required,一般品質、法規或製程專業術語，可接受合理的單複數、詞性或語態變化
確效作業辦法,Validation work instruction,strict_required,正式文件、程序或表單名稱，應完整維持指定譯名
確效小組,Validation team,strict_required,正式部門或組織單位名稱，應固定使用指定譯名
確效計畫書,Validation protocol,strict_required,正式文件、程序或表單名稱，應完整維持指定譯名
確認需求,Confirm requirements,lexical_required,一般英文詞彙或專業用語，可接受合理的單複數、詞性、冠詞或大小寫變化
碼錶、計時器校正作業辦法,Stopwatch and timer calibrate instruction,strict_required,正式文件、程序或表單名稱，應完整維持指定譯名
稅務組,Taxation Section,strict_required,正式部門或組織單位名稱，應固定使用指定譯名
程式申請單,Programming application form,strict_required,正式文件、程序或表單名稱，應完整維持指定譯名
程式管理辦法,Programming management instruction,strict_required,正式文件、程序或表單名稱，應完整維持指定譯名
稽核,Audit,lexical_required,一般品質、法規或製程專業術語，可接受合理的單複數、詞性或語態變化
稽核前說明,Instruction before audit,lexical_required,一般品質、法規或製程專業術語，可接受合理的單複數、詞性或語態變化
稽核員,Auditor,lexical_required,一般職稱、角色或人員稱謂，可依上下文調整單複數與冠詞
稽核員之資格,Qualifications of auditors,lexical_required,一般品質、法規或製程專業術語，可接受合理的單複數、詞性或語態變化
稽核查檢表,Internal audit checklist,strict_required,正式文件、程序或表單名稱，應完整維持指定譯名
稽核結果改善,Nonconformity Improvement,lexical_required,一般品質、法規或製程專業術語，可接受合理的單複數、詞性或語態變化
稽核計劃與頻率,Audit plan & Audit frequency,lexical_required,一般品質、法規或製程專業術語，可接受合理的單複數、詞性或語態變化
積層製造技術組,Additive Manufacturing Technique Section,strict_required,正式部門或組織單位名稱，應固定使用指定譯名
積層製造製程確效作業辦法,Additive manufacturing process validation work Instruction,strict_required,正式文件、程序或表單名稱，應完整維持指定譯名
積層製造製程規範,Additive Manufacturing Process Specification,strict_required,正式文件、程序或表單名稱，應完整維持指定譯名
穩定性,stability,lexical_required,一般英文詞彙或專業用語，可接受合理的單複數、詞性、冠詞或大小寫變化
空壓機自主檢查表,Air compressor self-inspection record form,strict_required,正式文件、程序或表單名稱，應完整維持指定譯名
空氣中浮游菌,airborne microbe,lexical_required,一般英文詞彙或專業用語，可接受合理的單複數、詞性、冠詞或大小寫變化
空氣取樣法,air sampling,lexical_required,一般英文詞彙或專業用語，可接受合理的單複數、詞性、冠詞或大小寫變化
空氣微粒清淨度,air particle purity,lexical_required,一般英文詞彙或專業用語，可接受合理的單複數、詞性、冠詞或大小寫變化
空氣懸浮微粒計數,airborne particle count,lexical_required,一般英文詞彙或專業用語，可接受合理的單複數、詞性、冠詞或大小寫變化
空氣換氣數,air change rate,lexical_required,一般英文詞彙或專業用語，可接受合理的單複數、詞性、冠詞或大小寫變化
空氣處理系統,air processing system,lexical_required,一般品質、法規或製程專業術語，可接受合理的單複數、詞性或語態變化
空氣調節系統,Air Conditioning System,lexical_required,一般品質、法規或製程專業術語，可接受合理的單複數、詞性或語態變化
空氣量規(點檢)記錄表,Air gauge checklist,strict_required,正式文件、程序或表單名稱，應完整維持指定譯名
立體顯微鏡操作作業辦法,Stereo microscope operate instruction,strict_required,正式文件、程序或表單名稱，應完整維持指定譯名
符合,Compliance,lexical_required,一般英文詞彙或專業用語，可接受合理的單複數、詞性、冠詞或大小寫變化
符合 - 100%,Compliance - 100%,reference_only,屬描述性片語、章節語句或提示文字，翻譯可依上下文改寫，不宜因未精確出現而判定失敗
符合性評估,Conformity assessment,lexical_required,一般動詞或作業用語，可依句型調整時態、語態或詞形
第一類標準規格品,Type-I products of standard specification,lexical_required,一般英文詞彙或專業用語，可接受合理的單複數、詞性、冠詞或大小寫變化
第三方獨立機構稽核,Notified body audit,lexical_required,一般品質、法規或製程專業術語，可接受合理的單複數、詞性或語態變化
第三階管理系統文件,Third-order quality system documents,lexical_required,一般品質、法規或製程專業術語，可接受合理的單複數、詞性或語態變化
第三類委外加工零件類,Type-III outsourced manufacturing parts,lexical_required,一般英文詞彙或專業用語，可接受合理的單複數、詞性、冠詞或大小寫變化
第二階管理系統、環境管理系統和職業安全衛生管理系統文件,"Second-order quality management system documents, environmental management system documents and occupational safety & health management system documents",lexical_required,一般品質、法規或製程專業術語，可接受合理的單複數、詞性或語態變化
第二類生產性物料,Type-II productive materials,lexical_required,一般品質、法規或製程專業術語，可接受合理的單複數、詞性或語態變化
第二類生產材料品質規範,Quality requirement for category II incoming material,strict_required,正式文件、程序或表單名稱，應完整維持指定譯名
第五類模具類,Type-V molds,lexical_required,一般英文詞彙或專業用語，可接受合理的單複數、詞性、冠詞或大小寫變化
第四階管理系統文件,Fourth-order quality system documents,lexical_required,一般品質、法規或製程專業術語，可接受合理的單複數、詞性或語態變化
等同性,Equivalence,lexical_required,一般英文詞彙或專業用語，可接受合理的單複數、詞性、冠詞或大小寫變化
等同性器材,Equivalent device,lexical_required,一般英文詞彙或專業用語，可接受合理的單複數、詞性、冠詞或大小寫變化
算數平均值,arithmetic mean,lexical_required,一般英文詞彙或專業用語，可接受合理的單複數、詞性、冠詞或大小寫變化
管制區,Control zone,lexical_required,一般英文詞彙或專業用語，可接受合理的單複數、詞性、冠詞或大小寫變化
管制原則,Management principles,lexical_required,一般英文詞彙或專業用語，可接受合理的單複數、詞性、冠詞或大小寫變化
管制圖,Control chart,lexical_required,一般英文詞彙或專業用語，可接受合理的單複數、詞性、冠詞或大小寫變化
管制記錄表,control record form,strict_required,正式文件、程序或表單名稱，應完整維持指定譯名
管控,Control,lexical_required,一般動詞或作業用語，可依句型調整時態、語態或詞形
管理代表,Management representative,strict_required,正式文件、程序或表單名稱，應完整維持指定譯名
管理審查,Management review,lexical_required,一般動詞或作業用語，可依句型調整時態、語態或詞形
管理審查作業程序,Management review procedure,strict_required,正式文件、程序或表單名稱，應完整維持指定譯名
管理審查會議記錄單,Management review meeting minutes,strict_required,正式文件、程序或表單名稱，應完整維持指定譯名
管理權責,Management responsibilities and authorities,lexical_required,一般英文詞彙或專業用語，可接受合理的單複數、詞性、冠詞或大小寫變化
管理系統文件定期審核記錄表,Management system documents periodical review record form,strict_required,正式文件、程序或表單名稱，應完整維持指定譯名
管理系統文件權責對照表,Division duty of management system documentations list,strict_required,正式文件、程序或表單名稱，應完整維持指定譯名
管理維護,Management and maintenance,lexical_required,一般英文詞彙或專業用語，可接受合理的單複數、詞性、冠詞或大小寫變化
管理適用,Management applicability,lexical_required,一般英文詞彙或專業用語，可接受合理的單複數、詞性、冠詞或大小寫變化
箱型冷氣機自主保養表,Box-type air-conditioner self-maintenance record form,strict_required,正式文件、程序或表單名稱，應完整維持指定譯名
箱型循環風扇熱處理爐操作保養辦法,Box type circulating fan heat treatment furnace maintain instruction,strict_required,正式文件、程序或表單名稱，應完整維持指定譯名
範圍,Scope,strict_required,屬描述性片語、章節語句或提示文字，翻譯可依上下文改寫，不宜因未精確出現而判定失敗
篩選,Sorting,lexical_required,一般動詞或作業用語，可依句型調整時態、語態或詞形
簡易升降設備作業前檢查表,Simple lifting equipment operation checklist,strict_required,正式文件、程序或表單名稱，應完整維持指定譯名
簽名、蓋章模式認證作業辦法,Mode of signature and stamp verification work instruction,strict_required,正式文件、程序或表單名稱，應完整維持指定譯名
簽名、蓋章模式認證表,Mode of signature and stamp verification form,strict_required,正式文件、程序或表單名稱，應完整維持指定譯名
簽署與錯誤修正,Signing and correction,lexical_required,一般英文詞彙或專業用語，可接受合理的單複數、詞性、冠詞或大小寫變化
粗度輪廓,Roughness profile,lexical_required,一般英文詞彙或專業用語，可接受合理的單複數、詞性、冠詞或大小寫變化
精密度,precision,lexical_required,一般英文詞彙或專業用語，可接受合理的單複數、詞性、冠詞或大小寫變化
精測室儀器使用記錄表,Equipment in precision laboratory usage record form,strict_required,正式文件、程序或表單名稱，應完整維持指定譯名
精測室管理辦法,QA inspection room management instruction,strict_required,正式文件、程序或表單名稱，應完整維持指定譯名
精餾酒精,rectified spirit,lexical_required,一般英文詞彙或專業用語，可接受合理的單複數、詞性、冠詞或大小寫變化
系統備份原則,System Backup Principles,lexical_required,一般品質、法規或製程專業術語，可接受合理的單複數、詞性或語態變化
系統功能簡述,System Function Overview,lexical_required,一般品質、法規或製程專業術語，可接受合理的單複數、詞性或語態變化
系統架構圖,System Architecture Diagram,strict_required,正式文件、程序或表單名稱，應完整維持指定譯名
系統權限設定,System permission setting,lexical_required,一般品質、法規或製程專業術語，可接受合理的單複數、詞性或語態變化
系統軟體驗證報告,System Software Qualification Report,strict_required,正式文件、程序或表單名稱，應完整維持指定譯名
系統配置,System Configuration,lexical_required,一般品質、法規或製程專業術語，可接受合理的單複數、詞性或語態變化
系統開發驗證,System Development Qualification,lexical_required,一般動詞或作業用語，可依句型調整時態、語態或詞形
純水內毒素測試,Endotoxin test of pure water,lexical_required,一般動詞或作業用語，可依句型調整時態、語態或詞形
純水系統設備操作及保養辦法,Pure water system operate and maintain instruction,strict_required,正式文件、程序或表單名稱，應完整維持指定譯名
純水系統設備點檢記錄表(高雄三期廠),Pure water equipment checklist (Phase III of Kaohsiung),strict_required,正式文件、程序或表單名稱，應完整維持指定譯名
純水系統設備點檢記錄表(高雄二期廠),Pure water equipment checklist (Phase two of Kaohsiung),strict_required,正式文件、程序或表單名稱，應完整維持指定譯名
純水設備保養辦法,RO water equipment maintain instruction,strict_required,正式文件、程序或表單名稱，應完整維持指定譯名
純水設備點檢記錄表,Pure water equipment maintenance checklist,strict_required,正式文件、程序或表單名稱，應完整維持指定譯名
純水設備點檢記錄表(高雄廠),Pure water equipment checklist (Kaohsiung),strict_required,正式文件、程序或表單名稱，應完整維持指定譯名
組樹外觀檢驗品質規範,Cosmetic quality requirement for wax tree assembly,strict_required,正式文件、程序或表單名稱，應完整維持指定譯名
組樹製程規範,Wax tree process specification,strict_required,正式文件、程序或表單名稱，應完整維持指定譯名
組織代碼對照表,Cross reference table of organization code,strict_required,正式文件、程序或表單名稱，應完整維持指定譯名
組織功能,Organizational function,lexical_required,一般英文詞彙或專業用語，可接受合理的單複數、詞性、冠詞或大小寫變化
組織圖,Organizational structure,lexical_required,一般英文詞彙或專業用語，可接受合理的單複數、詞性、冠詞或大小寫變化
組裝性,assembly,lexical_required,一般英文詞彙或專業用語，可接受合理的單複數、詞性、冠詞或大小寫變化
組長,Team leader,lexical_required,一般英文詞彙或專業用語，可接受合理的單複數、詞性、冠詞或大小寫變化
結束會議,Closing meeting,lexical_required,一般英文詞彙或專業用語，可接受合理的單複數、詞性、冠詞或大小寫變化
結案依據,Plan Closed Reference,reference_only,屬描述性片語、章節語句或提示文字，翻譯可依上下文改寫，不宜因未精確出現而判定失敗
結案報告,Closing report,strict_required,正式文件、程序或表單名稱，應完整維持指定譯名
統計上顯著增加,Statistically significant increase,lexical_required,一般英文詞彙或專業用語，可接受合理的單複數、詞性、冠詞或大小寫變化
統計及分析,Statistics and analysis,lexical_required,一般英文詞彙或專業用語，可接受合理的單複數、詞性、冠詞或大小寫變化
統計技術,Statistical techniques,lexical_required,一般英文詞彙或專業用語，可接受合理的單複數、詞性、冠詞或大小寫變化
統計表,Statistic table,strict_required,正式文件、程序或表單名稱，應完整維持指定譯名
經銷商/服務商,Distributor,lexical_required,一般英文詞彙或專業用語，可接受合理的單複數、詞性、冠詞或大小寫變化
維修／報廢處理,Repair/Scrapping,lexical_required,一般動詞或作業用語，可依句型調整時態、語態或詞形
維護管理,Maintenance management,lexical_required,一般動詞或作業用語，可依句型調整時態、語態或詞形
維護與保存,Maintenance and retaining,lexical_required,一般英文詞彙或專業用語，可接受合理的單複數、詞性、冠詞或大小寫變化
維運開發,Development,lexical_required,一般英文詞彙或專業用語，可接受合理的單複數、詞性、冠詞或大小寫變化
網路管理組,Network Management Section,strict_required,正式部門或組織單位名稱，應固定使用指定譯名
緊急變更,Urgent change,lexical_required,一般英文詞彙或專業用語，可接受合理的單複數、詞性、冠詞或大小寫變化
線上課程,Online course,lexical_required,一般英文詞彙或專業用語，可接受合理的單複數、詞性、冠詞或大小寫變化
線切割機操作及保養辦法,Wire cut machine operate and maintain instruction,strict_required,正式文件、程序或表單名稱，應完整維持指定譯名
線性分析,linear analysis,lexical_required,一般英文詞彙或專業用語，可接受合理的單複數、詞性、冠詞或大小寫變化
編碼、命名,Coding and naming,lexical_required,一般英文詞彙或專業用語，可接受合理的單複數、詞性、冠詞或大小寫變化
編號管理,Coding management,lexical_required,一般動詞或作業用語，可依句型調整時態、語態或詞形
總務單位,General Affairs Division,strict_required,正式部門或組織單位名稱，應固定使用指定譯名
總務組,General Affairs Section,strict_required,正式部門或組織單位名稱，應固定使用指定譯名
總有機碳測試,Total Organic Carbon,lexical_required,一般動詞或作業用語，可依句型調整時態、語態或詞形
總管理處,Administration Department,strict_required,正式部門或組織單位名稱，應固定使用指定譯名
總結報告,Summary report,strict_required,正式文件、程序或表單名稱，應完整維持指定譯名
總結性評估,summative evaluation,lexical_required,一般動詞或作業用語，可依句型調整時態、語態或詞形
總經理,President,lexical_required,一般職稱、角色或人員稱謂，可依上下文調整單複數與冠詞
總經理室,President Office,strict_required,正式部門或組織單位名稱，應固定使用指定譯名
總菌落數測試,Total Colonies,lexical_required,一般動詞或作業用語，可依句型調整時態、語態或詞形
總輪廓,Total profile,lexical_required,一般英文詞彙或專業用語，可接受合理的單複數、詞性、冠詞或大小寫變化
繳回入庫單,Material return to stock form,strict_required,正式文件、程序或表單名稱，應完整維持指定譯名
置架期,Shelf Life,lexical_required,一般英文詞彙或專業用語，可接受合理的單複數、詞性、冠詞或大小寫變化
美國,The United States,strict_required,公司、主管機關、國家地區或資料庫正式名稱，應固定使用指定譯名
美國代理人,U.S. agent,lexical_required,一般英文詞彙或專業用語，可接受合理的單複數、詞性、冠詞或大小寫變化
美國食品與藥物管理局,Food and Drug Administration,strict_required,公司、主管機關、國家地區或資料庫正式名稱，應固定使用指定譯名
群體醫療器材不良事件,Group medical device adverse events,lexical_required,一般品質、法規或製程專業術語，可接受合理的單複數、詞性或語態變化
聚料、打彎鍛墊片參數表,Parameters table of mold pad (for Upsetting & Bending),strict_required,正式文件、程序或表單名稱，應完整維持指定譯名
聯合文獻資料庫,United publication database,lexical_required,一般英文詞彙或專業用語，可接受合理的單複數、詞性、冠詞或大小寫變化
聯合骨科器材股份有限公司,United Orthopedic Corporation,strict_required,公司、主管機關、國家地區或資料庫正式名稱，應固定使用指定譯名
職務說明書,Job description form,strict_required,正式文件、程序或表單名稱，應完整維持指定譯名
職務說明書撰寫,Job description form,lexical_required,一般英文詞彙或專業用語，可接受合理的單複數、詞性、冠詞或大小寫變化
腐蝕,corrosion,lexical_required,一般英文詞彙或專業用語，可接受合理的單複數、詞性、冠詞或大小寫變化
腫瘤/訂製品零件清單,Tumor / custom-made parts list,strict_required,正式文件、程序或表單名稱，應完整維持指定譯名
腫瘤關節組裝功能測試件校正作業辦法,Tumor prosthesis function test work instruction,strict_required,正式文件、程序或表單名稱，應完整維持指定譯名
膜厚計校正作業辦法,Film thickness meter calibrate instruction,strict_required,正式文件、程序或表單名稱，應完整維持指定譯名
臘胚外觀檢驗品質規範,Cosmetic quality requirement for wax embryos,strict_required,正式文件、程序或表單名稱，應完整維持指定譯名
臥式影像機保養記錄表,Projector maintenance record form,strict_required,正式文件、程序或表單名稱，應完整維持指定譯名
臨床安全性,Clinical safety,lexical_required,一般品質、法規或製程專業術語，可接受合理的單複數、詞性或語態變化
臨床性能,Clinical performance,lexical_required,一般品質、法規或製程專業術語，可接受合理的單複數、詞性或語態變化
臨床效益,Clinical benefit,lexical_required,一般品質、法規或製程專業術語，可接受合理的單複數、詞性或語態變化
臨床研究組,Clinical Research Section,strict_required,正式部門或組織單位名稱，應固定使用指定譯名
臨床組,Clinical Education Team,strict_required,正式部門或組織單位名稱，應固定使用指定譯名
臨床評估,Clinical evaluation,lexical_required,一般動詞或作業用語，可依句型調整時態、語態或詞形
臨床評估作業辦法,Clinical evaluation work instruction,strict_required,正式文件、程序或表單名稱，應完整維持指定譯名
臨床評估報告書,Clinical evaluation report,strict_required,正式文件、程序或表單名稱，應完整維持指定譯名
臨床評估計畫書,Clinical evaluation plan,strict_required,正式文件、程序或表單名稱，應完整維持指定譯名
臨床試驗,Clinical trial,lexical_required,一般品質、法規或製程專業術語，可接受合理的單複數、詞性或語態變化
臨床試驗作業辦法,Clinical trial work instruction,strict_required,正式文件、程序或表單名稱，應完整維持指定譯名
臨床資料,Clinical data,lexical_required,一般品質、法規或製程專業術語，可接受合理的單複數、詞性或語態變化
臨時性修改,Temporary modification,lexical_required,一般英文詞彙或專業用語，可接受合理的單複數、詞性、冠詞或大小寫變化
自主檢驗,Self-inspection,lexical_required,一般動詞或作業用語，可依句型調整時態、語態或詞形
自主檢驗記錄表,Self-inspection record form,strict_required,正式文件、程序或表單名稱，應完整維持指定譯名
自來水、天然氣度數抄表,Tap water and gas degrees record form,strict_required,正式文件、程序或表單名稱，應完整維持指定譯名
自動識別技術,AIDC,strict_required,專有名詞、縮寫、代碼或型號，應精確維持指定寫法
自動貼標設備管理辦法,Automatic labelling system software equipment management instruction,strict_required,正式文件、程序或表單名稱，應完整維持指定譯名
自有品牌產品,Own branding products of United,lexical_required,一般英文詞彙或專業用語，可接受合理的單複數、詞性、冠詞或大小寫變化
自製模具檢驗,Self-manufactured mold inspection,lexical_required,一般動詞或作業用語，可依句型調整時態、語態或詞形
自製檢具校驗作業辦法,Self-made gages calibrate instruction,strict_required,正式文件、程序或表單名稱，應完整維持指定譯名
致癌物質評估報告,CMR/ED Substances Evaluation Report,strict_required,正式文件、程序或表單名稱，應完整維持指定譯名
良率,yield,lexical_required,一般英文詞彙或專業用語，可接受合理的單複數、詞性、冠詞或大小寫變化
花崗岩平台保養(點檢)記錄表,Granite platform maintenance checklist,strict_required,正式文件、程序或表單名稱，應完整維持指定譯名
英國,UK,strict_required,公司、主管機關、國家地區或資料庫正式名稱，應固定使用指定譯名
英文流水碼命名規則,Naming rule for English serial code,lexical_required,一般英文詞彙或專業用語，可接受合理的單複數、詞性、冠詞或大小寫變化
菌落,colony,lexical_required,一般英文詞彙或專業用語，可接受合理的單複數、詞性、冠詞或大小寫變化
菌落形成單位,"Colony-forming unit, CFU",strict_required,專有名詞、縮寫、代碼或型號，應精確維持指定寫法
菌落數,colony count,lexical_required,一般英文詞彙或專業用語，可接受合理的單複數、詞性、冠詞或大小寫變化
落下菌,falling bacteria,lexical_required,一般英文詞彙或專業用語，可接受合理的單複數、詞性、冠詞或大小寫變化
落菌法,settle plate test,lexical_required,一般英文詞彙或專業用語，可接受合理的單複數、詞性、冠詞或大小寫變化
葉漿式風速計,vane anemometer,lexical_required,一般英文詞彙或專業用語，可接受合理的單複數、詞性、冠詞或大小寫變化
董事長,Chairman,lexical_required,一般職稱、角色或人員稱謂，可依上下文調整單複數與冠詞
蒐集,Collection,lexical_required,一般動詞或作業用語，可依句型調整時態、語態或詞形
處理,Processing,lexical_required,一般動詞或作業用語，可依句型調整時態、語態或詞形
處置,Dispose,lexical_required,一般動詞或作業用語，可依句型調整時態、語態或詞形
處長,Director,lexical_required,一般職稱、角色或人員稱謂，可依上下文調整單複數與冠詞
螢檢設備保養(日點檢)記錄表,Fluorescent inspection equipment maintenance daily checklist,strict_required,正式文件、程序或表單名稱，應完整維持指定譯名
螺紋栓規校正作業辦法,Thread gage calibrate instruction,strict_required,正式文件、程序或表單名稱，應完整維持指定譯名
螺紋環栓規使用作業辦法,Thread gauge usage instruction,strict_required,正式文件、程序或表單名稱，應完整維持指定譯名
螺絲黏著劑塗抹及鎖合製程規範,Screw adhesive smearing and locking process specification,strict_required,正式文件、程序或表單名稱，應完整維持指定譯名
蟲害防治區域之防治措施暨權責表,Division duty and strategy of pest prevention and control area list,strict_required,正式文件、程序或表單名稱，應完整維持指定譯名
蟲害防治檢查記錄表,Pest prevention and control check record form,strict_required,正式文件、程序或表單名稱，應完整維持指定譯名
蟲害防治物品擺放位置表,Pest control item placement form,strict_required,正式文件、程序或表單名稱，應完整維持指定譯名
蠟串清洗機操作及保養辦法,Wax string washing machine operate and maintain instruction,strict_required,正式文件、程序或表單名稱，應完整維持指定譯名
蠟胚整修製程規範,Wax patterns repair process specification,strict_required,正式文件、程序或表單名稱，應完整維持指定譯名
行動計劃表,Action plan form,strict_required,正式文件、程序或表單名稱，應完整維持指定譯名
行政管理單位,Administration Division,strict_required,正式部門或組織單位名稱，應固定使用指定譯名
行政管理部,Administration Division,strict_required,正式部門或組織單位名稱，應固定使用指定譯名
行政組,Administrative Section,strict_required,正式部門或組織單位名稱，應固定使用指定譯名
行銷素材產出,Creation of Marketing Materials,lexical_required,一般英文詞彙或專業用語，可接受合理的單複數、詞性、冠詞或大小寫變化
行銷輔助品與贈品,Give-away,lexical_required,一般英文詞彙或專業用語，可接受合理的單複數、詞性、冠詞或大小寫變化
衛生福利部食品藥物管理署,Taiwan Food and Drug Administration,strict_required,公司、主管機關、國家地區或資料庫正式名稱，應固定使用指定譯名
表單操作說明,Form Operation Instructions,lexical_required,一般英文詞彙或專業用語，可接受合理的單複數、詞性、冠詞或大小寫變化
表格、文件一覽表,Tables and documents list,strict_required,正式文件、程序或表單名稱，應完整維持指定譯名
表面3D輪廓量測儀維護保養及校正作業辦法,Maintenance and calibration for 3D optical profilometer work instruction,strict_required,正式文件、程序或表單名稱，應完整維持指定譯名
表面粗度儀保養(點檢)記錄表,Surface roughness tester maintenance checklist,strict_required,正式文件、程序或表單名稱，應完整維持指定譯名
表面粗度儀校正作業辦法,Surface roughness tester calibrate instruction,strict_required,正式文件、程序或表單名稱，應完整維持指定譯名
表面粗度儀量測作業辦法,Surface roughness tester measure instruction,strict_required,正式文件、程序或表單名稱，應完整維持指定譯名
表面處理,surface treatment,lexical_required,一般動詞或作業用語，可依句型調整時態、語態或詞形
表面輪廓,Surface profile,lexical_required,一般英文詞彙或專業用語，可接受合理的單複數、詞性、冠詞或大小寫變化
裝載格局,Loading pattern,lexical_required,一般英文詞彙或專業用語，可接受合理的單複數、詞性、冠詞或大小寫變化
製程,process,lexical_required,一般品質、法規或製程專業術語，可接受合理的單複數、詞性或語態變化
製程作業標準書SOP作業辦法,Standard operation procedure work instruction,strict_required,正式文件、程序或表單名稱，應完整維持指定譯名
製程再確效,process re-validation,lexical_required,一般動詞或作業用語，可依句型調整時態、語態或詞形
製程報廢品處理,Dispose the process-scrapped items,lexical_required,一般動詞或作業用語，可依句型調整時態、語態或詞形
製程失效模式與效應分析作業辦法,Process failure mode and effect analysis work instruction,strict_required,正式文件、程序或表單名稱，應完整維持指定譯名
製程失效模式與效應分析表,Process failure mode and effects analysis worksheet,strict_required,正式文件、程序或表單名稱，應完整維持指定譯名
製程失效風險分析,Process failure risk analysis,lexical_required,一般品質、法規或製程專業術語，可接受合理的單複數、詞性或語態變化
製程巡迴檢驗,In-process inspection,lexical_required,一般動詞或作業用語，可依句型調整時態、語態或詞形
製程挑戰產品,"Process challenge device, PCD",strict_required,專有名詞、縮寫、代碼或型號，應精確維持指定寫法
製程改善案,Process improvement project,lexical_required,一般品質、法規或製程專業術語，可接受合理的單複數、詞性或語態變化
製程改善組,Process Improvement Section,strict_required,正式部門或組織單位名稱，應固定使用指定譯名
製程文書組,Process Document Section,strict_required,正式部門或組織單位名稱，應固定使用指定譯名
製程查證,Process verification,lexical_required,一般動詞或作業用語，可依句型調整時態、語態或詞形
製程檢驗管制,Process inspection control,lexical_required,一般動詞或作業用語，可依句型調整時態、語態或詞形
製程檢驗管制程序,In-process inspection procedure,strict_required,正式文件、程序或表單名稱，應完整維持指定譯名
製程測試計畫書&報告書,Process test protocol & report,strict_required,正式文件、程序或表單名稱，應完整維持指定譯名
製程準備,Process preparation,lexical_required,一般動詞或作業用語，可依句型調整時態、語態或詞形
製程異常通知單,In-process non-conformity notice form,strict_required,正式文件、程序或表單名稱，應完整維持指定譯名
製程確效,Process validation,lexical_required,一般動詞或作業用語，可依句型調整時態、語態或詞形
製程確效主計畫,Validation Master Plan,lexical_required,一般品質、法規或製程專業術語，可接受合理的單複數、詞性或語態變化
製程確效之內容,Contents of process validation,lexical_required,一般品質、法規或製程專業術語，可接受合理的單複數、詞性或語態變化
製程移轉,Process transfer,lexical_required,一般品質、法規或製程專業術語，可接受合理的單複數、詞性或語態變化
製程移轉報告一覽表,Process transfer items list,strict_required,正式文件、程序或表單名稱，應完整維持指定譯名
製程稽核,In-process audit,lexical_required,一般品質、法規或製程專業術語，可接受合理的單複數、詞性或語態變化
製程管制,Process control,lexical_required,一般動詞或作業用語，可依句型調整時態、語態或詞形
製程管制作業程序,Production control procedure,strict_required,正式文件、程序或表單名稱，應完整維持指定譯名
製程系統稽核記錄表,In-process system auditing record form,strict_required,正式文件、程序或表單名稱，應完整維持指定譯名
製程組,Process Section,strict_required,正式部門或組織單位名稱，應固定使用指定譯名
製程說明及作業說明,Process description and operation description,strict_required,正式文件、程序或表單名稱，應完整維持指定譯名
製程說明書,Process description form,strict_required,正式文件、程序或表單名稱，應完整維持指定譯名
製程說明書草稿,Draft process description form,strict_required,正式文件、程序或表單名稱，應完整維持指定譯名
製程變更管制,Process change control,lexical_required,一般動詞或作業用語，可依句型調整時態、語態或詞形
製程變更管制記錄表,Process change control record form,strict_required,正式文件、程序或表單名稱，應完整維持指定譯名
製程開發/高雄製程開發單位,Process Development/ KS Process Development Division,strict_required,專有名詞、縮寫、代碼或型號，應精確維持指定寫法
製程開發、器械開發與高雄製程開發部,"Process Development Division , Instrument Development Division and KS Process Development Division",strict_required,正式部門或組織單位名稱，應固定使用指定譯名
製程開發單位,Process Development Division,strict_required,正式部門或組織單位名稱，應固定使用指定譯名
製程開發與高雄製程開發部,Process Development Division and KS Process Development Division,strict_required,正式部門或組織單位名稱，應固定使用指定譯名
製程開發部,Process Development Division,strict_required,正式部門或組織單位名稱，應固定使用指定譯名
製程開發部及器械開發部,Process Development Division and Instrument Development Division,strict_required,正式部門或組織單位名稱，應固定使用指定譯名
製程驗證及量產放行管制程序,Process verification and mass production release procedure,strict_required,正式文件、程序或表單名稱，應完整維持指定譯名
製程驗證報告一覽表,Process verification items list,strict_required,正式文件、程序或表單名稱，應完整維持指定譯名
製造,Manufacture,lexical_required,一般動詞或作業用語，可依句型調整時態、語態或詞形
製造商,Manufacturer,lexical_required,一般職稱、角色或人員稱謂，可依上下文調整單複數與冠詞
製造流程管制記錄表,Manufacturing process control record form,strict_required,正式文件、程序或表單名稱，應完整維持指定譯名
複方清潔劑,Compound Cleaning Agents,lexical_required,一般英文詞彙或專業用語，可接受合理的單複數、詞性、冠詞或大小寫變化
視覺設計組,Graphic Design Section,strict_required,正式部門或組織單位名稱，應固定使用指定譯名
觀察事項,Observation,lexical_required,一般英文詞彙或專業用語，可接受合理的單複數、詞性、冠詞或大小寫變化
角度規、分度尺校正作業辦法,Angle gauge and graduated scale calibrate instruction,strict_required,正式文件、程序或表單名稱，應完整維持指定譯名
訂單審查管制程序,Order review and control procedure,strict_required,正式文件、程序或表單名稱，應完整維持指定譯名
訂單採購,Purchase Order Procurement,lexical_required,一般動詞或作業用語，可依句型調整時態、語態或詞形
訂單變更,Revise order,lexical_required,一般英文詞彙或專業用語，可接受合理的單複數、詞性、冠詞或大小寫變化
訂單通知,Order notice,lexical_required,一般英文詞彙或專業用語，可接受合理的單複數、詞性、冠詞或大小寫變化
訂製品,Custom-made products,lexical_required,一般英文詞彙或專業用語，可接受合理的單複數、詞性、冠詞或大小寫變化
訂製品訂單,Custom order,strict_required,正式文件、程序或表單名稱，應完整維持指定譯名
訂貨單,Purchase order,strict_required,正式文件、程序或表單名稱，應完整維持指定譯名
計時顯示器,timer,lexical_required,一般英文詞彙或專業用語，可接受合理的單複數、詞性、冠詞或大小寫變化
訓練,Training,lexical_required,一般英文詞彙或專業用語，可接受合理的單複數、詞性、冠詞或大小寫變化
訓練執行作業,Training participation,lexical_required,一般英文詞彙或專業用語，可接受合理的單複數、詞性、冠詞或大小寫變化
訓練成效評估作業,Training effectiveness evaluation,lexical_required,一般英文詞彙或專業用語，可接受合理的單複數、詞性、冠詞或大小寫變化
訓練方式,Training method,lexical_required,一般英文詞彙或專業用語，可接受合理的單複數、詞性、冠詞或大小寫變化
訓練記錄保存,Retain training records,lexical_required,一般英文詞彙或專業用語，可接受合理的單複數、詞性、冠詞或大小寫變化
訓練類型,Training type,lexical_required,一般英文詞彙或專業用語，可接受合理的單複數、詞性、冠詞或大小寫變化
記錄,Records,lexical_required,一般英文詞彙或專業用語，可接受合理的單複數、詞性、冠詞或大小寫變化
記錄保存,Retain records,lexical_required,一般英文詞彙或專業用語，可接受合理的單複數、詞性、冠詞或大小寫變化
記錄器修正值,recorder corrected value,lexical_required,一般英文詞彙或專業用語，可接受合理的單複數、詞性、冠詞或大小寫變化
記錄器校驗報告,controller calibration report,strict_required,正式文件、程序或表單名稱，應完整維持指定譯名
記錄與追蹤,Recording and tracking,lexical_required,一般英文詞彙或專業用語，可接受合理的單複數、詞性、冠詞或大小寫變化
訪客進出登記表,Guest access registration form,strict_required,正式文件、程序或表單名稱，應完整維持指定譯名
設備工程師三、四級保養,Level 3~4 maintenance,lexical_required,一般品質、法規或製程專業術語，可接受合理的單複數、詞性或語態變化
設備技術組,Equipment Technique Group,strict_required,正式部門或組織單位名稱，應固定使用指定譯名
設備確效,equipment validation,lexical_required,一般動詞或作業用語，可依句型調整時態、語態或詞形
設備確效作業辦法,Equipment validation work instruction,strict_required,正式文件、程序或表單名稱，應完整維持指定譯名
設備維護組,Equipment Maintenance Section,strict_required,正式部門或組織單位名稱，應固定使用指定譯名
設備編號,equipment ID,lexical_required,一般品質、法規或製程專業術語，可接受合理的單複數、詞性或語態變化
設施/設備變更,Facility/ equipment change,lexical_required,一般品質、法規或製程專業術語，可接受合理的單複數、詞性或語態變化
設施/設備變更申請單,Facility/ equipment change application form,strict_required,正式文件、程序或表單名稱，應完整維持指定譯名
設施確效作業辦法,Facilities validation work instruction,strict_required,正式文件、程序或表單名稱，應完整維持指定譯名
設計不當或設計不足,Improper or inadequate design,lexical_required,一般品質、法規或製程專業術語，可接受合理的單複數、詞性或語態變化
設計原理報告書,Design rationale report,strict_required,正式文件、程序或表單名稱，應完整維持指定譯名
設計品保組,Design Quality Assurance Section,strict_required,正式部門或組織單位名稱，應固定使用指定譯名
設計單位,Design Division,strict_required,正式部門或組織單位名稱，應固定使用指定譯名
設計審查,design review,lexical_required,一般動詞或作業用語，可依句型調整時態、語態或詞形
設計審核記錄表,Design review record form,strict_required,正式文件、程序或表單名稱，應完整維持指定譯名
設計工程,Design Process,lexical_required,一般品質、法規或製程專業術語，可接受合理的單複數、詞性或語態變化
設計工程與審核,Design and Review,lexical_required,一般動詞或作業用語，可依句型調整時態、語態或詞形
設計查證,Design Verification,lexical_required,一般動詞或作業用語，可依句型調整時態、語態或詞形
設計查證與確效,Design Verification and Validation,lexical_required,一般動詞或作業用語，可依句型調整時態、語態或詞形
設計確效,Design Validation,lexical_required,一般動詞或作業用語，可依句型調整時態、語態或詞形
設計移轉,design transfer,lexical_required,一般品質、法規或製程專業術語，可接受合理的單複數、詞性或語態變化
設計移轉與審核,Design Transfer and Review,lexical_required,一般動詞或作業用語，可依句型調整時態、語態或詞形
設計移轉通知單,Design transfer notice form,strict_required,正式文件、程序或表單名稱，應完整維持指定譯名
設計管制程序,Design control procedure,strict_required,正式文件、程序或表單名稱，應完整維持指定譯名
設計組,Design Section,strict_required,正式部門或組織單位名稱，應固定使用指定譯名
設計與開發規劃,Design and Development Planning,lexical_required,一般動詞或作業用語，可依句型調整時態、語態或詞形
設計變更,Design Change,lexical_required,一般品質、法規或製程專業術語，可接受合理的單複數、詞性或語態變化
設計變更管制程序,Design change control procedure,strict_required,正式文件、程序或表單名稱，應完整維持指定譯名
設計輸入,Design Input,lexical_required,一般品質、法規或製程專業術語，可接受合理的單複數、詞性或語態變化
設計輸入與審核,Design Input and Review,lexical_required,一般動詞或作業用語，可依句型調整時態、語態或詞形
設計輸出,Design Output,lexical_required,一般品質、法規或製程專業術語，可接受合理的單複數、詞性或語態變化
設計輸出與審核,Design Output and Review,lexical_required,一般動詞或作業用語，可依句型調整時態、語態或詞形
設計開發階段,Design & development stage,lexical_required,一般品質、法規或製程專業術語，可接受合理的單複數、詞性或語態變化
許可證狀態維護,License Status Maintenance,lexical_required,一般英文詞彙或專業用語，可接受合理的單複數、詞性、冠詞或大小寫變化
評估方法如下,Methods as follow,reference_only,屬描述性片語、章節語句或提示文字，翻譯可依上下文改寫，不宜因未精確出現而判定失敗
評估方法選擇,Choice of methods,lexical_required,一般英文詞彙或專業用語，可接受合理的單複數、詞性、冠詞或大小寫變化
評核結果與主管核准,Evaluation Result and Supervisor Approval,lexical_required,一般動詞或作業用語，可依句型調整時態、語態或詞形
試驗主持人,Trial investigator,lexical_required,一般英文詞彙或專業用語，可接受合理的單複數、詞性、冠詞或大小寫變化
試驗偏離,Trial deviation,lexical_required,一般英文詞彙或專業用語，可接受合理的單複數、詞性、冠詞或大小寫變化
試驗共同主持人,Trial co-investigator,lexical_required,一般英文詞彙或專業用語，可接受合理的單複數、詞性、冠詞或大小寫變化
試驗協同主持人,Trial assistant investigator,lexical_required,一般英文詞彙或專業用語，可接受合理的單複數、詞性、冠詞或大小寫變化
試驗委託者,Trial sponsor,lexical_required,一般英文詞彙或專業用語，可接受合理的單複數、詞性、冠詞或大小寫變化
試驗機構,Trial institution,lexical_required,一般英文詞彙或專業用語，可接受合理的單複數、詞性、冠詞或大小寫變化
詹氏杯校正作業辦法,Zahn signature viscosity cup calibrate instruction,strict_required,正式文件、程序或表單名稱，應完整維持指定譯名
認證,certification,lexical_required,一般英文詞彙或專業用語，可接受合理的單複數、詞性、冠詞或大小寫變化
認證單位,"Notified Body, NB",strict_required,專有名詞、縮寫、代碼或型號，應精確維持指定寫法
課程執行,Course implementation,lexical_required,一般動詞或作業用語，可依句型調整時態、語態或詞形
課程類型,Course type,lexical_required,一般英文詞彙或專業用語，可接受合理的單複數、詞性、冠詞或大小寫變化
調撥通知單,Transfer notification form,strict_required,正式文件、程序或表單名稱，應完整維持指定譯名
調查方式決定,Determine survey method,lexical_required,一般英文詞彙或專業用語，可接受合理的單複數、詞性、冠詞或大小寫變化
調適,Conditioning,lexical_required,一般動詞或作業用語，可依句型調整時態、語態或詞形
請勿翻印,Don’t reprint,strict_required,屬描述性片語、章節語句或提示文字，翻譯可依上下文改寫，不宜因未精確出現而判定失敗
請購作業,Requisition,lexical_required,一般英文詞彙或專業用語，可接受合理的單複數、詞性、冠詞或大小寫變化
講師,Trainer,lexical_required,一般職稱、角色或人員稱謂，可依上下文調整單複數與冠詞
講師評核,Trainer assessment,lexical_required,一般英文詞彙或專業用語，可接受合理的單複數、詞性、冠詞或大小寫變化
證書,certificate,lexical_required,一般英文詞彙或專業用語，可接受合理的單複數、詞性、冠詞或大小寫變化
警告,Warning,lexical_required,一般英文詞彙或專業用語，可接受合理的單複數、詞性、冠詞或大小寫變化
變更,Change,lexical_required,一般英文詞彙或專業用語，可接受合理的單複數、詞性、冠詞或大小寫變化
變更執行與確認,Change execution and confirmation,lexical_required,一般動詞或作業用語，可依句型調整時態、語態或詞形
變更核准,Change approval,lexical_required,一般動詞或作業用語，可依句型調整時態、語態或詞形
變更權責單位,Change responsibility Division,strict_required,正式部門或組織單位名稱，應固定使用指定譯名
變更申請單,Change request application form,strict_required,正式文件、程序或表單名稱，應完整維持指定譯名
變更管制的原則,Principles of change control,lexical_required,一般英文詞彙或專業用語，可接受合理的單複數、詞性、冠詞或大小寫變化
變更管制程序,Change control procedure,strict_required,正式文件、程序或表單名稱，應完整維持指定譯名
變更管制要求,Change control requirements,lexical_required,一般英文詞彙或專業用語，可接受合理的單複數、詞性、冠詞或大小寫變化
變更管制項目,Change control items,lexical_required,一般英文詞彙或專業用語，可接受合理的單複數、詞性、冠詞或大小寫變化
變更需求的確認,Confirmation of change requirement,lexical_required,一般動詞或作業用語，可依句型調整時態、語態或詞形
財務組,Finance Section,strict_required,正式部門或組織單位名稱，應固定使用指定譯名
財會部,Financial Accounting Division,strict_required,正式部門或組織單位名稱，應固定使用指定譯名
資料來源,Data source,lexical_required,一般英文詞彙或專業用語，可接受合理的單複數、詞性、冠詞或大小寫變化
資料保存,Data retention,lexical_required,一般英文詞彙或專業用語，可接受合理的單複數、詞性、冠詞或大小寫變化
資料準備,Data preparation,lexical_required,一般動詞或作業用語，可依句型調整時態、語態或詞形
資材組,Supplies Section,strict_required,正式部門或組織單位名稱，應固定使用指定譯名
資訊單位,Information Technology Division,strict_required,正式部門或組織單位名稱，應固定使用指定譯名
資訊回饋分析作業程序,Information feedback analysis procedure,strict_required,正式文件、程序或表單名稱，應完整維持指定譯名
資訊服務申請單,System requisition form,strict_required,正式文件、程序或表單名稱，應完整維持指定譯名
資訊管理單位,Information management division,strict_required,正式部門或組織單位名稱，應固定使用指定譯名
資訊管理部,Information Technology Division,strict_required,正式部門或組織單位名稱，應固定使用指定譯名
資訊系統管理程序,Information system management procedure,strict_required,正式文件、程序或表單名稱，應完整維持指定譯名
購置驗收,Purchase acceptance,lexical_required,一般英文詞彙或專業用語，可接受合理的單複數、詞性、冠詞或大小寫變化
走心區加工作業及換線管理辦法,"Lathe, Swiss type, change line work instruction",strict_required,正式文件、程序或表單名稱，應完整維持指定譯名
起始會議,Opening meeting,lexical_required,一般英文詞彙或專業用語，可接受合理的單複數、詞性、冠詞或大小寫變化
超音波音壓量測記錄表,Ultrasonic wave sound pressure measure record form,strict_required,正式文件、程序或表單名稱，應完整維持指定譯名
趨勢報告,Trend report,strict_required,正式文件、程序或表單名稱，應完整維持指定譯名
跨廠區重工資訊通知單,Cross-factory rework information notification form,strict_required,正式文件、程序或表單名稱，應完整維持指定譯名
軌跡輪廓,Traced profile,lexical_required,一般英文詞彙或專業用語，可接受合理的單複數、詞性、冠詞或大小寫變化
軟體確效,software validation,lexical_required,一般動詞或作業用語，可依句型調整時態、語態或詞形
軟體開發組,Software Development Section,strict_required,正式部門或組織單位名稱，應固定使用指定譯名
載具,vehicle,lexical_required,一般英文詞彙或專業用語，可接受合理的單複數、詞性、冠詞或大小寫變化
載體,Carrier,lexical_required,一般英文詞彙或專業用語，可接受合理的單複數、詞性、冠詞或大小寫變化
輔導供應商,Tutoring supplier,lexical_required,一般職稱、角色或人員稱謂，可依上下文調整單複數與冠詞
輪廓儀保養(點檢)記錄表,Profile tester maintenance checklist,strict_required,正式文件、程序或表單名稱，應完整維持指定譯名
輪廓儀校正作業辦法,Profilometer calibrate instruction,strict_required,正式文件、程序或表單名稱，應完整維持指定譯名
輸入醫療器材技術人員的職責,The responsibility of person responsible for technology of medical device importer,lexical_required,一般品質、法規或製程專業術語，可接受合理的單複數、詞性或語態變化
輻射滅菌品質協議書,Radiation sterilization quality agreement,strict_required,正式文件、程序或表單名稱，應完整維持指定譯名
輻射滅菌管制作業辦法,Radiation sterilization control work instruction,strict_required,正式文件、程序或表單名稱，應完整維持指定譯名
追溯,Traceability,lexical_required,一般動詞或作業用語，可依句型調整時態、語態或詞形
通報,reporting,lexical_required,一般動詞或作業用語，可依句型調整時態、語態或詞形
通報主管機關,Reporting to regulatory authorities,lexical_required,一般英文詞彙或專業用語，可接受合理的單複數、詞性、冠詞或大小寫變化
通報之主管機關,Competent authority for reporting,lexical_required,一般英文詞彙或專業用語，可接受合理的單複數、詞性、冠詞或大小寫變化
通報擬定/審核/發佈,Adversity report drafting/reviewing/issue,lexical_required,一般英文詞彙或專業用語，可接受合理的單複數、詞性、冠詞或大小寫變化
通報準備,Reporting Preparation,lexical_required,一般動詞或作業用語，可依句型調整時態、語態或詞形
通報表單一覽表,Reporting forms list,strict_required,正式文件、程序或表單名稱，應完整維持指定譯名
通報類別與資料來源,Report category and Information source,lexical_required,一般英文詞彙或專業用語，可接受合理的單複數、詞性、冠詞或大小寫變化
通用模組功能說明,Common module description,lexical_required,一般英文詞彙或專業用語，可接受合理的單複數、詞性、冠詞或大小寫變化
通知外部單位,Notifying the external organization,lexical_required,一般英文詞彙或專業用語，可接受合理的單複數、詞性、冠詞或大小寫變化
連續批次,consecutive batches,lexical_required,一般英文詞彙或專業用語，可接受合理的單複數、詞性、冠詞或大小寫變化
週邊設備,Peripheral device,lexical_required,一般品質、法規或製程專業術語，可接受合理的單複數、詞性或語態變化
進入管制區之管制,Control for accessing the control zone,lexical_required,一般動詞或作業用語，可依句型調整時態、語態或詞形
進出口作業管理辦法,Import and export operation management instruction,strict_required,正式文件、程序或表單名稱，應完整維持指定譯名
進口商,Importer,lexical_required,一般職稱、角色或人員稱謂，可依上下文調整單複數與冠詞
進料檢驗,Incoming inspection,lexical_required,一般動詞或作業用語，可依句型調整時態、語態或詞形
進料檢驗管制程序,Incoming goods inspection procedure,strict_required,正式文件、程序或表單名稱，應完整維持指定譯名
進料檢驗記錄表,In-coming inspection record form,strict_required,正式文件、程序或表單名稱，應完整維持指定譯名
運輸流程,Transportation Process,lexical_required,一般英文詞彙或專業用語，可接受合理的單複數、詞性、冠詞或大小寫變化
過殺法,Overkill approach,lexical_required,一般英文詞彙或專業用語，可接受合理的單複數、詞性、冠詞或大小寫變化
過濾器/過濾網,filter,lexical_required,一般英文詞彙或專業用語，可接受合理的單複數、詞性、冠詞或大小寫變化
過濾系統,filtering system,lexical_required,一般品質、法規或製程專業術語，可接受合理的單複數、詞性或語態變化
達成能力,capability,lexical_required,一般英文詞彙或專業用語，可接受合理的單複數、詞性、冠詞或大小寫變化
遠紅外線收縮包裝機操作及保養辦法,Far-infrared shrink packaging machine operate and maintain instruction,strict_required,正式文件、程序或表單名稱，應完整維持指定譯名
遠距審查,Remote audit,lexical_required,一般動詞或作業用語，可依句型調整時態、語態或詞形
適應症,indication,lexical_required,一般英文詞彙或專業用語，可接受合理的單複數、詞性、冠詞或大小寫變化
適用時機,Applicable opportunity,reference_only,屬描述性片語、章節語句或提示文字，翻譯可依上下文改寫，不宜因未精確出現而判定失敗
部份循環,Fractional cycle,lexical_required,一般英文詞彙或專業用語，可接受合理的單複數、詞性、冠詞或大小寫變化
部級單位,Divisions,lexical_required,一般英文詞彙或專業用語，可接受合理的單複數、詞性、冠詞或大小寫變化
部門組織功能管理程序,Organization management procedure,strict_required,正式文件、程序或表單名稱，應完整維持指定譯名
酸鹼測定計校驗作業辦法,PH-meter calibrate instruction,strict_required,正式文件、程序或表單名稱，應完整維持指定譯名
醫材不良反應之通報,Adversity report,lexical_required,一般動詞或作業用語，可依句型調整時態、語態或詞形
醫材不良反應通報,Adversity report,lexical_required,一般動詞或作業用語，可依句型調整時態、語態或詞形
醫材主動通報,Proactive report,lexical_required,一般動詞或作業用語，可依句型調整時態、語態或詞形
醫療器材,Medical Device,lexical_required,一般品質、法規或製程專業術語，可接受合理的單複數、詞性或語態變化
醫療器材不良反應,Adverse reaction of medical device,lexical_required,一般品質、法規或製程專業術語，可接受合理的單複數、詞性或語態變化
醫療器材內毒素含量測試報告,Medical device endotoxin content test report,strict_required,正式文件、程序或表單名稱，應完整維持指定譯名
醫療器材再評估,Medical device re-evaluation,lexical_required,一般動詞或作業用語，可依句型調整時態、語態或詞形
醫療器材單一識別碼,Medical device unique device identification,lexical_required,一般品質、法規或製程專業術語，可接受合理的單複數、詞性或語態變化
醫療器材單一識別系統,"Unique Device Identification, UDI",strict_required,專有名詞、縮寫、代碼或型號，應精確維持指定寫法
醫療器材單一識別系統資訊管理平台,"Unique Device Identification Database, UDI Database",strict_required,專有名詞、縮寫、代碼或型號，應精確維持指定寫法
醫療器材單一辨識系統,"Unique Device Identification, UDI",strict_required,專有名詞、縮寫、代碼或型號，應精確維持指定寫法
醫療器材市場緊急通告書,Urgent field safety notice,strict_required,正式文件、程序或表單名稱，應完整維持指定譯名
醫療器材建議性通告審查表,Medical device advisory notice form,strict_required,正式文件、程序或表單名稱，應完整維持指定譯名
醫療器材成品,Finished device,lexical_required,一般品質、法規或製程專業術語，可接受合理的單複數、詞性或語態變化
醫療器材技術人員,Medical Devices Technician,lexical_required,一般職稱、角色或人員稱謂，可依上下文調整單複數與冠詞
醫療器材技術文件,"Device Master Record, DMR",strict_required,正式文件、程序或表單名稱，應完整維持指定譯名
醫療器材族群,Medical Device Family,lexical_required,一般品質、法規或製程專業術語，可接受合理的單複數、詞性或語態變化
醫療器材檔案,Medical Device File,strict_required,正式文件、程序或表單名稱，應完整維持指定譯名
醫療器材歷史記錄,"Device History Record, DHR",strict_required,正式文件、程序或表單名稱，應完整維持指定譯名
醫療器材缺失,Medical device deficiency,lexical_required,一般品質、法規或製程專業術語，可接受合理的單複數、詞性或語態變化
醫療器材設計檔案,"Design History File, DHF",strict_required,正式文件、程序或表單名稱，應完整維持指定譯名
醫療器械唯一標識,Medical device Unique Device Identification,lexical_required,一般品質、法規或製程專業術語，可接受合理的單複數、詞性或語態變化
里氏硬度計日常查核記錄表,Leeb hardness tester daily check record form,strict_required,正式文件、程序或表單名稱，應完整維持指定譯名
里氏硬度計校正作業辦法,Leeb hardness tester calibrate instruction,strict_required,正式文件、程序或表單名稱，應完整維持指定譯名
重加工處理,Rework process,lexical_required,一般動詞或作業用語，可依句型調整時態、語態或詞形
重大變更,Significant changes,lexical_required,一般英文詞彙或專業用語，可接受合理的單複數、詞性、冠詞或大小寫變化
重工,Rework,lexical_required,一般英文詞彙或專業用語，可接受合理的單複數、詞性、冠詞或大小寫變化
重工作業聯絡單,Rework requirement application form,strict_required,正式文件、程序或表單名稱，應完整維持指定譯名
重工換包裝/標籤檢驗查檢表,Rework package/labeling inspection record form,strict_required,正式文件、程序或表單名稱，應完整維持指定譯名
重工率,Rework rate,lexical_required,一般英文詞彙或專業用語，可接受合理的單複數、詞性、冠詞或大小寫變化
重工處理作業辦法,Rework work instruction,strict_required,正式文件、程序或表單名稱，應完整維持指定譯名
量測程式備份記錄表,Measuring program backup record form,strict_required,正式文件、程序或表單名稱，應完整維持指定譯名
量測程式管理作業辦法,Measuring program management instruction,strict_required,正式文件、程序或表單名稱，應完整維持指定譯名
量測系統確效,measurement system validation,lexical_required,一般動詞或作業用語，可依句型調整時態、語態或詞形
量測系統確效作業辦法,Measurement system validation work instruction,strict_required,正式文件、程序或表單名稱，應完整維持指定譯名
量產放行,Mass production release,lexical_required,一般英文詞彙或專業用語，可接受合理的單複數、詞性、冠詞或大小寫變化
量產放行報告,Mass production release report,strict_required,正式文件、程序或表單名稱，應完整維持指定譯名
量產放行審核,Mass production release review,lexical_required,一般動詞或作業用語，可依句型調整時態、語態或詞形
量產放行標準,Mass production release standards,lexical_required,一般英文詞彙或專業用語，可接受合理的單複數、詞性、冠詞或大小寫變化
量產放行通知單,Mass production released notice form,strict_required,正式文件、程序或表單名稱，應完整維持指定譯名
金屬/非金屬材料,Metallic/Non-metallic material,lexical_required,一般品質、法規或製程專業術語，可接受合理的單複數、詞性或語態變化
金屬帶鋸機設備操作及保養辦法,Metallic band sawing machine operate and maintain instruction,strict_required,正式文件、程序或表單名稱，應完整維持指定譯名
金屬拋光表面品質標準,Quality specification for metal polishing surface,lexical_required,一般品質、法規或製程專業術語，可接受合理的單複數、詞性或語態變化
金屬植入物外觀判定品質規範,Cosmetic inspection criteria for metallic implants,strict_required,正式文件、程序或表單名稱，應完整維持指定譯名
金屬清洗線工作記錄表,Metal cleaning line operation record form,strict_required,正式文件、程序或表單名稱，應完整維持指定譯名
金相作業測試規範,Testing criteria for metallography test,strict_required,正式文件、程序或表單名稱，應完整維持指定譯名
金相檢驗記錄表,Metallography inspection record form,strict_required,正式文件、程序或表單名稱，應完整維持指定譯名
金相試樣製備,metallographic sample preparation,lexical_required,一般英文詞彙或專業用語，可接受合理的單複數、詞性、冠詞或大小寫變化
針對本公司常態規格品,Regular products of United Orthopedic,reference_only,屬描述性片語、章節語句或提示文字，翻譯可依上下文改寫，不宜因未精確出現而判定失敗
針對本公司訂製品,Custom-made products of the company,reference_only,屬描述性片語、章節語句或提示文字，翻譯可依上下文改寫，不宜因未精確出現而判定失敗
鈦-6鋁-4釩積層製造品質規範,Quality requirement for additive manufacturing Titanium-6 Aluminum-4 Vanadium,strict_required,正式文件、程序或表單名稱，應完整維持指定譯名
鈦合金噴砂製程規範,Titanium alloy blasting process specification,strict_required,正式文件、程序或表單名稱，應完整維持指定譯名
鈦合金塗佈燒結製程規範,Titanium sintered coating process specification,strict_required,正式文件、程序或表單名稱，應完整維持指定譯名
鈦合金燒結塗佈材料規範,Titanium sinter coating material,strict_required,正式文件、程序或表單名稱，應完整維持指定譯名
鈦合金燒結塗裝用黏結膠材料規範,Adhesive glue requirement for sintered titanium coating material specification,strict_required,正式文件、程序或表單名稱，應完整維持指定譯名
鈦合金鍛造製程規範,Titanium alloy forging process specification,strict_required,正式文件、程序或表單名稱，應完整維持指定譯名
鈷鉻鉬合金鍛造製程規範,Co-Cr-Mo alloy forging process specification,strict_required,正式文件、程序或表單名稱，應完整維持指定譯名
鈷鉻鉬合金鑄件品質規範,Quality specification for Co-Cr-Mo alloy castings,strict_required,正式文件、程序或表單名稱，應完整維持指定譯名
鈷鉻鉬合金鑄件微結構品質規範,Quality requirement for microstructure of Co-Cr-Mo alloy castings,strict_required,正式文件、程序或表單名稱，應完整維持指定譯名
鈷鉻鉬合金鑄件硬度及金相品質規範,Quality requirement for hardness and microstructure of Co-Cr-Mo alloy casting,strict_required,正式文件、程序或表單名稱，應完整維持指定譯名
鈷鉻鉬合金鑄造材料,Cast Cobalt-Chromium-Molybdenum alloy material specification,lexical_required,一般品質、法規或製程專業術語，可接受合理的單複數、詞性或語態變化
鈷鉻鉬合金鑄造製程規範,Co-Cr-Mo alloy casting process specification,strict_required,正式文件、程序或表單名稱，應完整維持指定譯名
鈷鉻鉬塗佈及燒結製程規範,Co-Cr-Mo alloy coating process specification,strict_required,正式文件、程序或表單名稱，應完整維持指定譯名
鈷鉻鉬燒結塗佈材料規範,Co-Cr-Mo alloy sinter coating material,strict_required,正式文件、程序或表單名稱，應完整維持指定譯名
銅焊,copper soldering,lexical_required,一般英文詞彙或專業用語，可接受合理的單複數、詞性、冠詞或大小寫變化
銷貨,Sold products,lexical_required,一般英文詞彙或專業用語，可接受合理的單複數、詞性、冠詞或大小寫變化
銹斑,rust spots,lexical_required,一般英文詞彙或專業用語，可接受合理的單複數、詞性、冠詞或大小寫變化
鋸齒面,gear faces,lexical_required,一般英文詞彙或專業用語，可接受合理的單複數、詞性、冠詞或大小寫變化
錫焊,tin soldering,lexical_required,一般英文詞彙或專業用語，可接受合理的單複數、詞性、冠詞或大小寫變化
鍍膜處理,coating treatment,lexical_required,一般動詞或作業用語，可依句型調整時態、語態或詞形
鍛件外觀標準品質規範,Cosmetic inspection criteria for forging,strict_required,正式文件、程序或表單名稱，應完整維持指定譯名
鍛機設備操作及保養辦法,Forging machine operate and maintain instruction,strict_required,正式文件、程序或表單名稱，應完整維持指定譯名
鍛造作業組,Forging Operation Section,strict_required,正式部門或組織單位名稱，應固定使用指定譯名
鍛造前披覆製程規範,Lubricant coating process specification for parts pre-forging,strict_required,正式文件、程序或表單名稱，應完整維持指定譯名
鍛造後退火熱處理製程規範,Post forging annealing treatment process specification,strict_required,正式文件、程序或表單名稱，應完整維持指定譯名
鍛造技術組,Forging Technique Section,strict_required,正式部門或組織單位名稱，應固定使用指定譯名
鍛造披覆前清洗製程規範,Clean process specification for parts lubricant coating before forging,strict_required,正式文件、程序或表單名稱，應完整維持指定譯名
鍛造生產加工製程之清線作業管制辦法,Forging production change line work instruction,strict_required,正式文件、程序或表單名稱，應完整維持指定譯名
鍛造製程確效作業辦法,Forging process validation work instruction,strict_required,正式文件、程序或表單名稱，應完整維持指定譯名
鎖扣,lock,lexical_required,一般英文詞彙或專業用語，可接受合理的單複數、詞性、冠詞或大小寫變化
鑄件(器械)銲補品質規範,Quality requirement for casting welding,strict_required,正式文件、程序或表單名稱，應完整維持指定譯名
鑄件打磨作業製程規範,Casting grinding process specification,strict_required,正式文件、程序或表單名稱，應完整維持指定譯名
鑄件銲補品質規範,Quality criterion of casting welding repair,strict_required,正式文件、程序或表單名稱，應完整維持指定譯名
鑄造作業組,Casting Operation Section,strict_required,正式部門或組織單位名稱，應固定使用指定譯名
鑄造技術組,Casting Technique Section,strict_required,正式部門或組織單位名稱，應固定使用指定譯名
鑄造機器手臂夾持孔研磨機操作及保養辦法,Casting robotic manipulator clamping hole milling machine operate and maintain instruction,strict_required,正式文件、程序或表單名稱，應完整維持指定譯名
鑄造澆鑄記錄表,Casting process record form,strict_required,正式文件、程序或表單名稱，應完整維持指定譯名
鑄造製程確效作業辦法,Casting process validation work instruction,strict_required,正式文件、程序或表單名稱，應完整維持指定譯名
鑲嵌物,inlays,lexical_required,一般英文詞彙或專業用語，可接受合理的單複數、詞性、冠詞或大小寫變化
長條圖,Bar chart,lexical_required,一般英文詞彙或專業用語，可接受合理的單複數、詞性、冠詞或大小寫變化
門禁保全管理辦法,Entrance security management instruction,strict_required,正式文件、程序或表單名稱，應完整維持指定譯名
閃燒脫蠟爐操作及保養辦法,Flash burning dewax furnace operate and maintain instruction,strict_required,正式文件、程序或表單名稱，應完整維持指定譯名
開發一組、開發二組,Development Section1 and Development Section2,strict_required,正式部門或組織單位名稱，應固定使用指定譯名
開發規劃,Product development plan,lexical_required,一般動詞或作業用語，可依句型調整時態、語態或詞形
間接人員,Indirect personnel,lexical_required,一般職稱、角色或人員稱謂，可依上下文調整單複數與冠詞
閱讀ISO文件記錄表,ISO documents reading record form,strict_required,正式文件、程序或表單名稱，應完整維持指定譯名
關聯企業,Affiliate enterprises,lexical_required,一般英文詞彙或專業用語，可接受合理的單複數、詞性、冠詞或大小寫變化
關聯文件,Related documents,lexical_required,一般品質、法規或製程專業術語，可接受合理的單複數、詞性或語態變化
關鍵使用情節與任務,critical use scenarios and tasks,lexical_required,一般英文詞彙或專業用語，可接受合理的單複數、詞性、冠詞或大小寫變化
關鍵品質特性,Critical characteristic,lexical_required,一般品質、法規或製程專業術語，可接受合理的單複數、詞性或語態變化
關鍵性製程委外加工,Critical Process Outsourcing,lexical_required,一般品質、法規或製程專業術語，可接受合理的單複數、詞性或語態變化
關鍵材料,Critical material,lexical_required,一般品質、法規或製程專業術語，可接受合理的單複數、詞性或語態變化
關鍵材料稽核測試計劃表,Critical material audit test plan form,strict_required,正式文件、程序或表單名稱，應完整維持指定譯名
關鍵製程,Critical Process,lexical_required,一般品質、法規或製程專業術語，可接受合理的單複數、詞性或語態變化
關鍵製程、材料與外包商,"Critical process, material supplier and subcontractor",lexical_required,一般品質、法規或製程專業術語，可接受合理的單複數、詞性或語態變化
降低風險,Reduce risk,lexical_required,一般品質、法規或製程專業術語，可接受合理的單複數、詞性或語態變化
限度樣品,Limited Samples,lexical_required,一般英文詞彙或專業用語，可接受合理的單複數、詞性、冠詞或大小寫變化
限度樣品制訂管理辦法,Limit samples management instruction,strict_required,正式文件、程序或表單名稱，應完整維持指定譯名
限度樣品及客供檢測儀器,Limit samples and customer measurement devices,lexical_required,一般品質、法規或製程專業術語，可接受合理的單複數、詞性或語態變化
限度樣品管理記錄表,Limit samples management record form,strict_required,正式文件、程序或表單名稱，應完整維持指定譯名
限度樣品需求單,Limit samples application form,strict_required,正式文件、程序或表單名稱，應完整維持指定譯名
陶瓷產品品質規範,Quality requirement for ceramic product,strict_required,正式文件、程序或表單名稱，應完整維持指定譯名
陶瓷類清洗製程規範,Cleaning process specification of ceramic implants,strict_required,正式文件、程序或表單名稱，應完整維持指定譯名
陽極處理,anodizing,lexical_required,一般動詞或作業用語，可依句型調整時態、語態或詞形
隔離/標識,Isolation / Labeling,lexical_required,一般英文詞彙或專業用語，可接受合理的單複數、詞性、冠詞或大小寫變化
隔離倉,Isolation warehouse,lexical_required,一般英文詞彙或專業用語，可接受合理的單複數、詞性、冠詞或大小寫變化
隨附文件,accompanying documentation,lexical_required,一般品質、法規或製程專業術語，可接受合理的單複數、詞性或語態變化
集團組,Corporation Section,strict_required,正式部門或組織單位名稱，應固定使用指定譯名
雙向油壓機操作及保養辦法,Bidirectional hydraulic machine operate and maintain instruction,strict_required,正式文件、程序或表單名稱，應完整維持指定譯名
零件,Component,lexical_required,一般英文詞彙或專業用語，可接受合理的單複數、詞性、冠詞或大小寫變化
零允收品質水準ZBA,Zero Based Acceptance,strict_required,專有名詞、縮寫、代碼或型號，應精確維持指定寫法
雷射刻印,laser marking,lexical_required,一般英文詞彙或專業用語，可接受合理的單複數、詞性、冠詞或大小寫變化
雷射功率檢測記錄表,Laser power output value record list,strict_required,正式文件、程序或表單名稱，應完整維持指定譯名
雷射焊接,laser welding,lexical_required,一般英文詞彙或專業用語，可接受合理的單複數、詞性、冠詞或大小寫變化
雷達圖,Radar chart,lexical_required,一般英文詞彙或專業用語，可接受合理的單複數、詞性、冠詞或大小寫變化
電壓,voltage,lexical_required,一般英文詞彙或專業用語，可接受合理的單複數、詞性、冠詞或大小寫變化
電壓顯示器,voltmeter,lexical_required,一般英文詞彙或專業用語，可接受合理的單複數、詞性、冠詞或大小寫變化
電子天秤校正作業辦法,Electron balance calibrate instruction,strict_required,正式文件、程序或表單名稱，應完整維持指定譯名
電子式微壓力計,electronic micromanometer,lexical_required,一般英文詞彙或專業用語，可接受合理的單複數、詞性、冠詞或大小寫變化
電子文件,Electronic documents,lexical_required,一般品質、法規或製程專業術語，可接受合理的單複數、詞性或語態變化
電子文件管制作業辦法,Electronic documents control work instruction,strict_required,正式文件、程序或表單名稱，應完整維持指定譯名
電子文件管理系統,Electronic document management system,lexical_required,一般品質、法規或製程專業術語，可接受合理的單複數、詞性或語態變化
電子文件簽核系統,Electronic document sign-off system,lexical_required,一般品質、法規或製程專業術語，可接受合理的單複數、詞性或語態變化
電子顯微鏡,electron microscope,lexical_required,一般英文詞彙或專業用語，可接受合理的單複數、詞性、冠詞或大小寫變化
電漿噴塗塗層品質規範,Quality requirement for plasma spray coated,strict_required,正式文件、程序或表單名稱，應完整維持指定譯名
電漿噴塗系統開機點檢記錄表,Plasma spraying system startup checklist,strict_required,正式文件、程序或表單名稱，應完整維持指定譯名
電漿噴塗系統關機點檢記錄表,Plasma spraying system shut-off checklist,strict_required,正式文件、程序或表單名稱，應完整維持指定譯名
電漿噴塗給粉率記錄表,Plasma spraying power feeding rate record form,strict_required,正式文件、程序或表單名稱，應完整維持指定譯名
電漿噴塗製程確效作業辦法,Plasma spraying process validation work instruction,strict_required,正式文件、程序或表單名稱，應完整維持指定譯名
電漿噴塗製程規範,Plasma spraying process specification,strict_required,正式文件、程序或表單名稱，應完整維持指定譯名
電漿噴塗金屬治具維護辦法,Plasma spraying metallic fixture maintain instruction,strict_required,正式文件、程序或表單名稱，應完整維持指定譯名
電腦軟體確效作業辦法,Computer software validation work instruction,strict_required,正式文件、程序或表單名稱，應完整維持指定譯名
電解拋光,electrolytic polishing,lexical_required,一般動詞或作業用語，可依句型調整時態、語態或詞形
需求提出及購置,Demand and purchase,lexical_required,一般英文詞彙或專業用語，可接受合理的單複數、詞性、冠詞或大小寫變化
震殼機操作及保養辦法,Shell shock machine operate and maintain instruction,strict_required,正式文件、程序或表單名稱，應完整維持指定譯名
震殼製程規範,Shell shocking process specification,strict_required,正式文件、程序或表單名稱，應完整維持指定譯名
霧化散佈,atomization spread,lexical_required,一般英文詞彙或專業用語，可接受合理的單複數、詞性、冠詞或大小寫變化
露點計,dew-point meter,lexical_required,一般英文詞彙或專業用語，可接受合理的單複數、詞性、冠詞或大小寫變化
靈敏度,sensitivity,lexical_required,一般英文詞彙或專業用語，可接受合理的單複數、詞性、冠詞或大小寫變化
非公共區域,Non-public areas,lexical_required,一般英文詞彙或專業用語，可接受合理的單複數、詞性、冠詞或大小寫變化
非生產材料,Non-productive materials,lexical_required,一般品質、法規或製程專業術語，可接受合理的單複數、詞性或語態變化
非破壞性,non-destructive,lexical_required,一般英文詞彙或專業用語，可接受合理的單複數、詞性、冠詞或大小寫變化
非蒸氣滅菌產品,Non-steam  sterilized  products,lexical_required,一般品質、法規或製程專業術語，可接受合理的單複數、詞性或語態變化
預成形無菌屏障系統,Preformed sterile barrier system,lexical_required,一般品質、法規或製程專業術語，可接受合理的單複數、詞性或語態變化
預期使用環境,intended use environment,lexical_required,一般英文詞彙或專業用語，可接受合理的單複數、詞性、冠詞或大小寫變化
預期使用者,intended user,lexical_required,一般職稱、角色或人員稱謂，可依上下文調整單複數與冠詞
預期用途相關要求之確定,Confirm the requirements for intended use,lexical_required,一般英文詞彙或專業用語，可接受合理的單複數、詞性、冠詞或大小寫變化
預處理,Preconditioning,lexical_required,一般動詞或作業用語，可依句型調整時態、語態或詞形
預防措施,Preventive action,lexical_required,一般品質、法規或製程專業術語，可接受合理的單複數、詞性或語態變化
領料,Material requisition,lexical_required,一般動詞或作業用語，可依句型調整時態、語態或詞形
領料作業,Material requisition,lexical_required,一般英文詞彙或專業用語，可接受合理的單複數、詞性、冠詞或大小寫變化
類似品,Similar device,lexical_required,一般英文詞彙或專業用語，可接受合理的單複數、詞性、冠詞或大小寫變化
類似品的臨床結果,Clinical results of similar products,lexical_required,一般品質、法規或製程專業術語，可接受合理的單複數、詞性或語態變化
顯示溫度,temperature display,lexical_required,一般英文詞彙或專業用語，可接受合理的單複數、詞性、冠詞或大小寫變化
風罩,wind cover,lexical_required,一般英文詞彙或專業用語，可接受合理的單複數、詞性、冠詞或大小寫變化
風速,wind speed,lexical_required,一般英文詞彙或專業用語，可接受合理的單複數、詞性、冠詞或大小寫變化
風量,air volume,lexical_required,一般英文詞彙或專業用語，可接受合理的單複數、詞性、冠詞或大小寫變化
風險,Risk,lexical_required,一般品質、法規或製程專業術語，可接受合理的單複數、詞性或語態變化
風險分析,Risk analysis,lexical_required,一般品質、法規或製程專業術語，可接受合理的單複數、詞性或語態變化
風險分析程序,Risk analysis process,strict_required,正式文件、程序或表單名稱，應完整維持指定譯名
風險控制,risk control,lexical_required,一般品質、法規或製程專業術語，可接受合理的單複數、詞性或語態變化
風險盡可能降到最低,Reduce risks as far as possible,lexical_required,一般品質、法規或製程專業術語，可接受合理的單複數、詞性或語態變化
風險管理,Risk Management,lexical_required,一般動詞或作業用語，可依句型調整時態、語態或詞形
風險管理代表,Risk management representative,strict_required,正式文件、程序或表單名稱，應完整維持指定譯名
風險管理報告書,Risk management report,strict_required,正式文件、程序或表單名稱，應完整維持指定譯名
風險管理小組,Risk management team,strict_required,正式部門或組織單位名稱，應固定使用指定譯名
風險管理小組成員彙整表,Risk management team member compilation table,strict_required,正式文件、程序或表單名稱，應完整維持指定譯名
風險管理應用程序,Risk management procedure,strict_required,正式文件、程序或表單名稱，應完整維持指定譯名
風險管理政策,Risk management policy,lexical_required,一般品質、法規或製程專業術語，可接受合理的單複數、詞性或語態變化
風險管理文檔,Risk management file,strict_required,正式文件、程序或表單名稱，應完整維持指定譯名
風險管理文檔管制程序,Risk management file control procedure,strict_required,正式文件、程序或表單名稱，應完整維持指定譯名
風險管理相關報告審查人員,Risk management related report reviewers,lexical_required,一般職稱、角色或人員稱謂，可依上下文調整單複數與冠詞
風險管理計畫,Risk management plan,lexical_required,一般品質、法規或製程專業術語，可接受合理的單複數、詞性或語態變化
風險管理計畫書,Risk management plan form,strict_required,正式文件、程序或表單名稱，應完整維持指定譯名
風險管理輸出,Output of risk management,lexical_required,一般品質、法規或製程專業術語，可接受合理的單複數、詞性或語態變化
風險管理過程,Risk management process,lexical_required,一般品質、法規或製程專業術語，可接受合理的單複數、詞性或語態變化
風險評價,risk evaluation,lexical_required,一般品質、法規或製程專業術語，可接受合理的單複數、詞性或語態變化
風險評定,risk assessment,lexical_required,一般品質、法規或製程專業術語，可接受合理的單複數、詞性或語態變化
飛濺,splash,lexical_required,一般英文詞彙或專業用語，可接受合理的單複數、詞性、冠詞或大小寫變化
食用酒精,rectified spirit,lexical_required,一般英文詞彙或專業用語，可接受合理的單複數、詞性、冠詞或大小寫變化
飲水設備維護及水質檢驗記錄表,Drinking water equipment maintenance and water quality inspection record form,strict_required,正式文件、程序或表單名稱，應完整維持指定譯名
首件檢驗,First-article inspection,lexical_required,一般動詞或作業用語，可依句型調整時態、語態或詞形
首件檢驗記錄表,First article inspection record form,strict_required,正式文件、程序或表單名稱，應完整維持指定譯名
首版生效日,Rel. Date,strict_required,屬描述性片語、章節語句或提示文字，翻譯可依上下文改寫，不宜因未精確出現而判定失敗
驗證水準,verification level,lexical_required,一般品質、法規或製程專業術語，可接受合理的單複數、詞性或語態變化
驗證計畫書,Validation Protocol,strict_required,正式文件、程序或表單名稱，應完整維持指定譯名
骨科植入物HA電漿噴塗外觀檢驗品質規範,Cosmetic inspection of HA plasma spray coated on orthopedic implants,strict_required,正式文件、程序或表單名稱，應完整維持指定譯名
骨科植入物Ti電漿噴塗外觀檢驗品質規範,Cosmetic inspection of TPS coated orthopedic implants,strict_required,正式文件、程序或表單名稱，應完整維持指定譯名
骨科植入物品質規範,Quality requirements for orthopedic implant products,strict_required,正式文件、程序或表單名稱，應完整維持指定譯名
高分子聚乙烯,High molecular polyethylene,lexical_required,一般英文詞彙或專業用語，可接受合理的單複數、詞性、冠詞或大小寫變化
高壓氣體特定設備操作及保養辦法,High pressure gas specific equipment operate and maintain instruction,strict_required,正式文件、程序或表單名稱，應完整維持指定譯名
高壓氣體特定設備灌裝作業檢查表,High pressure gas specific equipment filling operation checklist,strict_required,正式文件、程序或表單名稱，應完整維持指定譯名
高週波熔解爐操作及保養辦法,High frequency melting furnace operate and maintain instruction,strict_required,正式文件、程序或表單名稱，應完整維持指定譯名
高雄三期廠塑膠件自動化超音波清洗設備操作及保養辦法,Kaohsiung phase lll automatic plastic ultrasound cleaning equipment operate and maintain instruction,strict_required,正式文件、程序或表單名稱，應完整維持指定譯名
高雄三期廠純水系統設備操作及保養辦法,Pure water system of phase three of Kaohsiung plant operate and maintain instruction,strict_required,正式文件、程序或表單名稱，應完整維持指定譯名
高雄三期廠金屬件自動化超音波清洗設備操作及保養辦法,Kaohsiung phase lll automatic metal ultrasound cleaning equipment operate and maintain instruction,strict_required,正式文件、程序或表單名稱，應完整維持指定譯名
高雄二期廠純水系統設備操作及保養辦法,Pure water system of phase two of Kaohsiung plant operate and maintain instruction,strict_required,正式文件、程序或表單名稱，應完整維持指定譯名
高雄品保部,KS Quality Assurance Division,strict_required,正式部門或組織單位名稱，應固定使用指定譯名
高雄廠,Kaohsiung plant,strict_required,廠區或營運據點名稱，應固定使用指定譯名
高雄廠ACM-230A切割機操作及保養辦法,Kaohsiung ACM-230A Cutting Machine operate and maintain instruction,strict_required,正式文件、程序或表單名稱，應完整維持指定譯名
高雄廠CNC CMM維護保養作業辦法,Kaohsiung CNC CMM maintain instruction,strict_required,正式文件、程序或表單名稱，應完整維持指定譯名
高雄廠HA清洗線工作記錄表,Kaohsiung HA cleaning process operation record form,strict_required,正式文件、程序或表單名稱，應完整維持指定譯名
高雄廠HA清除製程線工作記錄表,Kaohsiung HA cleanup process operation record form,strict_required,正式文件、程序或表單名稱，應完整維持指定譯名
高雄廠Keyence MD-V9920W雷射刻印機操作及保養辦法,Keyence MD-V9920W laser marking machine of Kaohsiung plant operate and maintain instruction,strict_required,正式文件、程序或表單名稱，應完整維持指定譯名
高雄廠L型封口包裝機操作及保養辦法,L-block type sealing machine of Kaohsiung plant operate and maintain instruction,strict_required,正式文件、程序或表單名稱，應完整維持指定譯名
高雄廠ST-101砂帶機操作及保養辦法,ST-101 grinder machine of Kaohsiung plant operate and maintain instruction,strict_required,正式文件、程序或表單名稱，應完整維持指定譯名
高雄廠STARRETT HF600 投影機操作及保養辦法,Kaohsiung STARRETT HF600 projector operate and maintain instruction,strict_required,正式文件、程序或表單名稱，應完整維持指定譯名
高雄廠三期潔淨室(清洗區)操作及保養辦法,Kaohsiung phase lll cleanroom(cleaning area) facilities equipment operate and maintain instruction,strict_required,正式文件、程序或表單名稱，應完整維持指定譯名
高雄廠三期潔淨室操作及保養辦法,Kaohsiung phase lll cleanroom facilities equipment operate and maintain instruction,strict_required,正式文件、程序或表單名稱，應完整維持指定譯名
高雄廠圓盤式泡殼包裝機操作及保養辦法,Tyvek sealing packaging machine of Kaohsiung plant operate and maintain instruction,strict_required,正式文件、程序或表單名稱，應完整維持指定譯名
高雄廠塑膠自動清洗線工作記錄表,Automatic plastic cleaning line operation record form (Kaohsiung),strict_required,正式文件、程序或表單名稱，應完整維持指定譯名
高雄廠塑膠自動清洗線生產記錄表,Plastic Automatic Cleaning Line Production Record Form for Kaohsuing Factory,strict_required,正式文件、程序或表單名稱，應完整維持指定譯名
高雄廠旋風式噴砂機操作及保養辦法,Tornado sandblasting machine of Kaohsiung plant operate and maintain instruction,strict_required,正式文件、程序或表單名稱，應完整維持指定譯名
高雄廠植入物清洗設備操作及保養辦法,Implant cleaning equipment of Kaohsiung plant operate and maintain instruction,strict_required,正式文件、程序或表單名稱，應完整維持指定譯名
高雄廠植入物潔淨室包裝生產作業辦法,Kaohsiung factory implant cleanroom package work instruction,strict_required,正式文件、程序或表單名稱，應完整維持指定譯名
高雄廠植入物紙盒包裝生產作業辦法,Kaohsiung factory implant carton packaging production work instruction,strict_required,正式文件、程序或表單名稱，應完整維持指定譯名
高雄廠潔淨室設施操作及保養辦法,Kaohsiung cleanroom facilities equipment operate and maintain instruction,strict_required,正式文件、程序或表單名稱，應完整維持指定譯名
高雄廠生產部,KS Production Division,strict_required,廠區或營運據點名稱，應固定使用指定譯名
高雄廠真空包裝機操作及保養辦法,Vacuum packaging machine of Kaohsiung plant operate and maintain instruction,strict_required,正式文件、程序或表單名稱，應完整維持指定譯名
高雄廠砂(布)輪機操作及保養辦法,Grinder machine of Kaohsiung plant operate and maintain instruction,strict_required,正式文件、程序或表單名稱，應完整維持指定譯名
高雄廠遠紅外線收縮包裝機操作及保養辦法,Far-infrared shrink packaging machine of Kaohsiung plant operate and maintain instruction,strict_required,正式文件、程序或表單名稱，應完整維持指定譯名
高雄廠金屬清洗線工作記錄表,Metal cleaning line operation record form (Kaohsiung),strict_required,正式文件、程序或表單名稱，應完整維持指定譯名
高雄廠金屬自動清洗線工作記錄表,Automatic Metal cleaning line operation record form (Kaohsiung),strict_required,正式文件、程序或表單名稱，應完整維持指定譯名
高雄廠金屬自動清洗線生產記錄表,Metal Automatic Cleaning Line Production Record Form for Kaohsiung Factory,strict_required,正式文件、程序或表單名稱，應完整維持指定譯名
高雄生產部,KS Production Division,strict_required,正式部門或組織單位名稱，應固定使用指定譯名
高雄生管部,KS Production Control Division,strict_required,正式部門或組織單位名稱，應固定使用指定譯名
高雄製程開發一部,KS Process Development Division I,strict_required,正式部門或組織單位名稱，應固定使用指定譯名
高雄製程開發二部,KS Process Development Division II,strict_required,正式部門或組織單位名稱，應固定使用指定譯名
高雄製程開發部,KS Process Development Division,strict_required,正式部門或組織單位名稱，應固定使用指定譯名
黏度測試記錄表,Viscosity tester operation record form,strict_required,正式文件、程序或表單名稱，應完整維持指定譯名
點收,Check and receive,lexical_required,一般英文詞彙或專業用語，可接受合理的單複數、詞性、冠詞或大小寫變化
點檢內容,check items,reference_only,屬描述性片語、章節語句或提示文字，翻譯可依上下文改寫，不宜因未精確出現而判定失敗
點檢方式,check methods,reference_only,屬描述性片語、章節語句或提示文字，翻譯可依上下文改寫，不宜因未精確出現而判定失敗
點檢週期,check period,reference_only,屬描述性片語、章節語句或提示文字，翻譯可依上下文改寫，不宜因未精確出現而判定失敗
齒形,tooth profile,lexical_required,一般英文詞彙或專業用語，可接受合理的單複數、詞性、冠詞或大小寫變化
