entry_id,library_id,source_lang,target_lang,source_term,target_term,current_validation_type,suggested_validation_type,classification_reason,confidence,reviewed_validation_type,review_note
1363,2,zh,en,(點檢)記錄表,Daily checklist,,,,,strict_required,
1364,2,zh,en,325 linear  CNC五軸複合加工機保養辦法,325 linear CNC five-axis complex machine maintain instruction,,,,,strict_required,
1365,2,zh,en,325 linear  CNC五軸複合加工機操作辦法,325 linear CNC five-axis complex machine operate instructionl,,,,,strict_required,
1366,2,zh,en,ACME自動打磨機保養辦法,ACME automatic grinding maintain instruction,,,,,strict_required,
1367,2,zh,en,AG400L&AG600L線切割機保養辦法,AG400L&AG600L wire cutter machine maintain instruction,,,,,strict_required,
1368,2,zh,en,AV350影像儀保養記錄表,AV350 projector maintenance record form,,,,,strict_required,
2196,2,zh,en,A製程,A process,,,,,strict_required,
2197,2,zh,en,BOM,BOM,,,,,strict_required,
2198,2,zh,en,B製程,B process,,,,,strict_required,
1372,2,zh,en,Cincom 走心車床保養辦法,Cincom lathe maintain instruction,,,,,strict_required,
2199,2,zh,en,CNC,CNC,,,,,strict_required,
1369,2,zh,en,CNC CMM 維護保養作業辦法,CNC CMM maintain instruction,,,,,strict_required,
1371,2,zh,en,CNC車床操作及保養辦法,CNC lathe operate and maintain instruction,,,,,strict_required,
1370,2,zh,en,CNC程式對照表,CNC programs list,,,,,strict_required,
1373,2,zh,en,Co-Cr-Mo 產品燒結後品質規範,Quality requirement for Co-Cr-Mo products sintered,,,,,strict_required,
1374,2,zh,en,Co-Cr-Mo 鍛造件品質規範,Quality requirement for Co-Cr-Mo forging,,,,,strict_required,
1375,2,zh,en,DCN通知單,DCN notice form,,,,,strict_required,
1380,2,zh,en,EasyFlow系統軟體確效作業辦法,Easyflow system software validation work instruction,,,,,strict_required,
2202,2,zh,en,EasyFlow模組說明,EasyFlow module description,,,,,strict_required,
1376,2,zh,en,ECN通知單,ECN notice form,,,,,strict_required,
1377,2,zh,en,ECR 申請單,ECR application form,,,,,strict_required,
1378,2,zh,en,EO滅菌品質協議書,EO sterilization quality agreement,,,,,strict_required,
2200,2,zh,en,EO與ECH殘留量評估,EO and ECH residuals evaluation,,,,,strict_required,
1379,2,zh,en,ERP系統軟體確效作業辦法,ERP system software validation work instruction,,,,,strict_required,
2201,2,zh,en,ERP模組說明,Description of ERP Modules,,,,,strict_required,
2203,2,zh,en,European Database on Medical Device (EUDAMED),European Database on Medical Device (EUDAMED),,,,,strict_required,
1381,2,zh,en,FA檢驗記錄表,FA inspection record form,,,,,strict_required,
2204,2,zh,en,Global Unique Device Identification Database,GUDID,,,,,strict_required,
1382,2,zh,en,GU-3250萬能外圓磨床保養辦法,GU-3250 Universal Cylindrical Grinding machine operate and maintain instruction,,,,,strict_required,
1383,2,zh,en,HD-CN-4520遠紅外線收縮包裝機操作及保養辦法,HD-CN-4520 far-infrared shrink packaging machine operate and maintain instruction,,,,,strict_required,
1384,2,zh,en,HH-411里式硬度計操作作業辦法,HH-411 Leeb hardness operate instruction,,,,,strict_required,
1385,2,zh,en,HT-1000A里式硬度計操作作業辦法,HT-1000A Leeb Hardness Tester operate and maintain instruction,,,,,strict_required,
1386,2,zh,en,IM-X影像測量儀保養記錄表,IM-X projector maintenance record form,,,,,strict_required,
2205,2,zh,en,Instruction for use (IFU),Instruction for use (IFU),,,,,strict_required,
1387,2,zh,en,JENOPTIK C8000輪廓儀校正、清潔保養及操作作業辦法,"JENOPTIK C8000 profilometer calibrate,cleaning,maintain operate instruction",,,,,strict_required,
315,2,zh,en,K型,K Type,,,,,strict_required,
2206,2,zh,en,LAL試劑,Limulus amebocyte lysate,,,,,strict_required,
1388,2,zh,en,LEADWELL T-7iM CNC車床保養辦法,LEADWELL T-7iM CNC lathe maintain instruction,,,,,strict_required,
1389,2,zh,en,LEADWELL T-8M CNC車床保養辦法,LEADWELL T-8M CNC lathe maintain instruction,,,,,strict_required,
1390,2,zh,en,LPC-4030W圓盤式泡殼包裝機操作及保養辦法,LPC-4030W tyvek sealing packaging machine operate and maintain instruction,,,,,strict_required,
1391,2,zh,en,LYM950清洗機操作及保養辦法,LYM950 washing machine operate and maintain instruction,,,,,strict_required,
1392,2,zh,en,L型全自動封口包裝機操作及保養辦法,L-block type full automatic sealing machine operate and maintain instruction,,,,,strict_required,
1393,2,zh,en,M/C 銑床-三軸操作及保養辦法,3 axial milling machine operate and maintain instruction,,,,,strict_required,
1394,2,zh,en,M/C 銑床-五軸操作及保養辦法,5-axial milling machine operate and maintain instruction,,,,,strict_required,
1395,2,zh,en,M140X2 RD五軸立式車銑加工機保養辦法,MI40X2 RD five-axis vertical turning and lathes machine maintain instruction,,,,,strict_required,
1396,2,zh,en,M200Xd1 RD銑車複合加工機操作及保養辦法,M200Xd1 RD CNC Mill-Turn Multi-Tasking Machine operate and maintain instruction,,,,,strict_required,
1397,2,zh,en,M641球面研磨機操作及保養辦法,M641 spherical milling machine operate and maintain instruction,,,,,strict_required,
1398,2,zh,en,MCN申請/通知單,MCN notice from,,,,,strict_required,
1399,2,zh,en,MD-U1000C雷射刻印機操作及保養辦法,MD-U1000C laser marking machine operate and maintain instruction,,,,,strict_required,
1400,2,zh,en,MD-V9920雷射刻印機操作及保養辦法,MD-V9920 laser marking machine operate and maintain instruction,,,,,strict_required,
1401,2,zh,en,MD-X1520雷射刻印機操作及保養辦法,MD-X1520 laser marking machine operate and maintain instruction,,,,,strict_required,
1402,2,zh,en,Mitutoyo SJ-201表面粗度儀校正作業辦法,Mitutoyo SJ-201 surface roughness tester calibrate instruction,,,,,strict_required,
2207,2,zh,en,ODM,ODM,,,,,strict_required,
2208,2,zh,en,OEM,OEM,,,,,strict_required,
2209,2,zh,en,PBM,PBM,,,,,strict_required,
2210,2,zh,en,PFMEA,PFMEA,,,,,strict_required,
2211,2,zh,en,PFMEA文件,PFMEA document,,,,,strict_required,
317,2,zh,en,PH計量測值,pH meter,,,,,strict_required,
316,2,zh,en,PH值,pH values,,,,,strict_required,
1403,2,zh,en,Pro500電解拋光機操作及保養辦法,Pro500electropolishing operate and maintain instruction,,,,,strict_required,
318,2,zh,en,R&R分析,repeatability and reproducibility analysis,,,,,strict_required,
1404,2,zh,en,RIG-150 CNC內圓磨床保養辦法,RIG-150 CNC internal grinding machine maintain instruction,,,,,strict_required,
1405,2,zh,en,S550放電加工機操作及保養辦法,S550 electrical discharge machine operate and maintain instruction,,,,,strict_required,
1406,2,zh,en,SC-680真空包裝機操作及保養辦法,SC-680 vacuum packaging machine operate and maintain instruction,,,,,strict_required,
1407,2,zh,en,SIP品號明細表,SIP part numbers list,,,,,strict_required,
1408,2,zh,en,SIP變更管制記錄表,SIP change control record form,,,,,strict_required,
2212,2,zh,en,SOP,SOP,,,,,strict_required,
1409,2,zh,en,ST-101 砂帶機操作及保養辦法,ST-101 belt sander operate machine and maintain instruction,,,,,strict_required,
1410,2,zh,en,STARRETT HF600投影機操作作業辦法,STARRETT HF600 projector operate instruction,,,,,strict_required,
1411,2,zh,en,STP MAGIS 600 CNC刀具設定儀保養(點檢)記錄表,STP MAGIS 600 CNC Tooling setting instrument maintenance daily checklist,,,,,strict_required,
1413,2,zh,en,Ti-6Al-4V ELI鍛造品質規範,Quality requirement for Ti-6Al-4V ELI forging,,,,,strict_required,
1414,2,zh,en,Ti-6Al-4V 產品燒結後品質規範,Quality requirement for Ti-6Al-4V product sintered,,,,,strict_required,
1412,2,zh,en,TM-R旋風式噴砂機保養辦法,TM-R tornado sandblasting machine maintain instruction,,,,,strict_required,
2213,2,zh,en,UDI-DI (GTIN),UDI-DI (GTIN),,,,,strict_required,
1415,2,zh,en,UDI條碼列印確效作業辦法,UDI barcode print validation work instruction,,,,,strict_required,
1417,2,zh,en,UDI進料檢驗記錄表,UDI In-coming inspection record form,,,,,strict_required,
1416,2,zh,en,UDI資訊登錄作業辦法,UDI information registration work instruction,,,,,strict_required,
1418,2,zh,en,UHMWPE混合Vitamin E材料品質規範,Quality requirement for highly crosslinked UHMWPE with blended vitamin E,,,,,strict_required,
2214,2,zh,en,VDmax25,VDmax25,,,,,strict_required,
1419,2,zh,en,WS-803自動球面搪磨機保養辦法,WS-803 automatic spherical honing machine maintain instruction,,,,,strict_required,
1422,2,zh,en,X-ray設備保養(日點檢)記錄表,X-ray equipment maintenance daily checklist,,,,,strict_required,
1420,2,zh,en,X-Ray操作及保養辦法,X-Ray operate and maintenance instruction,,,,,strict_required,
1421,2,zh,en,X-Ray檢測品質規範,X-ray inspection criteria,,,,,strict_required,
1423,2,zh,en,YCM-FV85A CNC銑床保養辦法,YCM-FV85A CNC milling machine maintain instruction,,,,,strict_required,
2215,2,zh,en,Z製程,Z process,,,,,strict_required,
2216,2,zh,en,一級主管,Director,,,,,lexical_required,
1424,2,zh,en,一般安全與性能要求檢查表,Checklist for general safety and performance requirements,,,,,strict_required,
2217,2,zh,en,一般性委外加工,General Outsourcing,,,,,lexical_required,
2219,2,zh,en,一般訓練,General training,,,,,lexical_required,
2220,2,zh,en,一般訓練辦理,General training,,,,,lexical_required,
2218,2,zh,en,一般會計組,General Accounting Section,,,,,strict_required,
2221,2,zh,en,一般說明,General description,,,,,reference_only,
319,2,zh,en,一般需求,general requirements,,,,,reference_only,
1441,2,zh,en,二次元高度規保養(點檢)記錄表,Two dimensions height gauge maintenance checklist,,,,,strict_required,
2242,2,zh,en,二級主管,Manager of Division,,,,,lexical_required,
1443,2,zh,en,二階段調撥單,Two stage transfer application form,,,,,strict_required,
1442,2,zh,en,二維條碼檢測管制辦法,UDI inspection control instruction,,,,,strict_required,
1444,2,zh,en,人力發展管理程序,Human resource development procedure,,,,,strict_required,
2246,2,zh,en,人力開發規劃及員工考核,KPI,,,,,strict_required,
2245,2,zh,en,人事組,HR Section,,,,,strict_required,
2244,2,zh,en,人事單位,HR Division,,,,,strict_required,
2248,2,zh,en,人員訓練,Train personnel on their responsibilities,,,,,lexical_required,
2247,2,zh,en,人員健康與工業安全,Personnel health and industrial safety,,,,,lexical_required,
2249,2,zh,en,人眼可識別資訊,Human readable interpretation,,,,,lexical_required,
2315,2,zh,en,入庫,Stock,,,,,lexical_required,
2316,2,zh,en,入庫作業,Stocking,,,,,lexical_required,
1494,2,zh,en,入庫單,Materials stock in form,,,,,strict_required,
2317,2,zh,en,入職訓練,Induction training,,,,,lexical_required,
1495,2,zh,en,入職訓練暨審定記錄表,Induction training record form,,,,,strict_required,
2318,2,zh,en,入職訓練辦理,Induction training,,,,,lexical_required,
1496,2,zh,en,入職課程表,Induction training schedule,,,,,strict_required,
2338,2,zh,en,刀工具管理,Tooling management,,,,,lexical_required,
1516,2,zh,en,刀具量測儀保養(點檢)記錄表,Tooling measuring equipment maintenance daily checklist,,,,,strict_required,
1425,2,zh,en,三次元CMM保養(點檢)記錄表,CMM maintenance daily checklist,,,,,strict_required,
1426,2,zh,en,三線規校正作業辦法,Three-wire gauge calibrate instruction,,,,,strict_required,
1427,2,zh,en,三豐三次元CMM保養(點檢)記錄表,Mitutoyo CMM maintenance daily checklist,,,,,strict_required,
2228,2,zh,en,上市後階段,Post market stage,,,,,lexical_required,
2227,2,zh,en,上市後資訊的異常管理,Non-conformance management of post-market surveillance information,,,,,lexical_required,
2226,2,zh,en,上市後資訊的應用,Post-market surveillance information application,,,,,lexical_required,
2222,2,zh,en,上市後監督,Post market surveillance,,,,,lexical_required,
2223,2,zh,en,上市後監督技術文件,Technical documentation on post-market surveillance,,,,,strict_required,
1430,2,zh,en,上市後監督計劃書,Post-market surveillance plan,,,,,strict_required,
1428,2,zh,en,上市後監督報告書,Post-market surveillance report,,,,,strict_required,
1429,2,zh,en,上市後監督程序,Post market surveillance procedure,,,,,strict_required,
2224,2,zh,en,上市後臨床追蹤,Post-market clinical follow-up,,,,,lexical_required,
1431,2,zh,en,上市後臨床追蹤(PMCF)作業程序,Post-market clinical follow-up procedure,,,,,strict_required,
1433,2,zh,en,上市後臨床追蹤計畫書,PMCF plan,,,,,strict_required,
2225,2,zh,en,上市後臨床追蹤報告,PMCF report,,,,,strict_required,
1432,2,zh,en,上市後臨床追蹤報告書,PMCF evaluation report,,,,,strict_required,
2374,2,zh,en,口頭建議,Oral suggestion,,,,,lexical_required,
1606,2,zh,en,大氣電漿噴塗生產記錄表,Atmospheric plasma spraying production record form,,,,,strict_required,
1607,2,zh,en,大氣電漿噴塗系統操作及保養辦法,Atmospheric plasma spraying system operate and maintain instruction,,,,,strict_required,
1603,2,zh,en,大氣熱處理爐工件擺放位置標示作業辦法,Position arrange in air circulation furnace work instruction,,,,,strict_required,
376,2,zh,en,大氣爐,oven,,,,,lexical_required,
1605,2,zh,en,大氣爐均溫量測作業辦法,Air circulation furnace temperature uniformity measurement work instruction,,,,,strict_required,
1604,2,zh,en,大氣爐均溫管制記錄表,Oven temperature uniformity control record form,,,,,strict_required,
2482,2,zh,en,子公司,Subsidiaries,,,,,lexical_required,
1610,2,zh,en,子公司及關聯企業採購訂單流程作業辦法,Purchase order process instruction of the subsidiary companies and affiliates work instruction,,,,,strict_required,
1647,2,zh,en,工、治具交接一覽表,Jigs and fixtures transition list,,,,,strict_required,
2546,2,zh,en,工安組,Laborer Safety and Health Section,,,,,strict_required,
2156,2,zh,en,工安部,Laborer Safety and Health Division,,,,,strict_required,
2545,2,zh,en,工安單位,Laborer Safety and Health Division,,,,,strict_required,
1649,2,zh,en,工作支援申請單,Task supports application form,,,,,strict_required,
1648,2,zh,en,工作支援單作業辦法,Task supporting work instruction,,,,,strict_required,
2542,2,zh,en,工作支援單發行,Release task supports application form,,,,,lexical_required,
1651,2,zh,en,工作角色異動表,Job role add and change form,,,,,strict_required,
1650,2,zh,en,工作角色彙整表,Job role compilation table,,,,,strict_required,
385,2,zh,en,工作記錄表,operation record form,,,,,strict_required,
2541,2,zh,en,工作區域尺寸,Work zone Size,,,,,lexical_required,
2540,2,zh,en,工作區域容積,Workspace Volume,,,,,lexical_required,
2543,2,zh,en,工單,Work order,,,,,strict_required,
1653,2,zh,en,工單退料單,Material returned for work order form,,,,,strict_required,
1652,2,zh,en,工單發料單,Material released for work order form,,,,,strict_required,
2544,2,zh,en,工單編碼原則,Work order coding principles,,,,,lexical_required,
1654,2,zh,en,工程能力評估調查表,Engineering evaluate survey form,,,,,strict_required,
2548,2,zh,en,工程組,Engineering Section,,,,,strict_required,
1655,2,zh,en,工程設計相關電腦檔案儲存辦法,Product drawing electrical file storage work instruction,,,,,strict_required,
2547,2,zh,en,工程單位,Engineering Division,,,,,strict_required,
386,2,zh,en,已上市產品,post-market product,,,,,lexical_required,
320,2,zh,en,不合格品,nonconforming product,,,,,lexical_required,
2229,2,zh,en,不合格品之來源,Source of non-conforming products,,,,,lexical_required,
2230,2,zh,en,不合格品之評估與裁決,Evaluation and judgment of the non-conforming products,,,,,lexical_required,
1434,2,zh,en,不合格品處理程序,Non-conforming product control procedure,,,,,strict_required,
322,2,zh,en,不良事件,adverse event,,,,,lexical_required,
2234,2,zh,en,不良副作用,Undesirable side-effect,,,,,lexical_required,
2231,2,zh,en,不定期盤點,Irregular counting,,,,,lexical_required,
321,2,zh,en,不定期稽核,Nonscheduled audit,,,,,lexical_required,
2232,2,zh,en,不符合,Non-Compliance,,,,,lexical_required,
2233,2,zh,en,不符合事項通知,Nonconformity notice,,,,,lexical_required,
2235,2,zh,en,不需檢驗品,Non-inspected goods,,,,,lexical_required,
1439,2,zh,en,不需檢驗證明書,Non-inspected goods certificate form,,,,,strict_required,
323,2,zh,en,不鏽鋼,stainless steel,,,,,lexical_required,
324,2,zh,en,不鏽鋼去氧化層,stainless steel deoxidation,,,,,lexical_required,
1435,2,zh,en,不鏽鋼去氧化層及清洗線工作記錄表,Oxide layer removal and cleaning process of stainless steel operation record form,,,,,strict_required,
1437,2,zh,en,不鏽鋼金屬煮沸測試規範,Testing criteria for boiling test of stainless steel,,,,,strict_required,
1436,2,zh,en,不鏽鋼氧化層去除及清洗製程規範,Oxide layer removal and cleaning process specification of stainless steel,,,,,strict_required,
1438,2,zh,en,不鏽鋼鍛造製程規範,Stainless steel forging process specification,,,,,strict_required,
2237,2,zh,en,中國大陸,China,,,,,strict_required,
2236,2,zh,en,中國境內指定的代理人,Agent designated in China,,,,,lexical_required,
327,2,zh,en,介電質薄膜電容濕度計,electrolyte film capacitance hygrometer,,,,,lexical_required,
342,2,zh,en,允收標準,acceptance criteria,,,,,lexical_required,
1497,2,zh,en,內外部溝通作業辦法,Internal and external communication work instruction,,,,,strict_required,
2320,2,zh,en,內毒素,Endotoxin,,,,,lexical_required,
2321,2,zh,en,內毒素單位,"Endotoxin Unit, EU",,,,,strict_required,
1499,2,zh,en,內毒素評估報告,Endotoxin evaluation report,,,,,strict_required,
1498,2,zh,en,內毒素管制作業辦法,Endotoxin control work instruction,,,,,strict_required,
572,2,zh,en,內容,Contents,,,,,strict_required,
2319,2,zh,en,內校,Internal calibration,,,,,lexical_required,
1500,2,zh,en,內訓申請暨簽到表,Internal training application and sign-in form,,,,,strict_required,
1501,2,zh,en,內訓課後分析與建議調查表,Internal training final survey form,,,,,strict_required,
2322,2,zh,en,內部品質稽核,Internal quality audit,,,,,lexical_required,
1502,2,zh,en,內部品質稽核管制程序,Internal audit procedure,,,,,strict_required,
2324,2,zh,en,內部訓練,Internal training,,,,,lexical_required,
2323,2,zh,en,內部製程挑戰產品,IPCD,,,,,strict_required,
1503,2,zh,en,內部稽核—不符合事項通知單,Internal audit--nonconformity notice form,,,,,strict_required,
1504,2,zh,en,內部稽核總結報告書,Internal audit summary report,,,,,strict_required,
2325,2,zh,en,內部講師,Internal trainer,,,,,lexical_required,
2330,2,zh,en,公司政策宣導,Corporate Policy Advocacy,,,,,lexical_required,
2328,2,zh,en,公共區域,Public area,,,,,lexical_required,
1506,2,zh,en,公共設備保養記錄表,Public equipment maintenance record list,,,,,strict_required,
1505,2,zh,en,公共設備保養維護管理辦法,Public equipment maintain instruction,,,,,strict_required,
1507,2,zh,en,公共設備檢查記錄表,Public equipment check record form,,,,,strict_required,
2329,2,zh,en,公共衛生嚴重威脅,Serious public health threat,,,,,lexical_required,
344,2,zh,en,六倍顯微鏡,6x microscope,,,,,lexical_required,
2340,2,zh,en,分析方法,Analytical method,,,,,lexical_required,
2339,2,zh,en,分析單位及對策執行單位,Analysis Division and Action Taken Division,,,,,strict_required,
1517,2,zh,en,分析報告書,Analysis report,,,,,strict_required,
2341,2,zh,en,分類編碼,Classification code,,,,,lexical_required,
1519,2,zh,en,切斷製程規範,Material cutting process specification,,,,,strict_required,
1518,2,zh,en,切斷機操作及保養辦法,Cutting machine operation and maintain instruction,,,,,strict_required,
351,2,zh,en,化學成份,chemical composition,,,,,lexical_required,
2355,2,zh,en,化學指示劑又稱滅菌顯示標籤,"Chemical Indicator, CI Sterilization display label",,,,,strict_required,
352,2,zh,en,化學鈍化製程,chemical passivation process,,,,,lexical_required,
1526,2,zh,en,化學鈍化製程確效作業辦法,Validation of the chemical passivation process work instruction,,,,,strict_required,
2549,2,zh,en,巴西,Brazil,,,,,strict_required,
2550,2,zh,en,巴西醫療器械延續註冊申請,Registration renewal of ANVISA approved medical device certificate,,,,,strict_required,
394,2,zh,en,手術入路,surgical approach,,,,,lexical_required,
1681,2,zh,en,手術工具品質規範,Quality requirement for surgical instruments,,,,,strict_required,
1682,2,zh,en,手術工具製品外觀判定品質規範,Cosmetic inspection criteria for surgical instrument products,,,,,strict_required,
395,2,zh,en,手術技術手冊,surgical technique guide,,,,,strict_required,
1673,2,zh,en,手術器械功能確認檢查表,Surgical instruments functional checklist,,,,,strict_required,
1677,2,zh,en,手術器械生物學評估表,Instrument biological evaluation form,,,,,strict_required,
1680,2,zh,en,手術器械風險管理報告書,Instrument risk management report,,,,,strict_required,
2579,2,zh,en,手術器械產品,Surgical Instruments,,,,,lexical_required,
1679,2,zh,en,手術器械設計管制程序,Instrument design control procedure,,,,,strict_required,
1678,2,zh,en,手術器械設計歷史記錄表,Instrument design history file record list,,,,,strict_required,
1674,2,zh,en,手術器械單一識別碼直接刻印作業辦法,Instrument UDI direct part mark work instruction,,,,,strict_required,
1675,2,zh,en,手術器械實配檢查表,Surgical instruments assembly checklist,,,,,strict_required,
1676,2,zh,en,手術器械實配檢查表(Japan),Surgical instruments assembly checklist(Japan),,,,,strict_required,
2615,2,zh,en,文件,Documents,,,,,lexical_required,
1704,2,zh,en,文件/圖面申請單,Documents/drawings application form,,,,,strict_required,
2616,2,zh,en,文件之保存,Document filing,,,,,lexical_required,
2619,2,zh,en,文件分發,Document distribution,,,,,lexical_required,
1705,2,zh,en,文件分發管制記錄表,Documents distribution control record form,,,,,strict_required,
2621,2,zh,en,文件生效,Document release,,,,,lexical_required,
2622,2,zh,en,文件生效/發行,Document release,,,,,lexical_required,
2617,2,zh,en,文件來源,Document sources,,,,,lexical_required,
2618,2,zh,en,文件保存,Document Preservation,,,,,lexical_required,
1706,2,zh,en,文件格式作業辦法,Standard document format work instruction,,,,,strict_required,
2623,2,zh,en,文件發行,Document release,,,,,lexical_required,
2624,2,zh,en,文件發行與分發管制,Document release and distribution control,,,,,lexical_required,
1708,2,zh,en,文件資料管制程序,Document and data control procedure,,,,,strict_required,
2625,2,zh,en,文件管制組,Document Control Section,,,,,strict_required,
2627,2,zh,en,文件製作,Documenting,,,,,lexical_required,
2620,2,zh,en,文件審核,Document review,,,,,lexical_required,
2626,2,zh,en,文件編碼,Document coding,,,,,lexical_required,
1707,2,zh,en,文件編碼與命名作業辦法,Document coding and naming work instruction,,,,,strict_required,
2629,2,zh,en,文件錯誤修正與變更管制,Document correction and change control,,,,,lexical_required,
2628,2,zh,en,文件變更記錄應包括,The document change records should include,,,,,reference_only,
1711,2,zh,en,文管單位文件登記表,Document control division documents register form,,,,,strict_required,
1712,2,zh,en,文管單位文件管制作業辦法,Documents control work instruction,,,,,strict_required,
1710,2,zh,en,文獻檢索計畫書,Literature search protocol,,,,,strict_required,
1709,2,zh,en,文獻檢索報告書,Literature search report,,,,,strict_required,
2637,2,zh,en,日常維護,Routine servicing,,,,,lexical_required,
2647,2,zh,en,月生產計劃之維護,Maintenance of monthly plan,,,,,lexical_required,
1788,2,zh,en,水性切削油更換&監控管理辦法,Aqueous cutting oil change & monitor instruction,,,,,strict_required,
2701,2,zh,en,水質,Water Quality,,,,,lexical_required,
2239,2,zh,en,主要不符合事項,Major nonconformity,,,,,lexical_required,
2241,2,zh,en,主要尺寸 Cpk,Process Capability Index,,,,,strict_required,
2240,2,zh,en,主要品質特性,Major characteristic,,,,,lexical_required,
325,2,zh,en,主要操作功能,primary operating function,,,,,lexical_required,
2238,2,zh,en,主管定期會議,Manager regular meeting,,,,,lexical_required,
1445,2,zh,en,代工產品報價作業辦法,OEM products quotation work Instruction,,,,,strict_required,
1446,2,zh,en,代工產品編碼管理辦法,OEM product coding management instruction,,,,,strict_required,
2253,2,zh,en,代表性包裝,Master Packaging,,,,,lexical_required,
2254,2,zh,en,代表性產品,Master product,,,,,lexical_required,
2250,2,zh,en,代理產品,Imported products,,,,,lexical_required,
2251,2,zh,en,代理產品客戶訴怨受理與處理,Receive and dispose customer complaints of distributed products,,,,,lexical_required,
2252,2,zh,en,代理產品通報,Report for agent products,,,,,lexical_required,
2335,2,zh,en,出庫/領料,Warehouse out/material requisition,,,,,lexical_required,
1511,2,zh,en,出貨UOJ產品包裝品質檢驗規範,Quality inspection standards for products packaging shipped to UOJ,,,,,strict_required,
2336,2,zh,en,出貨包裝,Shipment packaging,,,,,lexical_required,
1512,2,zh,en,出貨作業辦法,Outgoing work instruction,,,,,strict_required,
1513,2,zh,en,出貨單,Shipping list,,,,,strict_required,
1515,2,zh,en,出貨貼標作業辦法,Outgoing labelling work instruction,,,,,strict_required,
2337,2,zh,en,出貨準備,Shipment preparation,,,,,lexical_required,
1514,2,zh,en,出貨檢驗管制程序,Outgoing inspection procedure,,,,,strict_required,
349,2,zh,en,功能性,functionality,,,,,lexical_required,
1523,2,zh,en,加工製程輔助材料表,Auxiliary Materials List for Manufacturing Processes,,,,,strict_required,
2349,2,zh,en,加工標準建立,Establishment of manufacturing standards,,,,,lexical_required,
2350,2,zh,en,加工標準建立包含下列事項,The standards are as follows,,,,,reference_only,
1524,2,zh,en,加熱爐設備保養及操作辦法,Heating furnace maintain and operate instruction,,,,,strict_required,
350,2,zh,en,加嚴檢驗,tightened inspection,,,,,lexical_required,
2351,2,zh,en,包裝,Package,,,,,lexical_required,
2352,2,zh,en,包裝作業,Packaging,,,,,lexical_required,
2354,2,zh,en,包裝系統,Packaging System,,,,,lexical_required,
1525,2,zh,en,包裝系統設計評估報告,Packaging system design assessment report,,,,,strict_required,
2353,2,zh,en,包裝族群,Packaging Family,,,,,lexical_required,
2360,2,zh,en,半成品入庫檢驗,Stock inspection for semi-finished products,,,,,lexical_required,
1527,2,zh,en,半成品入庫檢驗查檢表,Semi-finished products stock in checklist,,,,,strict_required,
1528,2,zh,en,半成品刻印製程規範,Semi-product marking process specification,,,,,strict_required,
1529,2,zh,en,半成品調撥及出貨包裝製程規範,In-process product transfer and outgoing packaging process specification,,,,,strict_required,
1530,2,zh,en,半自動L型封口包裝機操作及保養辦法,L-block type semi-automatic sealing machine operate and maintain instruction,,,,,strict_required,
1531,2,zh,en,半自動殼模沾漿機操作及保養辦法,Semi-automatic shell mold dip machine operate and maintain instruction,,,,,strict_required,
2359,2,zh,en,半循環,Half cycle,,,,,lexical_required,
1532,2,zh,en,卡尺、深度計及指示量錶校正作業辦法,"Vernier caliper, depth gauge and indicating gauge calibrate instruction",,,,,strict_required,
2375,2,zh,en,召回,Recall,,,,,lexical_required,
2378,2,zh,en,召回可能擴及的深度,The depth of possible recall,,,,,lexical_required,
2376,2,zh,en,召回作業,Recall operation,,,,,lexical_required,
2377,2,zh,en,召回作業之執行,Recall implementation,,,,,lexical_required,
1538,2,zh,en,召回作業查檢表,Check list of recall operation,,,,,strict_required,
2379,2,zh,en,召回品之管制,Management of recalled products,,,,,lexical_required,
2383,2,zh,en,召回計畫書,Recall plan,,,,,strict_required,
2380,2,zh,en,召回期限,The time period of recall,,,,,lexical_required,
2381,2,zh,en,召回等級,Recall class,,,,,lexical_required,
2382,2,zh,en,召回策略,Recall strategy,,,,,lexical_required,
2384,2,zh,en,召開臨時品質管理審查會議時機,Timing to hold an ad hoc quality management review meeting,,,,,lexical_required,
359,2,zh,en,可用性工程,usability engineering,,,,,lexical_required,
1539,2,zh,en,可用性工程應用辦法,Applying usability engineering instruction,,,,,strict_required,
2385,2,zh,en,可用性或人因工程,usability human factors engineering,,,,,lexical_required,
360,2,zh,en,可用性測試,usability test,,,,,lexical_required,
2387,2,zh,en,可用性評估計劃,usability evaluation plan,,,,,lexical_required,
1540,2,zh,en,可用性評估報告書,Usability evaluation report,,,,,strict_required,
2386,2,zh,en,可用性評估會議記錄,Meeting minutes,,,,,strict_required,
361,2,zh,en,可辨識的,identifiable,,,,,lexical_required,
1541,2,zh,en,台北倉儲運轉管制辦法,Taipei warehouse operation control instruction,,,,,strict_required,
1542,2,zh,en,台北區蟲害防治及環境清潔檢查記錄表,Pest prevention and control & environment cleanliness check record form of Taipei site,,,,,strict_required,
1545,2,zh,en,台北運轉中心成品區效期點檢表,Taipei warehouse instrument finished product area validity period checklist,,,,,strict_required,
1543,2,zh,en,台北運轉中心器械清洗手冊版次檢查表,Taipei Operation center clean Manual version checklist,,,,,strict_required,
1544,2,zh,en,台北運轉中心器械清洗記錄表,Taipei warehouse instrument cleaning working record form,,,,,strict_required,
2388,2,zh,en,台灣,Taiwan,,,,,strict_required,
2463,2,zh,en,外來文件,External documents,,,,,lexical_required,
2464,2,zh,en,外來文件管理,External Document Control,,,,,lexical_required,
1597,2,zh,en,外徑分厘卡校正作業辦法,Outside Micrometer calibrate instruction,,,,,strict_required,
2466,2,zh,en,外校,Outsourcing calibration,,,,,lexical_required,
1598,2,zh,en,外校儀器合格判定作業辦法,Outsourcing calibrated devices acceptance work instruction,,,,,strict_required,
2467,2,zh,en,外校儀器驗收,Check and acceptance for outsourcing calibrated devices,,,,,lexical_required,
1599,2,zh,en,外訓申請表,External training application form,,,,,strict_required,
2465,2,zh,en,外國代理人,Foreign agent,,,,,lexical_required,
2468,2,zh,en,外部來源通報資料,Reporting from external sources,,,,,lexical_required,
2469,2,zh,en,外部協力廠商維護管理,Outsourced Maintenance Management,,,,,lexical_required,
1601,2,zh,en,外部品質稽核作業辦法,External audit instruction,,,,,strict_required,
2472,2,zh,en,外部訓練,External training,,,,,lexical_required,
2470,2,zh,en,外部專家,External expert,,,,,lexical_required,
2471,2,zh,en,外部製程挑戰產品,EPCD,,,,,strict_required,
1602,2,zh,en,外銷訂價表,Export pricing form,,,,,strict_required,
1600,2,zh,en,外購商品編碼作業辦法,Procurement product coding work instruction,,,,,strict_required,
375,2,zh,en,外觀,appearance,,,,,lexical_required,
2474,2,zh,en,失效,Failure,,,,,lexical_required,
2551,2,zh,en,市場收回,Market withdrawal,,,,,lexical_required,
2157,2,zh,en,市場行銷部,Marketing Division,,,,,strict_required,
2552,2,zh,en,市場產品窗口,Point of Product Contact,,,,,lexical_required,
2553,2,zh,en,市場組,Product Marketing Team,,,,,strict_required,
2554,2,zh,en,平面設計組,Graphic Design,,,,,strict_required,
2580,2,zh,en,打樣及首批樣品承認,Prototyping and First Article Approval,,,,,lexical_required,
2648,2,zh,en,未知來源之使用者介面,"user interface of unknown provenance, UOUP",,,,,strict_required,
2183,2,zh,en,本版生效日,Rev. Date,,,,,strict_required,
426,2,zh,en,正常使用,normal use,,,,,lexical_required,
427,2,zh,en,正常操作條件,normal operating condition,,,,,lexical_required,
428,2,zh,en,正常檢驗,normal inspection,,,,,lexical_required,
2699,2,zh,en,正確使用,correct use,,,,,lexical_required,
425,2,zh,en,正壓差,positive pressure difference,,,,,lexical_required,
2702,2,zh,en,永久性變更,Permanent change,,,,,lexical_required,
2771,2,zh,en,生命週期,Life-Cycle,,,,,lexical_required,
2772,2,zh,en,生物指示劑,"Biological Indicator, BI",,,,,strict_required,
1848,2,zh,en,生物相容性評估報告,Biocompatibility evaluation report,,,,,strict_required,
2773,2,zh,en,生物負荷量,Bio-burden,,,,,lexical_required,
2774,2,zh,en,生產、工程、研發設計、器械開發、品保等單位,"Production, Engineering, Research & Design, Instrument Development, Quality Assurance, and other related divisions",,,,,strict_required,
2775,2,zh,en,生產人員一、二級保養,Level 1~2 maintenance,,,,,lexical_required,
2778,2,zh,en,生產工單發行,Release production work order,,,,,lexical_required,
1849,2,zh,en,生產及服務流程確效作業程序,Production and service process validation procedure,,,,,strict_required,
1850,2,zh,en,生產及服務流程確效評估表,Production and service process validation evaluation form,,,,,strict_required,
2781,2,zh,en,生產日報控制,Control the daily production report,,,,,lexical_required,
2782,2,zh,en,生產材料,Productive materials,,,,,lexical_required,
1851,2,zh,en,生產和服務軟體風險評估總表,Production and service software risk evaluation master list,,,,,strict_required,
2779,2,zh,en,生產性物料,Productive material,,,,,lexical_required,
455,2,zh,en,生產流程,production process,,,,,lexical_required,
1852,2,zh,en,生產計劃管制程序,Production planning control procedure,,,,,strict_required,
2777,2,zh,en,生產執行,Production implementation,,,,,lexical_required,
2780,2,zh,en,生產排程與控制,Production schedule and control,,,,,lexical_required,
2783,2,zh,en,生產組,Production Section,,,,,strict_required,
456,2,zh,en,生產設備,production equipment,,,,,lexical_required,
2776,2,zh,en,生產單位,Production Division,,,,,strict_required,
2788,2,zh,en,生產階段,Manufacture stage,,,,,lexical_required,
2787,2,zh,en,生產資訊,UDI_PI,,,,,strict_required,
2785,2,zh,en,生產製造作業,Production work,,,,,lexical_required,
2786,2,zh,en,生產製造電腦設備,Manufacturing computer device,,,,,lexical_required,
2784,2,zh,en,生產製程變更,Production process change,,,,,lexical_required,
2791,2,zh,en,生管組,Production Control Section,,,,,strict_required,
2789,2,zh,en,生管單位,Production Control Division,,,,,strict_required,
2790,2,zh,en,生管單位依生產需求發出製程工令時,When Production Control Division issues process work order upon production demands,,,,,lexical_required,
457,2,zh,en,生鏽,rust,,,,,lexical_required,
1897,2,zh,en,用電度數記錄表,Electric power utilization degrees record form,,,,,strict_required,
2823,2,zh,en,申請,Application,,,,,lexical_required,
573,2,zh,en,目的,Purpose,,,,,strict_required,
1937,2,zh,en,立體顯微鏡操作作業辦法,Stereo microscope operate instruction,,,,,strict_required,
326,2,zh,en,交互實驗,interactive experiment,,,,,lexical_required,
2243,2,zh,en,交貨前之不合格品處理,Dispose pre-delivery non-conforming products,,,,,lexical_required,
2255,2,zh,en,任務,task,,,,,lexical_required,
2257,2,zh,en,企業流程組,Corporate Process Section,,,,,strict_required,
2256,2,zh,en,企劃組,Product Planning & Research Team,,,,,strict_required,
343,2,zh,en,光學顯微鏡,optical microscope,,,,,lexical_required,
2326,2,zh,en,全公司組織圖及組織代碼對照表,Organizational structure of United and cross reference table of organization code,,,,,strict_required,
2327,2,zh,en,全球交易品項識別碼,"Global Trade Item Number, GTIN",,,,,strict_required,
2331,2,zh,en,共通規則,Common specifications (CS),,,,,strict_required,
346,2,zh,en,再生性,reproducibility,,,,,lexical_required,
1508,2,zh,en,再次置換客戶訂製品檢查表,Order of revision products checklist,,,,,strict_required,
345,2,zh,en,再現性,repeatability,,,,,lexical_required,
1520,2,zh,en,列管之品質記錄保存責任一覽表,Responsibility for retaining the listed quality records form,,,,,strict_required,
353,2,zh,en,危害,hazard,,,,,lexical_required,
354,2,zh,en,危害性使用情節,hazard-related use scenario,,,,,lexical_required,
355,2,zh,en,危害處境,hazardous situation,,,,,lexical_required,
2390,2,zh,en,各部門二級主管,Managers of each division,,,,,lexical_required,
2391,2,zh,en,各部門組織功能,Organization and function of each division,,,,,lexical_required,
2194,2,zh,en,各單位主管,Supervisors of each division,,,,,lexical_required,
2389,2,zh,en,各模組作業操作手冊,Module Operation Manuals,,,,,strict_required,
1552,2,zh,en,合金鑄件外觀檢查品質規範,Cosmetic inspection criteria for alloy casting,,,,,strict_required,
1551,2,zh,en,合約/訂單確認書,Contract / order confirmation form,,,,,strict_required,
2399,2,zh,en,合約管理,Contract management,,,,,lexical_required,
2392,2,zh,en,合格/不合格品,Qualified / Unqualified products,,,,,lexical_required,
2393,2,zh,en,合格供應商,Potentially Qualified Supplier,,,,,lexical_required,
1546,2,zh,en,合格供應商一覽表,Qualified supplier list,,,,,strict_required,
2394,2,zh,en,合格供應商考核管理,Performance management of qualified suppliers,,,,,lexical_required,
2395,2,zh,en,合格供應商除名,Remove from qualified supplier list,,,,,lexical_required,
1547,2,zh,en,合格供應商評鑑表,Supplier survey form,,,,,strict_required,
362,2,zh,en,合格品,conforming product,,,,,lexical_required,
1548,2,zh,en,合格能力評核表,Qualification assessment form,,,,,strict_required,
2396,2,zh,en,合格講師列冊,List of qualified trainers,,,,,lexical_required,
1549,2,zh,en,合格講師核定表,Qualified trainer approval form,,,,,strict_required,
1550,2,zh,en,合格講師清冊,List of qualified trainers,,,,,strict_required,
2398,2,zh,en,合理可預見的誤用,reasonably foreseeable misuse,,,,,lexical_required,
2397,2,zh,en,合理判斷,Reasonably suggests,,,,,lexical_required,
2400,2,zh,en,同型物料替換,Homo-type material substitute,,,,,lexical_required,
363,2,zh,en,向量,vector,,,,,lexical_required,
2439,2,zh,en,回溯性流程確效,Retrospective validation,,,,,lexical_required,
2440,2,zh,en,回溯性確效,Retrospective validation,,,,,lexical_required,
1584,2,zh,en,在製品委外前檢驗查檢表,In-process products before outsourcing checklist,,,,,strict_required,
1585,2,zh,en,在製品搬運辦法,Work in progress handling work instruction,,,,,strict_required,
2473,2,zh,en,多中心研究計畫或臨床試驗計畫,Multi-institution research project or clinical trial project,,,,,lexical_required,
2483,2,zh,en,安全性和有效性,Safety and Effectiveness,,,,,lexical_required,
2484,2,zh,en,安全性資訊,Information for Safety,,,,,lexical_required,
1612,2,zh,en,安全性與臨床效能摘要,"Summary of Safety and Clinical Performance, SSCP",,,,,strict_required,
1613,2,zh,en,安全性與臨床效能摘要作業辦法,Summary of safety and clinical performance work instruction,,,,,strict_required,
1615,2,zh,en,安規綜合分析儀保養點檢記錄表,Pre-use Inspection checklist for safety compliance analyzer,,,,,strict_required,
1616,2,zh,en,安規綜合分析儀暨操作、校正與保養作業辦法,"Safety compliance analyzer operate,calibrate and maintain instruction",,,,,strict_required,
377,2,zh,en,安裝驗證,"Installation qualification, IQ",,,,,strict_required,
2485,2,zh,en,安裝驗證 IQ,Installation qualification,,,,,strict_required,
1614,2,zh,en,安裝驗證(IQ)計畫與報告書,Installation qualification protocol and report,,,,,strict_required,
2486,2,zh,en,安裝驗證IQ,Installation Qualification,,,,,strict_required,
1656,2,zh,en,年度不定期內部品質稽核計劃表,Annual nonscheduled internal quality audit plan,,,,,strict_required,
1657,2,zh,en,年度內部品質稽核計劃表,Annual internal quality audit plan form,,,,,strict_required,
2556,2,zh,en,年度生產計劃,Annual production plan,,,,,lexical_required,
1659,2,zh,en,年度品質系統合格稽核員一覽表,Annual quality system qualified auditor list,,,,,strict_required,
1658,2,zh,en,年度品質管理系統內部稽核專案,Annual quality management system internal audit program,,,,,lexical_required,
2559,2,zh,en,年度訓練計劃,Annual training plan,,,,,lexical_required,
2558,2,zh,en,年度訓練總成果分析,Overall achievement analysis of annual trainings,,,,,lexical_required,
2555,2,zh,en,年度教育訓練計劃,Annual educational training plans,,,,,lexical_required,
1660,2,zh,en,年度教育訓練計劃表,Annual training plan form,,,,,strict_required,
1662,2,zh,en,年度製程稽核時程表,Annual In-process audit schedule,,,,,strict_required,
2557,2,zh,en,年度稽核專案擬定,Draft annual audit program,,,,,lexical_required,
1661,2,zh,en,年度機器設備保養計劃表,Annual equipment maintenance plan,,,,,strict_required,
2578,2,zh,en,成本組,Cost Section,,,,,strict_required,
1672,2,zh,en,成品效期管控表,Finished products expired date control form,,,,,strict_required,
2577,2,zh,en,成效評估,Effectiveness evaluation,,,,,lexical_required,
2602,2,zh,en,收料,Material receipt,,,,,lexical_required,
2603,2,zh,en,收料/入庫,Material receipt/stock,,,,,lexical_required,
2604,2,zh,en,收料/驗收,Receipt/Inspection,,,,,lexical_required,
1697,2,zh,en,收料單,Material reception form,,,,,strict_required,
1698,2,zh,en,收料單(高雄廠固資模具專用),Material reception form (permanent assets mold usage of Kaohsiung plant ),,,,,strict_required,
415,2,zh,en,有效性,effectiveness,,,,,lexical_required,
1721,2,zh,en,有效性確認回應單,Effectiveness check response form,,,,,strict_required,
2694,2,zh,en,次要不符合事項,Minor nonconformity,,,,,lexical_required,
2695,2,zh,en,次要品質特性,Minor characteristic,,,,,lexical_required,
1832,2,zh,en,灰分測試規範,Testing criteria for ash content,,,,,strict_required,
2939,2,zh,en,自主檢驗,Self-inspection,,,,,lexical_required,
1973,2,zh,en,自主檢驗記錄表,Self-inspection record form,,,,,strict_required,
2941,2,zh,en,自有品牌產品,Own branding products of United,,,,,lexical_required,
1974,2,zh,en,自來水、天然氣度數抄表,Tap water and gas degrees record form,,,,,strict_required,
1975,2,zh,en,自動貼標設備管理辦法,Automatic labelling system software equipment management instruction,,,,,strict_required,
2940,2,zh,en,自動識別技術,AIDC,,,,,strict_required,
2942,2,zh,en,自製模具檢驗,Self-manufactured mold inspection,,,,,lexical_required,
1976,2,zh,en,自製檢具校驗作業辦法,Self-made gages calibrate instruction,,,,,strict_required,
2949,2,zh,en,行政組,Administrative Section,,,,,strict_required,
2171,2,zh,en,行政管理部,Administration Division,,,,,strict_required,
2948,2,zh,en,行政管理單位,Administration Division,,,,,strict_required,
1988,2,zh,en,行動計劃表,Action plan form,,,,,strict_required,
2950,2,zh,en,行銷素材產出,Creation of Marketing Materials,,,,,lexical_required,
2951,2,zh,en,行銷輔助品與贈品,Give-away,,,,,lexical_required,
2258,2,zh,en,位置/狀況,Location / status,,,,,reference_only,
328,2,zh,en,低倍光學檢驗,low magnification inspection,,,,,lexical_required,
1447,2,zh,en,作業說明書(一),Operation description form I,,,,,strict_required,
1449,2,zh,en,作業說明書(二),Operation description form II,,,,,strict_required,
1448,2,zh,en,作業說明書(三),Operation description form III,,,,,strict_required,
1450,2,zh,en,作業說明書(四),Operation description form IV,,,,,strict_required,
2260,2,zh,en,作業熱電偶,Work Thermocouples,,,,,lexical_required,
2259,2,zh,en,作廢文件之管制,Obsolete documents control,,,,,lexical_required,
1493,2,zh,en,免提第三公證單位測試報告之材料供應商一覽表,Material supplier without the test reports from the 3’th-party notarization institution list,,,,,strict_required,
1510,2,zh,en,冷卻水塔自主檢查表,Cooling water tank self-inspection record form,,,,,strict_required,
2344,2,zh,en,利用,Use,,,,,lexical_required,
2343,2,zh,en,利害關係人,Interested parties,,,,,lexical_required,
2345,2,zh,en,利益/醫療效益,benefit,,,,,lexical_required,
2346,2,zh,en,利益風險分析的顯著衝擊,Significant impact on the benefit-risk analysis,,,,,lexical_required,
2347,2,zh,en,利益風險的決定,Benefit-risk determination,,,,,lexical_required,
1553,2,zh,en,呆廢料管理辦法,Idle stock management instruction,,,,,strict_required,
371,2,zh,en,均溫,temperature uniformity,,,,,lexical_required,
2451,2,zh,en,均溫性,Temperature uniformity,,,,,lexical_required,
372,2,zh,en,均溫性符合要求,uniformity compliant,,,,,lexical_required,
2452,2,zh,en,均溫性測試用感測器,Temperature Uniformity Sensor,,,,,lexical_required,
1617,2,zh,en,完工入庫單,Finished goods stock in form,,,,,strict_required,
2487,2,zh,en,完成品之特採申請,Concession application for finished products,,,,,lexical_required,
2488,2,zh,en,完成製程流程管制記錄,Manufacturing process control record form,,,,,strict_required,
378,2,zh,en,宏觀檢驗,macroscopic inspection,,,,,lexical_required,
1646,2,zh,en,巡檢/製程檢驗記錄表,In-process inspection record form,,,,,strict_required,
388,2,zh,en,形成性評估,formative evaluation,,,,,lexical_required,
1683,2,zh,en,扭力扳手校正作業辦法,Torque wrench calibrate instruction,,,,,strict_required,
1684,2,zh,en,扭力試驗機保養(點檢)記錄表,Torsion tester maintenance checklist,,,,,strict_required,
396,2,zh,en,批,lot,,,,,lexical_required,
397,2,zh,en,批次,Batch,,,,,lexical_required,
313,2,zh,en,批號,lot number,,,,,lexical_required,
2581,2,zh,en,批號編碼原則,Lot number coding principle,,,,,lexical_required,
1686,2,zh,en,技術手冊借閱登記表,Technical Manual Borrowing Record Form,,,,,strict_required,
1687,2,zh,en,技術文檔,Technical documentation,,,,,strict_required,
2582,2,zh,en,技術服務,Technical Service,,,,,lexical_required,
1685,2,zh,en,技術報告,Technical report form,,,,,strict_required,
1688,2,zh,en,投影機保養(點檢)記錄表,Projector maintenance (check) record form,,,,,strict_required,
1689,2,zh,en,投影機校正作業辦法,Projector calibrate instruction,,,,,strict_required,
2608,2,zh,en,改正,Correction,,,,,lexical_required,
1699,2,zh,en,改正及預防措施處理程序,Corrective action and preventive action management procedure,,,,,strict_required,
2606,2,zh,en,改善效果之查證,Validation for improvement,,,,,lexical_required,
2607,2,zh,en,改善結果追蹤,Trace improved result,,,,,lexical_required,
2605,2,zh,en,改善對策,Corrective actions,,,,,lexical_required,
411,2,zh,en,更換週期,replace period,,,,,lexical_required,
412,2,zh,en,更換類別,replace item,,,,,lexical_required,
1724,2,zh,en,材料檢驗記錄表暨材質及特性測試報告,Material Inspection Record Form with Material and Properties test report,,,,,strict_required,
2892,2,zh,en,系統功能簡述,System Function Overview,,,,,lexical_required,
2893,2,zh,en,系統架構圖,System Architecture Diagram,,,,,strict_required,
2895,2,zh,en,系統配置,System Configuration,,,,,lexical_required,
1950,2,zh,en,系統軟體驗證報告,System Software Qualification Report,,,,,strict_required,
2891,2,zh,en,系統備份原則,System Backup Principles,,,,,lexical_required,
2896,2,zh,en,系統開發驗證,System Development Qualification,,,,,lexical_required,
2894,2,zh,en,系統權限設定,System permission setting,,,,,lexical_required,
496,2,zh,en,良率,yield,,,,,lexical_required,
2008,2,zh,en,角度規、分度尺校正作業辦法,Angle gauge and graduated scale calibrate instruction,,,,,strict_required,
2026,2,zh,en,走心區加工作業及換線管理辦法,"Lathe, Swiss type, change line work instruction",,,,,strict_required,
2044,2,zh,en,里氏硬度計日常查核記錄表,Leeb hardness tester daily check record form,,,,,strict_required,
2045,2,zh,en,里氏硬度計校正作業辦法,Leeb hardness tester calibrate instruction,,,,,strict_required,
2272,2,zh,en,使用／保養管理,Utilization / Maintenance management,,,,,lexical_required,
2265,2,zh,en,使用者,user,,,,,lexical_required,
329,2,zh,en,使用者介面,user interface,,,,,lexical_required,
330,2,zh,en,使用者介面的生產與生產後資訊,the production and post-production information of user interface,,,,,lexical_required,
331,2,zh,en,使用者介面規格,user interface specification,,,,,lexical_required,
332,2,zh,en,使用者介面評估,user interface evaluation,,,,,lexical_required,
333,2,zh,en,使用者介面需求,user interface requirements,,,,,lexical_required,
2266,2,zh,en,使用者回饋,User feed-back,,,,,lexical_required,
1452,2,zh,en,使用者訓練作業辦法,User training work instruction,,,,,strict_required,
2268,2,zh,en,使用者訓練滿意度,Customer Training Satisfaction,,,,,lexical_required,
1453,2,zh,en,使用者訓練滿意度調查彙整表,Customer Training Satisfaction Survey Conclusion,,,,,strict_required,
1454,2,zh,en,使用者訓練簽到表,Customer training attendance form,,,,,strict_required,
334,2,zh,en,使用者專家檢視,expert reviews,,,,,lexical_required,
335,2,zh,en,使用者描述,user profile,,,,,lexical_required,
336,2,zh,en,使用者需求,user need,,,,,lexical_required,
2267,2,zh,en,使用者操作錯誤,User error,,,,,lexical_required,
1451,2,zh,en,使用者權限單,Permission Request Form,,,,,strict_required,
571,2,zh,en,使用表單,Q Forms,,,,,strict_required,
337,2,zh,en,使用規格,use specification,,,,,lexical_required,
2261,2,zh,en,使用單位,Using Division,,,,,strict_required,
2264,2,zh,en,使用群,user group,,,,,lexical_required,
2269,2,zh,en,使用說明,Instruction for use,,,,,lexical_required,
2270,2,zh,en,使用說明上應有的資訊,Information in the instructions for use,,,,,reference_only,
338,2,zh,en,使用說明書,User manual,,,,,strict_required,
2262,2,zh,en,使用獨立批號原則,Principle of using independent lot numbers,,,,,lexical_required,
2271,2,zh,en,使用錯誤,use error,,,,,lexical_required,
2263,2,zh,en,使用環境,use environment,,,,,lexical_required,
2273,2,zh,en,來源,Source,,,,,reference_only,
2274,2,zh,en,供應商,Supplier,,,,,lexical_required,
2275,2,zh,en,供應商/外包商環安衛 自我評估表,Supplier/Outsourcer ESH self-assessment questionnaire,,,,,strict_required,
1455,2,zh,en,供應商/外包商環安衛自我評估表,Supplier/Outsourcer ESH self-assessment questionnaire,,,,,strict_required,
2279,2,zh,en,供應商文件,Documents provided by suppliers,,,,,lexical_required,
1457,2,zh,en,供應商代工報廢品處理辦法,Supplier scrap parts disposite instruction,,,,,strict_required,
1471,2,zh,en,供應商永續發展評估表,Supplier ESG assessment form,,,,,strict_required,
1456,2,zh,en,供應商交貨不良通知單,Supplier non-conformity notice form,,,,,strict_required,
2276,2,zh,en,供應商交貨品質,Suppliers delivery quality,,,,,lexical_required,
1458,2,zh,en,供應商再評估表,Supplier re-assessment form,,,,,strict_required,
2278,2,zh,en,供應商再評核作業,Supplier Re-evaluation,,,,,lexical_required,
1468,2,zh,en,供應商批號管理作業辦法,Supplier lot number management work instruction,,,,,strict_required,
1469,2,zh,en,供應商改善要求單,Supplier corrective action request (S.C.A.R),,,,,strict_required,
2277,2,zh,en,供應商供貨名詞定義,Definition of Supplier Supply Terms,,,,,lexical_required,
1475,2,zh,en,供應商表面處理外觀品質規範(器械用),Cosmetic quality standards of instruments (for surface treatment supplier),,,,,strict_required,
2283,2,zh,en,供應商表現度,Supplier Performance Report,,,,,strict_required,
1474,2,zh,en,供應商表現度評分表,Supplier performance scored sheet,,,,,strict_required,
1479,2,zh,en,供應商金屬加工外觀品質規範(器械用),Cosmetic quality standards - Metallic products of instruments (for machining supplier),,,,,strict_required,
1463,2,zh,en,供應商品質系統稽核表,Supplier quality system audit list,,,,,strict_required,
1464,2,zh,en,供應商品質系統稽核計畫表,Supplier quality system audit plan form,,,,,strict_required,
1462,2,zh,en,供應商品質系統稽核簽到表,Supplier quality system audit meeting attendees list,,,,,strict_required,
1459,2,zh,en,供應商品質保證協議書,Supplier quality agreement,,,,,strict_required,
1461,2,zh,en,供應商品質管理工程表,Supplier quality control plan form,,,,,strict_required,
1460,2,zh,en,供應商品質稽核作業辦法,Supplier quality audit work instruction,,,,,strict_required,
1480,2,zh,en,供應商首批承認通知書,Supplier first article approval notice,,,,,strict_required,
1481,2,zh,en,供應商首批樣品承認書,Supplier first article approval report,,,,,strict_required,
1482,2,zh,en,供應商首批樣品承認辦法,Supplier first article approval work instruction,,,,,strict_required,
1476,2,zh,en,供應商評估/稽核缺失報告,Supplier assessed/audited nonconformity report,,,,,strict_required,
2284,2,zh,en,供應商評核改善確認,Supplier Improvement Confirmation,,,,,lexical_required,
1467,2,zh,en,供應商塑膠製品外觀品質規範(器械用),Cosmetic quality standards - plastic products of instruments (for supplier),,,,,strict_required,
2286,2,zh,en,供應商資格審查與評核,Supplier Profile Review and Evaluation,,,,,lexical_required,
2280,2,zh,en,供應商監控與管理,Supplier Monitor and Management,,,,,lexical_required,
2281,2,zh,en,供應商管理作業說明,Description of supplier management,,,,,strict_required,
2282,2,zh,en,供應商管理組,Supplier Management Section,,,,,strict_required,
1473,2,zh,en,供應商管理程序,Supplier management procedure,,,,,strict_required,
2288,2,zh,en,供應商領料作業說明,Description of supplier’s material picking,,,,,strict_required,
1470,2,zh,en,供應商樣品試作打樣作業辦法,Supplier Prototyping Process,,,,,strict_required,
1472,2,zh,en,供應商稽核日程表,Supplier audit schedule,,,,,strict_required,
1465,2,zh,en,供應商器械產品包裝規範,Supplier instrument product packaging standard,,,,,strict_required,
1466,2,zh,en,供應商器械盒外觀判定品質規範,Cosmetic quality standards - Instrument case (for supplier),,,,,strict_required,
2287,2,zh,en,供應商遴選方式,Supplier sourcing,,,,,lexical_required,
2285,2,zh,en,供應商變更,Supplier change,,,,,lexical_required,
1477,2,zh,en,供應商變更申請表,Supplier change application form,,,,,strict_required,
1478,2,zh,en,供應商變更聲明書,Supplier change declaration,,,,,strict_required,
2332,2,zh,en,其他地區,Other Regions,,,,,lexical_required,
2333,2,zh,en,其他要求,Other requirements,,,,,reference_only,
2334,2,zh,en,其它相關權責單位,Other related authorized divisions,,,,,strict_required,
2342,2,zh,en,初期研究階段,Initial concept stage,,,,,lexical_required,
2181,2,zh,en,制定部門,Rel. Div.,,,,,strict_required,
1521,2,zh,en,刻印製程規範,Laser marking process specification,,,,,strict_required,
358,2,zh,en,取樣依據,sampling criteria,,,,,lexical_required,
2369,2,zh,en,取閱管制,Access management,,,,,lexical_required,
2372,2,zh,en,受託研究機構,Contract research institution,,,,,lexical_required,
2371,2,zh,en,受理核准,Review,,,,,lexical_required,
2373,2,zh,en,受試者,Subject,,,,,lexical_required,
2370,2,zh,en,受影響文件,Affected documents,,,,,lexical_required,
1580,2,zh,en,固定式起重機(日)點檢表,Fixed hoist (daily) check record form,,,,,strict_required,
1581,2,zh,en,固定式起重機(月)點檢表,Fixed hoist (month) check record form,,,,,strict_required,
2478,2,zh,en,委外加工或採購件之特採申請,Concession application for outsourced manufacturing or purchased parts,,,,,lexical_required,
1609,2,zh,en,委外收料單,Outsourced material reception form,,,,,strict_required,
2477,2,zh,en,委外作業內容,Outsourcing,,,,,lexical_required,
2479,2,zh,en,委外採購作業說明,Description of vend out purchasing,,,,,strict_required,
1608,2,zh,en,委外塑膠直接模壓成型製程確效作業辦法,Outsourcing plastic Direct Compression Moulding process validation work instruction,,,,,strict_required,
2480,2,zh,en,委外模具驗收,Check and acceptance of vend out molds,,,,,lexical_required,
2481,2,zh,en,委外請、採購,Vend out acquisition and purchasing,,,,,lexical_required,
2489,2,zh,en,官方稽核,Official audit,,,,,lexical_required,
2490,2,zh,en,定期安全性更新報告,"Periodic safety update report, PSUR",,,,,strict_required,
1618,2,zh,en,定期安全性更新報告書,Periodic safety update report,,,,,strict_required,
2492,2,zh,en,定期測試查證與製程再確效,Periodical verification test and process re-validation,,,,,lexical_required,
1619,2,zh,en,定期測試驗證記錄表,Periodic verification testing record form,,,,,strict_required,
2491,2,zh,en,定期審核管理系統文件,The periodicity to review the management system documents,,,,,lexical_required,
2493,2,zh,en,定期盤點,Periodical counting,,,,,lexical_required,
1620,2,zh,en,定期確效計劃表,Periodical validation plan form,,,,,strict_required,
379,2,zh,en,定期確效監控,periodic validation monitoring,,,,,lexical_required,
380,2,zh,en,定期稽核,Periodical audit,,,,,lexical_required,
569,2,zh,en,定義,Definition,,,,,strict_required,
393,2,zh,en,性能驗證,"Performance qualification, PQ",,,,,strict_required,
2573,2,zh,en,性能驗證 PQ,Performance qualification,,,,,strict_required,
1668,2,zh,en,性能驗證(PQ)計畫與報告書,Performance qualification protocol and report,,,,,strict_required,
2583,2,zh,en,抱怨,Complaint,,,,,lexical_required,
1690,2,zh,en,抽屜式UV-固化機設備操作及保養辦法,Drawer UV-curing machine operate and maintain instruction,,,,,strict_required,
398,2,zh,en,抽樣水準,sampling level,,,,,lexical_required,
2584,2,zh,en,抽樣計畫,Sampling plan,,,,,lexical_required,
2585,2,zh,en,抽樣計畫與統計手法,Sampling plan and Statistical methods,,,,,lexical_required,
1691,2,zh,en,抽樣計劃管制辦法,General sampling criteria work instruction,,,,,strict_required,
399,2,zh,en,拋光,polish,,,,,lexical_required,
2609,2,zh,en,放置地點,Location,,,,,lexical_required,
1700,2,zh,en,放電加工機操作及保養辦法,Electrical discharge machine operate and maintain instruction,,,,,strict_required,
1723,2,zh,en,服務能力評估調查表,Service Capability survey form,,,,,strict_required,
1722,2,zh,en,服務商換貨申請單,Distributer exchange products application form,,,,,strict_required,
1789,2,zh,en,沾漿製程規範,Thick liquid dipping process specification,,,,,strict_required,
2703,2,zh,en,法規人員,Regulatory affairs personnel,,,,,lexical_required,
2706,2,zh,en,法規及標準的變更,Changes of regulations and standards,,,,,lexical_required,
2707,2,zh,en,法規及標準要求,Regulations and standards requirements,,,,,lexical_required,
2163,2,zh,en,法規文管部,Regulatory Affairs & Document Control Division,,,,,strict_required,
2709,2,zh,en,法規文管單位,Regulatory Affairs & Document Control Division,,,,,strict_required,
2704,2,zh,en,法規代表,"Person Responsible for Regulatory Compliance, PRRC",,,,,strict_required,
2705,2,zh,en,法規代表的職責,The responsibility of person responsible for regulatory compliance,,,,,lexical_required,
2710,2,zh,en,法規符合性稽核,Regulatory compliance audit,,,,,lexical_required,
2708,2,zh,en,法規單位,Regulatory Affairs Division,,,,,strict_required,
2711,2,zh,en,法規管制組,Regulatory Control Section,,,,,strict_required,
2712,2,zh,en,法規與文管單位,Regulatory Affairs & Document Control Division,,,,,strict_required,
1790,2,zh,en,法規與標準規範更新追蹤表,Regulation and standard update and tracking from,,,,,strict_required,
429,2,zh,en,法規認證,regulatory certification,,,,,lexical_required,
2713,2,zh,en,法規諮詢,Regulatory Consultation,,,,,lexical_required,
1791,2,zh,en,法規驗證與申請程序,Regulatory compliance and application procedure,,,,,strict_required,
1792,2,zh,en,泛用量檢具使用與應用作業辦法,All-purpose measuring and inspection fixture use and appliance work instruction,,,,,strict_required,
1793,2,zh,en,泡殼封合纖維撕裂(Fiber Tear)測試規範,Testing criteria for blister pack fiber tear percentage,,,,,strict_required,
1794,2,zh,en,泡漿製程規範,Thick liquid bathing process process specification,,,,,strict_required,
2714,2,zh,en,波紋輪廓,Waviness profile,,,,,lexical_required,
2715,2,zh,en,注意事項,Precaution,,,,,reference_only,
2185,2,zh,en,版權所有,Copyright Reserved by,,,,,strict_required,
451,2,zh,en,物化性質,physical and chemical properties,,,,,lexical_required,
1840,2,zh,en,物料有效期限管控表,Material period of validity control form,,,,,strict_required,
2751,2,zh,en,物料評審委員會,"Material review board, MRB",,,,,strict_required,
1841,2,zh,en,物料評審委員會(MRB)處理記錄表,Material Review Board meeting minutes,,,,,strict_required,
2752,2,zh,en,物理性性能驗證,"Physical performance qualification, PPQ",,,,,strict_required,
2753,2,zh,en,物管組,Stock Management Section,,,,,strict_required,
2764,2,zh,en,狀態標示,Status labeling,,,,,lexical_required,
2837,2,zh,en,直方圖,Histogram,,,,,lexical_required,
2834,2,zh,en,直接人員,Direct personnel,,,,,lexical_required,
2835,2,zh,en,直接刻印,"Direct Part Mark, DPM",,,,,strict_required,
2836,2,zh,en,直接原料,Direct material,,,,,lexical_required,
1905,2,zh,en,直接調撥單,Direct transfer application form,,,,,strict_required,
2841,2,zh,en,知情同意,Informed consent,,,,,lexical_required,
2842,2,zh,en,知情同意書,Informed consent form,,,,,strict_required,
1922,2,zh,en,矽膠灌模製程規範,Grouting silica gel mold process specification,,,,,strict_required,
480,2,zh,en,空氣中浮游菌,airborne microbe,,,,,lexical_required,
481,2,zh,en,空氣取樣法,air sampling,,,,,lexical_required,
485,2,zh,en,空氣處理系統,air processing system,,,,,lexical_required,
484,2,zh,en,空氣換氣數,air change rate,,,,,lexical_required,
1936,2,zh,en,空氣量規(點檢)記錄表,Air gauge checklist,,,,,strict_required,
482,2,zh,en,空氣微粒清淨度,air particle purity,,,,,lexical_required,
2865,2,zh,en,空氣調節系統,Air Conditioning System,,,,,lexical_required,
483,2,zh,en,空氣懸浮微粒計數,airborne particle count,,,,,lexical_required,
1935,2,zh,en,空壓機自主檢查表,Air compressor self-inspection record form,,,,,strict_required,
1968,2,zh,en,臥式影像機保養記錄表,Projector maintenance record form,,,,,strict_required,
1978,2,zh,en,花崗岩平台保養(點檢)記錄表,Granite platform maintenance checklist,,,,,strict_required,
1990,2,zh,en,表面3D輪廓量測儀維護保養及校正作業辦法,Maintenance and calibration for 3D optical profilometer work instruction,,,,,strict_required,
1991,2,zh,en,表面粗度儀保養(點檢)記錄表,Surface roughness tester maintenance checklist,,,,,strict_required,
1992,2,zh,en,表面粗度儀校正作業辦法,Surface roughness tester calibrate instruction,,,,,strict_required,
1993,2,zh,en,表面粗度儀量測作業辦法,Surface roughness tester measure instruction,,,,,strict_required,
505,2,zh,en,表面處理,surface treatment,,,,,lexical_required,
2954,2,zh,en,表面輪廓,Surface profile,,,,,lexical_required,
1989,2,zh,en,表格、文件一覽表,Tables and documents list,,,,,strict_required,
2953,2,zh,en,表單操作說明,Form Operation Instructions,,,,,lexical_required,
2057,2,zh,en,金相作業測試規範,Testing criteria for metallography test,,,,,strict_required,
529,2,zh,en,金相試樣製備,metallographic sample preparation,,,,,lexical_required,
2058,2,zh,en,金相檢驗記錄表,Metallography inspection record form,,,,,strict_required,
3105,2,zh,en,金屬/非金屬材料,Metallic/Non-metallic material,,,,,lexical_required,
2054,2,zh,en,金屬拋光表面品質標準,Quality specification for metal polishing surface,,,,,lexical_required,
2053,2,zh,en,金屬帶鋸機設備操作及保養辦法,Metallic band sawing machine operate and maintain instruction,,,,,strict_required,
2056,2,zh,en,金屬清洗線工作記錄表,Metal cleaning line operation record form,,,,,strict_required,
2055,2,zh,en,金屬植入物外觀判定品質規範,Cosmetic inspection criteria for metallic implants,,,,,strict_required,
3113,2,zh,en,長條圖,Bar chart,,,,,lexical_required,
2086,2,zh,en,門禁保全管理辦法,Entrance security management instruction,,,,,strict_required,
3136,2,zh,en,非公共區域,Non-public areas,,,,,lexical_required,
3137,2,zh,en,非生產材料,Non-productive materials,,,,,lexical_required,
551,2,zh,en,非破壞性,non-destructive,,,,,lexical_required,
3138,2,zh,en,非蒸氣滅菌產品,Non-steam  sterilized  products,,,,,lexical_required,
1483,2,zh,en,保全卡借用登記表,Security card lending application form,,,,,strict_required,
2289,2,zh,en,保全備份,Security back up,,,,,lexical_required,
2290,2,zh,en,保存防護,Stock protection,,,,,lexical_required,
2291,2,zh,en,保管人,Keeper,,,,,lexical_required,
339,2,zh,en,保護性包裝,Protective packaging,,,,,lexical_required,
1509,2,zh,en,冠亞產品外觀標準品質規範,Cosmetic inspection criteria for A-Spine product,,,,,strict_required,
1533,2,zh,en,厚薄規校正作業辦法,Thickness gauge calibrate instruction,,,,,strict_required,
2402,2,zh,en,品保部,Quality Assurance Division,,,,,strict_required,
1555,2,zh,en,品保部直接人員操作訓練作業辦法,QC direct personnel operation training work instruction,,,,,strict_required,
2401,2,zh,en,品保單位,Quality Assurance Division,,,,,strict_required,
1554,2,zh,en,品保單位直接人員作業流程訓練後綜合評量表,QC direct personnel after operation process training comprehensive evaluation form,,,,,strict_required,
2403,2,zh,en,品牌溝通組,Brand Communication,,,,,strict_required,
2151,2,zh,en,品牌整合溝通部,Brand & Communications Division,,,,,strict_required,
1556,2,zh,en,品號明細表,Part numbers list,,,,,strict_required,
2405,2,zh,en,品質工程一組,Quality Engineering Section1,,,,,strict_required,
2406,2,zh,en,品質工程二組,Quality Engineering Section2,,,,,strict_required,
2407,2,zh,en,品質工程組,Quality Engineering Section,,,,,strict_required,
1557,2,zh,en,品質手冊,Quality manual,,,,,strict_required,
364,2,zh,en,品質水準,quality level,,,,,lexical_required,
2409,2,zh,en,品質目標,Quality objective,,,,,lexical_required,
2410,2,zh,en,品質目標之訂定,Set quality objectives,,,,,lexical_required,
2404,2,zh,en,品質判定,Quality judgment,,,,,lexical_required,
1565,2,zh,en,品質系統內部稽核會議簽到表,Quality system internal audit meeting attendance sheet,,,,,strict_required,
2419,2,zh,en,品質系統文件變更,Quality system documents change,,,,,lexical_required,
1566,2,zh,en,品質系統持續改進作業辦法,Quality system continuously improvement work instruction,,,,,strict_required,
1569,2,zh,en,品質系統風險評估管制辦法,Quality system risk evaluation control instruction,,,,,strict_required,
2422,2,zh,en,品質系統記錄,"Quality System Record, QSR",,,,,strict_required,
1567,2,zh,en,品質系統評估調查表,Quality system evaluate survey form,,,,,strict_required,
1568,2,zh,en,品質系統電腦軟體確效總表,Quality system computer software validation master list,,,,,strict_required,
2421,2,zh,en,品質系統管理組,Quality System Management Section,,,,,strict_required,
2420,2,zh,en,品質系統稽核,Quality system audit,,,,,lexical_required,
365,2,zh,en,品質特性,Quality Characteristic,,,,,lexical_required,
2423,2,zh,en,品質記錄,Quality records,,,,,lexical_required,
2424,2,zh,en,品質記錄之保存年限,Years of retaining quality records,,,,,lexical_required,
1570,2,zh,en,品質記錄管理程序,Quality record management procedure,,,,,strict_required,
1558,2,zh,en,品質異常分析查檢表,Non-conformance analysis checklist,,,,,strict_required,
2408,2,zh,en,品質異常處理小組,Non-conformance disposition team,,,,,strict_required,
1560,2,zh,en,品質異常處理小組會議記錄單,Non-conformance disposition team meeting minutes,,,,,strict_required,
1559,2,zh,en,品質異常處理單(N.C.R),Non-conformance report form,,,,,strict_required,
1561,2,zh,en,品質異常處理管制辦法,Non-conforming part control instruction,,,,,strict_required,
2411,2,zh,en,品質管制組,Quality Control Section,,,,,strict_required,
1562,2,zh,en,品質管理工程表,Quality control plan form,,,,,strict_required,
2415,2,zh,en,品質管理工程表草稿,Draft quality control plan form,,,,,strict_required,
2412,2,zh,en,品質管理代表,Quality management representative,,,,,strict_required,
2413,2,zh,en,品質管理代表的職責,The responsibility and authority of Quality Management Representative,,,,,lexical_required,
2418,2,zh,en,品質管理系統、環境管理系統和職業安全衛生管理系統文件,"Quality  management system documents, environmental management system documents and occupational safety & health management system documents",,,,,lexical_required,
1563,2,zh,en,品質管理系統流程文件風險評估管制表,Procedure of quality management system risk evaluation control form,,,,,strict_required,
1564,2,zh,en,品質管理系統流程風險分析表,Quality management system process risk analysis form,,,,,strict_required,
2416,2,zh,en,品質管理活動,Quality management activities,,,,,lexical_required,
2417,2,zh,en,品質管理活動、環境管理活動和職業安全衛生管理活動,"Quality management activities, environmental management activities and occupational safety & health management activities",,,,,lexical_required,
2414,2,zh,en,品質管理審查會週期,The period of management review,,,,,lexical_required,
2496,2,zh,en,客戶,Customer,,,,,lexical_required,
2497,2,zh,en,客戶下單,Customer order,,,,,strict_required,
2498,2,zh,en,客戶下單／受理審核,Customer ordering / review,,,,,lexical_required,
2499,2,zh,en,客戶供應儀器之校正管理,Calibration management for the customer’s devices,,,,,lexical_required,
2500,2,zh,en,客戶抱怨,Customer complaints,,,,,lexical_required,
2502,2,zh,en,客戶服務或營業單位,Customer Service Division or Sales Department,,,,,strict_required,
2155,2,zh,en,客戶服務部,Customer Service Division,,,,,strict_required,
2501,2,zh,en,客戶服務單位,Customer Service Division,,,,,strict_required,
2503,2,zh,en,客戶服務管理,Customer Service Management,,,,,lexical_required,
1623,2,zh,en,客戶服務管理程序,Customer service management procedure,,,,,strict_required,
1622,2,zh,en,客戶建議受理單,Customers suggestion reception form,,,,,strict_required,
2505,2,zh,en,客戶要求變更,Customer demand change,,,,,lexical_required,
1625,2,zh,en,客戶訂製品作業辦法,Custom-made products work instruction,,,,,strict_required,
1627,2,zh,en,客戶訂製品處理單,Custom-made products processed form,,,,,strict_required,
1626,2,zh,en,客戶訂製品確認單,Custom-made products confirmation form,,,,,strict_required,
1628,2,zh,en,客戶訂製單,Custom-made order form,,,,,strict_required,
2509,2,zh,en,客戶退回產品,Customer returned products,,,,,lexical_required,
2506,2,zh,en,客戶訴怨,Customer complaint,,,,,lexical_required,
2507,2,zh,en,客戶訴怨之受理,Customer complaints reception,,,,,lexical_required,
1629,2,zh,en,客戶訴怨回覆單,Customer complaints reply form,,,,,strict_required,
1630,2,zh,en,客戶訴怨查檢表,Customer complaints checklist,,,,,strict_required,
381,2,zh,en,客戶訴怨記錄,customer complaints records,,,,,lexical_required,
2508,2,zh,en,客戶訴怨處理,Dispose customer complaints,,,,,lexical_required,
1631,2,zh,en,客戶訴怨處理作業程序,Customer complaint management procedure,,,,,strict_required,
1632,2,zh,en,客戶訴怨處理單,Customer complaint disposition form,,,,,strict_required,
2504,2,zh,en,客戶滿意度,Customer satisfaction,,,,,lexical_required,
1624,2,zh,en,客戶滿意度調查結果與分析表,Results and analysis of customer satisfaction survey,,,,,strict_required,
1634,2,zh,en,客戶銷貨單,Customer sales form,,,,,strict_required,
1633,2,zh,en,客戶變更需求處理單,Customer change disposition form,,,,,strict_required,
2494,2,zh,en,客供品,Customer property,,,,,lexical_required,
1621,2,zh,en,客供品管理程序,Customer property management procedure,,,,,strict_required,
2495,2,zh,en,客供檢測儀器,Customer measurement devices,,,,,lexical_required,
2510,2,zh,en,客服單位,Customer Service Division,,,,,strict_required,
2514,2,zh,en,客退品,Returned products,,,,,lexical_required,
1636,2,zh,en,客退品明細及原因記錄單,Customer return products record form,,,,,strict_required,
1637,2,zh,en,客退品管制程序,Product returned control procedure,,,,,strict_required,
2513,2,zh,en,客訴分類,Complaint leveling,,,,,lexical_required,
1635,2,zh,en,客訴異常品管理辦法,Non-conformity product of customer complaint management instruction,,,,,strict_required,
2511,2,zh,en,客源屬性,Customer property,,,,,lexical_required,
2512,2,zh,en,客製組,Custom-made Section,,,,,strict_required,
2568,2,zh,en,建檔管制,Document filing control,,,,,lexical_required,
2569,2,zh,en,建議事項,Suggestion,,,,,lexical_required,
2570,2,zh,en,建議性通告,Advisory notice,,,,,lexical_required,
2571,2,zh,en,後製程技術組,Post-processing Technique Section,,,,,strict_required,
1669,2,zh,en,恆濕恆溫機保養(點檢)記錄表,Humidostat and thermostat equipment maintenance daily checklist,,,,,strict_required,
400,2,zh,en,持續生產產品,continuous production,,,,,lexical_required,
2610,2,zh,en,故障,Malfunction,,,,,lexical_required,
2649,2,zh,en,柏拉圖,Pareto chart,,,,,lexical_required,
416,2,zh,en,查證,verify,,,,,lexical_required,
2650,2,zh,en,查證劑量,Verification dose,,,,,lexical_required,
2716,2,zh,en,洗滌水,Washing water,,,,,lexical_required,
2717,2,zh,en,洗滌水監控管制,Washing water monitoring control,,,,,lexical_required,
1797,2,zh,en,洛氏硬度試驗機日常查核記錄表,Rockwell hardness machine daily check record form,,,,,strict_required,
1796,2,zh,en,洛氏硬度機校正作業辦法,Rockwell hardness tester calibrate instruction,,,,,strict_required,
1795,2,zh,en,洛式硬度測試作業辦法,Rockwell hardness test work instruction,,,,,strict_required,
2718,2,zh,en,活動行銷組,Event Marketing,,,,,strict_required,
430,2,zh,en,活動性,mobility,,,,,lexical_required,
2719,2,zh,en,派工,Dispatching,,,,,lexical_required,
2720,2,zh,en,流程之監控與量測,Monitor and measurement to process,,,,,lexical_required,
431,2,zh,en,流程圖,Flowchart,,,,,strict_required,
2721,2,zh,en,流程監控與量測資料蒐集與整理,Data collection & sorting on monitored and measured process,,,,,lexical_required,
2838,2,zh,en,相同最終清洗特性,the same characteristic of final cleaning process,,,,,lexical_required,
467,2,zh,en,相對標準差,relative standard deviation,,,,,lexical_required,
2839,2,zh,en,相關外來文件,Related External Documents,,,,,reference_only,
1923,2,zh,en,砂(布)輪機操作及保養辦法,Grinder operate machine and maintain instruction,,,,,strict_required,
3167,2,zh,en,砂布機操作及保養辦法,Grinder operate machine and maintain instruction,,,,,strict_required,
1924,2,zh,en,砂輪切割機保養(日點檢)記錄表,Wheel cutting machine maintenance daily checklist,,,,,strict_required,
3166,2,zh,en,砂輪機操作及保養辦法,Grinder operate machine and maintain instruction,,,,,strict_required,
2850,2,zh,en,研究人員,Researcher,,,,,lexical_required,
2845,2,zh,en,研發工程人員,R&D engineers,,,,,lexical_required,
2167,2,zh,en,研發中心,Research & Development Department,,,,,strict_required,
2846,2,zh,en,研發計畫案,R&D plan project,,,,,lexical_required,
2168,2,zh,en,研發設計部,R&D Division,,,,,strict_required,
2847,2,zh,en,研發設計單位,Research & Design Division,,,,,strict_required,
2848,2,zh,en,研發設計單位與器械開發單位,R&D Division and Instrument Development Division,,,,,strict_required,
2849,2,zh,en,研發設計與器械開發單位,R & D and Instrument Development Division,,,,,strict_required,
2844,2,zh,en,研發單位,R&D Division,,,,,strict_required,
470,2,zh,en,研磨,grinding,,,,,lexical_required,
1925,2,zh,en,研磨拋光機操作辦法,Milling & polishing machine operate instruction,,,,,strict_required,
2925,2,zh,en,美國,The United States,,,,,strict_required,
2926,2,zh,en,美國代理人,U.S. agent,,,,,lexical_required,
2927,2,zh,en,美國食品與藥物管理局,Food and Drug Administration,,,,,strict_required,
1977,2,zh,en,致癌物質評估報告,CMR/ED Substances Evaluation Report,,,,,strict_required,
2944,2,zh,en,英文流水碼命名規則,Naming rule for English serial code,,,,,lexical_required,
2943,2,zh,en,英國,UK,,,,,strict_required,
2990,2,zh,en,訂貨單,Purchase order,,,,,strict_required,
2985,2,zh,en,訂單採購,Purchase Order Procurement,,,,,lexical_required,
2987,2,zh,en,訂單通知,Order notice,,,,,lexical_required,
2009,2,zh,en,訂單審查管制程序,Order review and control procedure,,,,,strict_required,
2986,2,zh,en,訂單變更,Revise order,,,,,lexical_required,
2988,2,zh,en,訂製品,Custom-made products,,,,,lexical_required,
2989,2,zh,en,訂製品訂單,Custom order,,,,,strict_required,
509,2,zh,en,計時顯示器,timer,,,,,lexical_required,
3056,2,zh,en,軌跡輪廓,Traced profile,,,,,lexical_required,
3099,2,zh,en,重大變更,Significant changes,,,,,lexical_required,
3100,2,zh,en,重工,Rework,,,,,lexical_required,
2046,2,zh,en,重工作業聯絡單,Rework requirement application form,,,,,strict_required,
3101,2,zh,en,重工率,Rework rate,,,,,lexical_required,
2048,2,zh,en,重工處理作業辦法,Rework work instruction,,,,,strict_required,
2047,2,zh,en,重工換包裝/標籤檢驗查檢表,Rework package/labeling inspection record form,,,,,strict_required,
3098,2,zh,en,重加工處理,Rework process,,,,,lexical_required,
3124,2,zh,en,降低風險,Reduce risk,,,,,lexical_required,
538,2,zh,en,限度樣品,Limited Samples,,,,,lexical_required,
3125,2,zh,en,限度樣品及客供檢測儀器,Limit samples and customer measurement devices,,,,,lexical_required,
2090,2,zh,en,限度樣品制訂管理辦法,Limit samples management instruction,,,,,strict_required,
2091,2,zh,en,限度樣品管理記錄表,Limit samples management record form,,,,,strict_required,
2092,2,zh,en,限度樣品需求單,Limit samples application form,,,,,strict_required,
556,2,zh,en,風速,wind speed,,,,,lexical_required,
557,2,zh,en,風量,air volume,,,,,lexical_required,
555,2,zh,en,風罩,wind cover,,,,,lexical_required,
3147,2,zh,en,風險,Risk,,,,,lexical_required,
558,2,zh,en,風險分析,Risk analysis,,,,,lexical_required,
3148,2,zh,en,風險分析程序,Risk analysis process,,,,,strict_required,
3149,2,zh,en,風險控制,risk control,,,,,lexical_required,
3161,2,zh,en,風險評定,risk assessment,,,,,lexical_required,
3160,2,zh,en,風險評價,risk evaluation,,,,,lexical_required,
3150,2,zh,en,風險盡可能降到最低,Reduce risks as far as possible,,,,,lexical_required,
3151,2,zh,en,風險管理,Risk Management,,,,,lexical_required,
3153,2,zh,en,風險管理小組,Risk management team,,,,,strict_required,
2110,2,zh,en,風險管理小組成員彙整表,Risk management team member compilation table,,,,,strict_required,
3155,2,zh,en,風險管理文檔,Risk management file,,,,,strict_required,
2112,2,zh,en,風險管理文檔管制程序,Risk management file control procedure,,,,,strict_required,
3152,2,zh,en,風險管理代表,Risk management representative,,,,,strict_required,
3154,2,zh,en,風險管理政策,Risk management policy,,,,,lexical_required,
3156,2,zh,en,風險管理相關報告審查人員,Risk management related report reviewers,,,,,lexical_required,
3157,2,zh,en,風險管理計畫,Risk management plan,,,,,lexical_required,
2113,2,zh,en,風險管理計畫書,Risk management plan form,,,,,strict_required,
2109,2,zh,en,風險管理報告書,Risk management report,,,,,strict_required,
3159,2,zh,en,風險管理過程,Risk management process,,,,,lexical_required,
3158,2,zh,en,風險管理輸出,Output of risk management,,,,,lexical_required,
2111,2,zh,en,風險管理應用程序,Risk management procedure,,,,,strict_required,
559,2,zh,en,飛濺,splash,,,,,lexical_required,
560,2,zh,en,食用酒精,rectified spirit,,,,,lexical_required,
3162,2,zh,en,首件檢驗,First-article inspection,,,,,lexical_required,
2115,2,zh,en,首件檢驗記錄表,First article inspection record form,,,,,strict_required,
2182,2,zh,en,首版生效日,Rel. Date,,,,,strict_required,
2292,2,zh,en,修訂已核准之變更,Revise the approved change,,,,,lexical_required,
2184,2,zh,en,修訂版次,Rev. #,,,,,strict_required,
1484,2,zh,en,倉儲作業管制程序,Warehouse management procedure,,,,,strict_required,
2293,2,zh,en,倉儲規劃,Warehouse planning,,,,,lexical_required,
2295,2,zh,en,個人使用檢測儀器,Measuring devices used by individuals,,,,,lexical_required,
1485,2,zh,en,借貨明細表,Lending goods list,,,,,strict_required,
2361,2,zh,en,原因調查與改善對策,Investigate reasons and take corrective actions,,,,,lexical_required,
1535,2,zh,en,原材料檢驗作業辦法,Raw material inspection operate instruction,,,,,strict_required,
2365,2,zh,en,原始輪廓,Primary profile,,,,,lexical_required,
1536,2,zh,en,原物料、工具編碼及命名管理辦法,"Raw materials, tools coding and naming management instruction",,,,,strict_required,
2367,2,zh,en,原物料及刀工具,Raw materials and tools,,,,,lexical_required,
1537,2,zh,en,原物料及工具編碼一覽表,Raw materials and tools codes list,,,,,strict_required,
2368,2,zh,en,原物料編碼,Codes of raw materials,,,,,lexical_required,
2364,2,zh,en,原型組裝及功能確認表,Prototype assembly and functional conformity checklist,,,,,strict_required,
1534,2,zh,en,原型組裝及功能確認檢查表,Prototype assembly and functional conformity checklist,,,,,strict_required,
2363,2,zh,en,原型組裝功能確認表,Prototype assembly and functional conformity checklist,,,,,strict_required,
2362,2,zh,en,原型確認審核會議,Prototype confirmation review meeting,,,,,lexical_required,
2366,2,zh,en,原廠序號,Manufacturer number,,,,,lexical_required,
2475,2,zh,en,套裝軟體,Software package,,,,,lexical_required,
2476,2,zh,en,套裝軟體授權管理,Software package authority management,,,,,lexical_required,
1638,2,zh,en,射模頭機操作及保養辦法,Injection die head machine operate and maintain instruction,,,,,strict_required,
1639,2,zh,en,射線檢測記錄表,X-Ray inspection report,,,,,strict_required,
1640,2,zh,en,射蠟機操作及保養辦法(單缸及雙缸),Wax injection machine operate and maintain instruction,,,,,strict_required,
2560,2,zh,en,庫存回收,Stock recovery,,,,,lexical_required,
1663,2,zh,en,庫存雜項收料單,Miscellaneous of inventory receipt form,,,,,strict_required,
1664,2,zh,en,庫存雜項發料單,Miscellaneous of inventory released form,,,,,strict_required,
1665,2,zh,en,庫存雜項發料單(高雄廠自製固資工模具專用),Inventory miscellaneous material release form (permanent assets mold usage of Kaohsiung factory),,,,,strict_required,
408,2,zh,en,效率,efficiency,,,,,lexical_required,
1713,2,zh,en,料件編號申請及作廢作業辦法,Material coding application and void work instruction,,,,,strict_required,
2642,2,zh,en,書面審查,Written audit,,,,,lexical_required,
2652,2,zh,en,校正日期、有效日期與校正週期,"Calibration date, valid date and calibration period",,,,,lexical_required,
2651,2,zh,en,校正作業管制,Calibration operation control,,,,,lexical_required,
2654,2,zh,en,校正記錄與標識,Calibration records and labels,,,,,lexical_required,
1726,2,zh,en,校正結果記錄表,Calibration record form,,,,,strict_required,
2653,2,zh,en,校正種類,Calibration type,,,,,lexical_required,
1725,2,zh,en,校正履歷記錄表,Calibration history record form,,,,,strict_required,
1727,2,zh,en,校驗及測試供應商評估調查表,Calibration and testing supplier evaluation form,,,,,strict_required,
1728,2,zh,en,核磁共振評估報告,Magnetic resonance (MR) evaluation report,,,,,strict_required,
417,2,zh,en,根因分析,root causes analysis,,,,,lexical_required,
1729,2,zh,en,桌上型條碼驗證機保養(日點檢)記錄表,Desktop 2D barcode reader maintenance daily checklist,,,,,strict_required,
1730,2,zh,en,桌上型條碼驗證機操作及保養辦法,Desktop 2D barcode reader operate and maintain instruction,,,,,strict_required,
1731,2,zh,en,桌上型調碼驗證機校驗作業辦法,Desktop 2D barcode reader calibrate instruction,,,,,strict_required,
2700,2,zh,en,氣洗,Flushing,,,,,lexical_required,
1798,2,zh,en,浮沙及淋沙製程規範,Sand bathing process specification,,,,,strict_required,
1799,2,zh,en,消耗原物料及刀具一覽表,Consumption of raw materials and tools items list,,,,,strict_required,
2760,2,zh,en,特殊物料,Special material,,,,,lexical_required,
2761,2,zh,en,特殊處理作業組,Special Treatment Operation Section,,,,,strict_required,
2762,2,zh,en,特殊處理技術組,Special Processing Technique Section,,,,,strict_required,
2763,2,zh,en,特殊製程,Special Process,,,,,lexical_required,
2754,2,zh,en,特採,Concession,,,,,lexical_required,
1842,2,zh,en,特採申請單,Concession application form,,,,,strict_required,
2759,2,zh,en,特採申請提出,Propose the concession application,,,,,lexical_required,
2756,2,zh,en,特採品之管制使用,Control the use of Concession Products,,,,,lexical_required,
2755,2,zh,en,特採品之標識與鑑別,Labeling and identification of concession products,,,,,lexical_required,
2758,2,zh,en,特採單核決,Approval of the concession form,,,,,lexical_required,
2757,2,zh,en,特採單會簽,Signing of the concession form,,,,,lexical_required,
1843,2,zh,en,特採管理作業程序,Concession product control procedure,,,,,strict_required,
452,2,zh,en,班長,Foreman,,,,,lexical_required,
1918,2,zh,en,真空電漿噴塗生產記錄表,Vacuum plasma spraying manufacture record form,,,,,strict_required,
1919,2,zh,en,真空電漿噴塗系統操作及保養辦法,Vacuum plasma spraying system operate and maintain instruction,,,,,strict_required,
1920,2,zh,en,真空電漿噴塗鈦粉材料規範,Ti powder of vacuum plasma spray coating material specification,,,,,strict_required,
1909,2,zh,en,真空熱處理爐設備開機點檢記錄表,Vacuum heat treatment furance startup checklist,,,,,strict_required,
1910,2,zh,en,真空熱處理爐設備關機點檢記錄表,Vacuum heat treatment furance shut-off checklist,,,,,strict_required,
1908,2,zh,en,真空熱處理爐操作及保養辦法,Vacuum heat treatment furnace operate and maintain instruction,,,,,strict_required,
1911,2,zh,en,真空燒結爐設備作業前點檢記錄表,Vacuum furnace Pre-Operation Inspection checklist,,,,,strict_required,
1912,2,zh,en,真空燒結爐設備操作及保養辦法,Vacuum sintering furnace operate and maintain instruction,,,,,strict_required,
1913,2,zh,en,真空燒結爐設備關機點檢記錄表,Vacuum furnace shut off checklist,,,,,strict_required,
1917,2,zh,en,真空爐生產記錄表,Vacuum heat treatment furnace manufacture record form,,,,,strict_required,
1915,2,zh,en,真空爐均溫量測及調整作業辦法,Vacuum furnace temperature uniformity test and adjust instruction,,,,,strict_required,
1914,2,zh,en,真空爐均溫管制記錄表,Vacuum furnace temperature control record form,,,,,strict_required,
1916,2,zh,en,真空爐換油記錄表,Vacuum furnace oil changed record form,,,,,strict_required,
2840,2,zh,en,真空爐等級,Furnace Classes,,,,,lexical_required,
1906,2,zh,en,真圓度校正、清潔保養及操作作業辦法,"Roundness calibration, cleaning, maintain, and operate instruction",,,,,strict_required,
1907,2,zh,en,真圓度測定機保養(日點檢)記錄表,Roundness tester maintenance daily checklist,,,,,strict_required,
468,2,zh,en,真實溫度,actual temperature,,,,,lexical_required,
471,2,zh,en,破壞分析,failure analysis,,,,,lexical_required,
472,2,zh,en,破壞性,destructive,,,,,lexical_required,
473,2,zh,en,破壞性檢驗,destructive inspection,,,,,lexical_required,
2897,2,zh,en,純水內毒素測試,Endotoxin test of pure water,,,,,lexical_required,
1951,2,zh,en,純水系統設備操作及保養辦法,Pure water system operate and maintain instruction,,,,,strict_required,
1953,2,zh,en,純水系統設備點檢記錄表(高雄二期廠),Pure water equipment checklist (Phase two of Kaohsiung),,,,,strict_required,
1952,2,zh,en,純水系統設備點檢記錄表(高雄三期廠),Pure water equipment checklist (Phase III of Kaohsiung),,,,,strict_required,
1954,2,zh,en,純水設備保養辦法,RO water equipment maintain instruction,,,,,strict_required,
1955,2,zh,en,純水設備點檢記錄表,Pure water equipment maintenance checklist,,,,,strict_required,
1956,2,zh,en,純水設備點檢記錄表(高雄廠),Pure water equipment checklist (Kaohsiung),,,,,strict_required,
2991,2,zh,en,訓練,Training,,,,,lexical_required,
2994,2,zh,en,訓練方式,Training method,,,,,lexical_required,
2993,2,zh,en,訓練成效評估作業,Training effectiveness evaluation,,,,,lexical_required,
2995,2,zh,en,訓練記錄保存,Retain training records,,,,,lexical_required,
2992,2,zh,en,訓練執行作業,Training participation,,,,,lexical_required,
2996,2,zh,en,訓練類型,Training type,,,,,lexical_required,
2997,2,zh,en,記錄,Records,,,,,lexical_required,
2998,2,zh,en,記錄保存,Retain records,,,,,lexical_required,
2999,2,zh,en,記錄與追蹤,Recording and tracking,,,,,lexical_required,
510,2,zh,en,記錄器修正值,recorder corrected value,,,,,lexical_required,
511,2,zh,en,記錄器校驗報告,controller calibration report,,,,,strict_required,
3047,2,zh,en,財務組,Finance Section,,,,,strict_required,
2173,2,zh,en,財會部,Financial Accounting Division,,,,,strict_required,
3055,2,zh,en,起始會議,Opening meeting,,,,,lexical_required,
3061,2,zh,en,追溯,Traceability,,,,,lexical_required,
3107,2,zh,en,針對本公司訂製品,Custom-made products of the company,,,,,reference_only,
3106,2,zh,en,針對本公司常態規格品,Regular products of United Orthopedic,,,,,reference_only,
2087,2,zh,en,閃燒脫蠟爐操作及保養辦法,Flash burning dewax furnace operate and maintain instruction,,,,,strict_required,
2116,2,zh,en,骨科植入物HA電漿噴塗外觀檢驗品質規範,Cosmetic inspection of HA plasma spray coated on orthopedic implants,,,,,strict_required,
2117,2,zh,en,骨科植入物Ti電漿噴塗外觀檢驗品質規範,Cosmetic inspection of TPS coated orthopedic implants,,,,,strict_required,
2118,2,zh,en,骨科植入物品質規範,Quality requirements for orthopedic implant products,,,,,strict_required,
562,2,zh,en,高分子聚乙烯,High molecular polyethylene,,,,,lexical_required,
2121,2,zh,en,高週波熔解爐操作及保養辦法,High frequency melting furnace operate and maintain instruction,,,,,strict_required,
2125,2,zh,en,高雄二期廠純水系統設備操作及保養辦法,Pure water system of phase two of Kaohsiung plant operate and maintain instruction,,,,,strict_required,
2124,2,zh,en,高雄三期廠金屬件自動化超音波清洗設備操作及保養辦法,Kaohsiung phase lll automatic metal ultrasound cleaning equipment operate and maintain instruction,,,,,strict_required,
2123,2,zh,en,高雄三期廠純水系統設備操作及保養辦法,Pure water system of phase three of Kaohsiung plant operate and maintain instruction,,,,,strict_required,
2188,2,zh,en,高雄三期廠塑膠件自動化超音波清洗設備操作及保養辦法,Kaohsiung phase lll automatic plastic ultrasound cleaning equipment operate and maintain instruction,,,,,strict_required,
2176,2,zh,en,高雄生產部,KS Production Division,,,,,strict_required,
2177,2,zh,en,高雄生管部,KS Production Control Division,,,,,strict_required,
2175,2,zh,en,高雄品保部,KS Quality Assurance Division,,,,,strict_required,
2178,2,zh,en,高雄製程開發一部,KS Process Development Division I,,,,,strict_required,
2179,2,zh,en,高雄製程開發二部,KS Process Development Division II,,,,,strict_required,
2180,2,zh,en,高雄製程開發部,KS Process Development Division,,,,,strict_required,
2190,2,zh,en,高雄廠,Kaohsiung plant,,,,,strict_required,
2126,2,zh,en,高雄廠ACM-230A切割機操作及保養辦法,Kaohsiung ACM-230A Cutting Machine operate and maintain instruction,,,,,strict_required,
2127,2,zh,en,高雄廠CNC CMM維護保養作業辦法,Kaohsiung CNC CMM maintain instruction,,,,,strict_required,
2128,2,zh,en,高雄廠HA清洗線工作記錄表,Kaohsiung HA cleaning process operation record form,,,,,strict_required,
2129,2,zh,en,高雄廠HA清除製程線工作記錄表,Kaohsiung HA cleanup process operation record form,,,,,strict_required,
2130,2,zh,en,高雄廠Keyence MD-V9920W雷射刻印機操作及保養辦法,Keyence MD-V9920W laser marking machine of Kaohsiung plant operate and maintain instruction,,,,,strict_required,
2131,2,zh,en,高雄廠L型封口包裝機操作及保養辦法,L-block type sealing machine of Kaohsiung plant operate and maintain instruction,,,,,strict_required,
2132,2,zh,en,高雄廠ST-101砂帶機操作及保養辦法,ST-101 grinder machine of Kaohsiung plant operate and maintain instruction,,,,,strict_required,
2133,2,zh,en,高雄廠STARRETT HF600 投影機操作及保養辦法,Kaohsiung STARRETT HF600 projector operate and maintain instruction,,,,,strict_required,
2134,2,zh,en,高雄廠三期潔淨室(清洗區)操作及保養辦法,Kaohsiung phase lll cleanroom(cleaning area) facilities equipment operate and maintain instruction,,,,,strict_required,
2135,2,zh,en,高雄廠三期潔淨室操作及保養辦法,Kaohsiung phase lll cleanroom facilities equipment operate and maintain instruction,,,,,strict_required,
2192,2,zh,en,高雄廠生產部,KS Production Division,,,,,strict_required,
2148,2,zh,en,高雄廠金屬自動清洗線工作記錄表,Automatic Metal cleaning line operation record form (Kaohsiung),,,,,strict_required,
2149,2,zh,en,高雄廠金屬自動清洗線生產記錄表,Metal Automatic Cleaning Line Production Record Form for Kaohsiung Factory,,,,,strict_required,
2147,2,zh,en,高雄廠金屬清洗線工作記錄表,Metal cleaning line operation record form (Kaohsiung),,,,,strict_required,
2145,2,zh,en,高雄廠砂(布)輪機操作及保養辦法,Grinder machine of Kaohsiung plant operate and maintain instruction,,,,,strict_required,
2144,2,zh,en,高雄廠真空包裝機操作及保養辦法,Vacuum packaging machine of Kaohsiung plant operate and maintain instruction,,,,,strict_required,
2139,2,zh,en,高雄廠旋風式噴砂機操作及保養辦法,Tornado sandblasting machine of Kaohsiung plant operate and maintain instruction,,,,,strict_required,
2142,2,zh,en,高雄廠植入物紙盒包裝生產作業辦法,Kaohsiung factory implant carton packaging production work instruction,,,,,strict_required,
2140,2,zh,en,高雄廠植入物清洗設備操作及保養辦法,Implant cleaning equipment of Kaohsiung plant operate and maintain instruction,,,,,strict_required,
2141,2,zh,en,高雄廠植入物潔淨室包裝生產作業辦法,Kaohsiung factory implant cleanroom package work instruction,,,,,strict_required,
2136,2,zh,en,高雄廠圓盤式泡殼包裝機操作及保養辦法,Tyvek sealing packaging machine of Kaohsiung plant operate and maintain instruction,,,,,strict_required,
2137,2,zh,en,高雄廠塑膠自動清洗線工作記錄表,Automatic plastic cleaning line operation record form (Kaohsiung),,,,,strict_required,
2138,2,zh,en,高雄廠塑膠自動清洗線生產記錄表,Plastic Automatic Cleaning Line Production Record Form for Kaohsuing Factory,,,,,strict_required,
2146,2,zh,en,高雄廠遠紅外線收縮包裝機操作及保養辦法,Far-infrared shrink packaging machine of Kaohsiung plant operate and maintain instruction,,,,,strict_required,
2143,2,zh,en,高雄廠潔淨室設施操作及保養辦法,Kaohsiung cleanroom facilities equipment operate and maintain instruction,,,,,strict_required,
2119,2,zh,en,高壓氣體特定設備操作及保養辦法,High pressure gas specific equipment operate and maintain instruction,,,,,strict_required,
2120,2,zh,en,高壓氣體特定設備灌裝作業檢查表,High pressure gas specific equipment filling operation checklist,,,,,strict_required,
1440,2,zh,en,乾燥箱校正作業辦法,Cabinet drier calibrate instruction,,,,,strict_required,
1486,2,zh,en,偏心檢查儀校正作業辦法,Eccentric scale calibrate instruction,,,,,strict_required,
1487,2,zh,en,偏心檢查儀校正棒校正作業辦法,Testing rod of eccentric scale calibrate instruction,,,,,strict_required,
340,2,zh,en,停止使用,decommissioning,,,,,lexical_required,
2296,2,zh,en,健康風險,Risk to health,,,,,lexical_required,
348,2,zh,en,副總經理,Vice president,,,,,lexical_required,
2356,2,zh,en,區分,Differentiate,,,,,lexical_required,
2357,2,zh,en,區域安全矯正措施,"Field safety corrective action, FSCA",,,,,strict_required,
2358,2,zh,en,區域安全矯正措施之通報,Field Safety Corrective Action Report,,,,,lexical_required,
570,2,zh,en,參考文件,Referenced documents,,,,,strict_required,
356,2,zh,en,參數範圍,parameter ranges,,,,,lexical_required,
357,2,zh,en,參數驗證,parameter validation,,,,,lexical_required,
2426,2,zh,en,問卷收集,Collect questionnaires,,,,,lexical_required,
2425,2,zh,en,問卷寄發,Distribute questionnaires,,,,,lexical_required,
2428,2,zh,en,問卷設計、製作,Design and make questionnaire,,,,,lexical_required,
2427,2,zh,en,問卷結果檢討,Review questionnaire results,,,,,lexical_required,
2441,2,zh,en,國內/國際營業單位、市場行銷單位,"Domestic / International Sales Division, Marketing Division",,,,,strict_required,
2442,2,zh,en,國內客戶服務組,Domestic Customer Service Section,,,,,strict_required,
2153,2,zh,en,國內業務部,Domestic Sales Division,,,,,strict_required,
2443,2,zh,en,國內營業單位/國際營業單位,Domestic /International Sales Division,,,,,strict_required,
2444,2,zh,en,國外上市許可持有商通報,"Report for foreign marketing authorization holder, MAH",,,,,strict_required,
2445,2,zh,en,國際客戶,International customers,,,,,lexical_required,
2446,2,zh,en,國際客戶服務組,International Customer Service Section,,,,,strict_required,
1582,2,zh,en,國際訂單作業流程作業辦法,Order operation process and management work instruction,,,,,strict_required,
2154,2,zh,en,國際營業部,International Sales Division,,,,,strict_required,
2453,2,zh,en,執行,Implement,,,,,lexical_required,
2454,2,zh,en,執行/管控,Implement/Control,,,,,lexical_required,
373,2,zh,en,培養基,culture medium,,,,,lexical_required,
374,2,zh,en,培養基條,contact plate,,,,,lexical_required,
2455,2,zh,en,基本UDI-DI(Basic UDI-DI),Basic UDI-DI,,,,,strict_required,
1586,2,zh,en,基本資料評估調查表,Basic information evaluate survey form,,,,,strict_required,
1641,2,zh,en,專案作業管制程序,Product realization procedure,,,,,strict_required,
2532,2,zh,en,專案計畫負責人,Project Leader,,,,,lexical_required,
2529,2,zh,en,專案計畫審查,Project review,,,,,lexical_required,
2530,2,zh,en,專案計畫編碼,Project code,,,,,lexical_required,
2531,2,zh,en,專案計畫編碼原則：例,Principle of project coding: e.g.,,,,,reference_only,
2533,2,zh,en,專案計畫類別與編碼管制,Management of project types and codes,,,,,lexical_required,
1643,2,zh,en,專案計劃書,Project plan form,,,,,strict_required,
1642,2,zh,en,專案結案報告書,Project closing report,,,,,strict_required,
2534,2,zh,en,專案進度管制,Project schedule control,,,,,lexical_required,
383,2,zh,en,專案經理,Project manager,,,,,lexical_required,
2528,2,zh,en,專案管理組,Project Management Section,,,,,strict_required,
2535,2,zh,en,專業職能導入訓練,Professional functions training,,,,,lexical_required,
1644,2,zh,en,專業職能導入訓練暨審定記錄表,Professional functions training and approval record form,,,,,strict_required,
2536,2,zh,en,專業職能導入訓練辦理,Professional training,,,,,lexical_required,
1692,2,zh,en,授權人員記錄表,Authorized Person Record Form,,,,,strict_required,
2586,2,zh,en,授權代表,Authorized Representative,,,,,strict_required,
401,2,zh,en,排水孔不可堵塞,drain unclog,,,,,reference_only,
2587,2,zh,en,排除,Removal,,,,,lexical_required,
2593,2,zh,en,採購／驗收,Purchasing / Acceptance,,,,,lexical_required,
2588,2,zh,en,採購之產品,Purchased product,,,,,lexical_required,
2589,2,zh,en,採購作業,Procurement,,,,,lexical_required,
1693,2,zh,en,採購倉庫退貨單,Procurement parts return application form,,,,,strict_required,
2592,2,zh,en,採購組,Purchasing Section,,,,,strict_required,
2158,2,zh,en,採購部,Purchasing Division,,,,,strict_required,
1694,2,zh,en,採購單,Purchase order,,,,,strict_required,
2590,2,zh,en,採購單之內容變更,Change of requisition content,,,,,lexical_required,
2591,2,zh,en,採購單位,Purchasing Division,,,,,strict_required,
1695,2,zh,en,採購管理程序,Purchasing management procedure,,,,,strict_required,
2594,2,zh,en,控制熱電偶,Control Thermocouple,,,,,lexical_required,
2596,2,zh,en,推移圖,Run chart,,,,,lexical_required,
2595,2,zh,en,推廣組,Product Promotion & Education Team,,,,,strict_required,
2611,2,zh,en,教材製作,Training Material Development,,,,,lexical_required,
2612,2,zh,en,教育訓練,Education and training,,,,,lexical_required,
2613,2,zh,en,教育訓練需求調查作業,Educational training request survey,,,,,lexical_required,
1701,2,zh,en,教育訓練需求調查表,Training request survey form,,,,,strict_required,
1718,2,zh,en,旋風式噴砂機設備操作辦法,Tornado sandblasting machine operate instruction,,,,,strict_required,
1732,2,zh,en,條碼列印系統設備保養記錄表,Label print system equipment maintenance record form,,,,,strict_required,
1783,2,zh,en,氫氧基磷灰石(HA)噴塗層清除製程規範,Cleanup process specification of hydroxyapatite coating,,,,,strict_required,
1784,2,zh,en,氫氧基磷灰石(HA)鍍層清洗製程規範,Cleaning process specification of hydroxyapatite (HA) coating,,,,,strict_required,
1785,2,zh,en,氫氧基磷灰石粉材料規範,Hydroxyapatite powder material specification,,,,,strict_required,
1800,2,zh,en,液滲前清洗線工作記錄表,Cleaning line operation record for before liquid infiltration inspection form,,,,,strict_required,
1803,2,zh,en,液滲檢測工作記錄表,Liquid infiltration inspection operation record form,,,,,strict_required,
1801,2,zh,en,液滲檢測前清洗製程規範,Clean process specification for pre-penetrant testing,,,,,strict_required,
1802,2,zh,en,液滲檢測品質規範,Penetrant inspection criteria,,,,,strict_required,
1804,2,zh,en,液滲檢測記錄表,Liquid infiltration inspection record form,,,,,strict_required,
1805,2,zh,en,清洗及蒸氣滅菌評估表,Cleaning and steam sterilization assessment form,,,,,strict_required,
2722,2,zh,en,清洗作業,Cleaning operation,,,,,lexical_required,
2723,2,zh,en,清洗區/潔淨室/管制區人員之管制,Control of the cleaning zone / cleanroom / personnel in control zone,,,,,lexical_required,
1806,2,zh,en,清洗滅菌後產品殘留有機化合物測試規範,Testing criteria for residual organic compounds of cleaned and sterilized product,,,,,strict_required,
1807,2,zh,en,清洗滅菌後產品殘留毒素測試規範,Testing criteria for residual toxin of cleaned and sterilized product,,,,,strict_required,
1808,2,zh,en,清洗製程確效作業辦法,Cleaning process validation work instruction,,,,,strict_required,
432,2,zh,en,清洗線,cleaning line,,,,,lexical_required,
1809,2,zh,en,清洗難易度評估報告,Cleaning challenge assessment report,,,,,strict_required,
1810,2,zh,en,清潔作業評估表,Cleanliness operation evaluation form,,,,,strict_required,
2765,2,zh,en,現場稽核,Field audit,,,,,lexical_required,
2792,2,zh,en,產品,Product,,,,,lexical_required,
2793,2,zh,en,產品上市前,Pre-market stage,,,,,lexical_required,
2794,2,zh,en,產品上市後,post-market stage,,,,,lexical_required,
2795,2,zh,en,產品上市許可申請,Product On-market License Application,,,,,lexical_required,
2796,2,zh,en,產品上市許可申請前法規活動,Pre-submission regulatory activities,,,,,lexical_required,
2804,2,zh,en,產品工程圖,PE (Product Engineering),,,,,strict_required,
2797,2,zh,en,產品之監控與量測,Monitor and measurement to product,,,,,lexical_required,
1858,2,zh,en,產品內毒素限值表,Product endotoxin limit table,,,,,strict_required,
2799,2,zh,en,產品分類,Classification of devices,,,,,lexical_required,
1868,2,zh,en,產品及用戶手冊作業辦法,Product and user manual work instruction,,,,,strict_required,
461,2,zh,en,產品手冊,Brochure,,,,,strict_required,
1853,2,zh,en,產品主要品質特性說明書,Product major quality characteristic report,,,,,strict_required,
1859,2,zh,en,產品出貨檢驗(OQC)查檢表,Products outgoing quality control (OQC) checklist,,,,,strict_required,
2800,2,zh,en,產品包裝,Product packaging,,,,,lexical_required,
2801,2,zh,en,產品包裝作業管制,Product Packaging Control Procedure,,,,,strict_required,
1860,2,zh,en,產品包裝作業管制程序,Product packaging control procedure,,,,,strict_required,
1861,2,zh,en,產品包裝作業辦法,Product packaging work instruction,,,,,strict_required,
1863,2,zh,en,產品包裝材外觀檢驗品質規範,Cosmetic inspection criteria for packaging material,,,,,strict_required,
1862,2,zh,en,產品包裝明細表,Packaging bill of material list,,,,,strict_required,
1867,2,zh,en,產品包裝設計驗證作業辦法,Product packaging design validation work instruction,,,,,strict_required,
1866,2,zh,en,產品包裝製程規範,Product packaging process specification,,,,,strict_required,
1864,2,zh,en,產品包裝檢查作業辦法,Product packaging inspection work instruction,,,,,strict_required,
1865,2,zh,en,產品包裝檢驗品質規範,Quality requirement for product packaging,,,,,strict_required,
1869,2,zh,en,產品召回作業程序,Product recall control procedure,,,,,strict_required,
1872,2,zh,en,產品召回計畫書,Products recall plan form,,,,,strict_required,
2802,2,zh,en,產品召回時機,Time to recall the products,,,,,lexical_required,
1874,2,zh,en,產品召回通知書,Product recall notice form,,,,,strict_required,
1873,2,zh,en,產品召回通報單,Product recall reporting form,,,,,strict_required,
1870,2,zh,en,產品召回結果報告書,Products recalled report,,,,,strict_required,
1871,2,zh,en,產品召回與區域改正計畫,Device recall and field corrections plan,,,,,lexical_required,
2808,2,zh,en,產品生命週期,Product lifecycle,,,,,lexical_required,
2798,2,zh,en,產品企劃,Product Planning,,,,,lexical_required,
1854,2,zh,en,產品企劃會議記錄,Product Proposal Review Meeting Minutes,,,,,strict_required,
2816,2,zh,en,產品行銷組,Product Marketing,,,,,strict_required,
459,2,zh,en,產品形狀,product shape,,,,,lexical_required,
1876,2,zh,en,產品批號追溯管制程序,Product traceability control procedure,,,,,strict_required,
463,2,zh,en,產品材質,product material,,,,,lexical_required,
1888,2,zh,en,產品系統明細表,Items of product systems list,,,,,strict_required,
460,2,zh,en,產品性能,product performance,,,,,lexical_required,
464,2,zh,en,產品查證,product verification,,,,,lexical_required,
1881,2,zh,en,產品活動評估表,Product activity evaluation form,,,,,strict_required,
1882,2,zh,en,產品活動需求申請單,Product activity resource application,,,,,strict_required,
2810,2,zh,en,產品研究,Product Research,,,,,lexical_required,
1886,2,zh,en,產品研究／行銷技術報告,Product Research / Marketing Technical Report,,,,,strict_required,
2811,2,zh,en,產品研究／行銷技術報告(以下稱技術報告),Product Research / Marketing Technical Report (hereinafter referred to as Technical Report),,,,,strict_required,
1887,2,zh,en,產品研究／行銷技術報告作業辦法,Product Research / Marketing Technical Report work instruction,,,,,strict_required,
1885,2,zh,en,產品研發工程圖管理辦法,Product engineering drawings management instruction,,,,,strict_required,
1891,2,zh,en,產品訂價表,Products pricing form,,,,,strict_required,
465,2,zh,en,產品特性,product characteristics,,,,,lexical_required,
1856,2,zh,en,產品停產計畫書,Product phase out plan form,,,,,strict_required,
1855,2,zh,en,產品停產管制程序,Product phase-out control procedure,,,,,strict_required,
2803,2,zh,en,產品專案作業,Product project operation,,,,,lexical_required,
462,2,zh,en,產品族群,Product family,,,,,lexical_required,
1889,2,zh,en,產品終止召回報告書,Product terminate recall report,,,,,strict_required,
1892,2,zh,en,產品設計輸入/產出檢查表,Design input / output checklist,,,,,strict_required,
2817,2,zh,en,產品設計變更,Product design change,,,,,lexical_required,
1894,2,zh,en,產品通報單,Product adversity reporting form,,,,,strict_required,
1895,2,zh,en,產品通報管制程序,Product adversity report control procedure,,,,,strict_required,
1875,2,zh,en,產品單一識別二維條碼檢測品質規範,Quality requirement for UDI inspection,,,,,strict_required,
1877,2,zh,en,產品最終檢驗(FQC)查檢表,Products final quality control(FQC) checklist,,,,,strict_required,
1880,2,zh,en,產品殘留物測試規範,Testing criteria for product residue,,,,,strict_required,
1884,2,zh,en,產品測試計劃書,Products testing plan form,,,,,strict_required,
1883,2,zh,en,產品測試檢查表,Product test checklist,,,,,strict_required,
1896,2,zh,en,產品開發良率表,Products development yield rate form,,,,,strict_required,
2822,2,zh,en,產品開發案,Product development project,,,,,lexical_required,
2806,2,zh,en,產品滅菌前之生物負荷量,Bio-burden,,,,,lexical_required,
2818,2,zh,en,產品試作圖,PT (Prototype),,,,,strict_required,
2821,2,zh,en,產品資訊,UDI_DI,,,,,strict_required,
458,2,zh,en,產品實現過程,product realization process,,,,,lexical_required,
2809,2,zh,en,產品監控與量測資料蒐集與整理,Data collection & sorting on monitored and measured products,,,,,lexical_required,
2814,2,zh,en,產品管理組,Product Management Section,,,,,strict_required,
2166,2,zh,en,產品管理部,Product Management Division,,,,,strict_required,
2813,2,zh,en,產品管理單位,Product Management Division,,,,,strict_required,
2819,2,zh,en,產品認證組,Medical Device Certification Section,,,,,strict_required,
1878,2,zh,en,產品標籤明細表,Product labels list,,,,,strict_required,
2807,2,zh,en,產品潔淨度管制,Product cleanness control,,,,,lexical_required,
2812,2,zh,en,產品確效組,Products Validation Section,,,,,strict_required,
2815,2,zh,en,產品編碼,Coding of product,,,,,lexical_required,
1890,2,zh,en,產品編碼及命名作業辦法,Product coding and naming work instruction,,,,,strict_required,
1857,2,zh,en,產品儲運防護管制辦法,"Product storage, transportation and protection control instruction",,,,,strict_required,
2805,2,zh,en,產品檢驗,Product inspection,,,,,lexical_required,
1879,2,zh,en,產品檢驗量測方式與位置要求作業辦法,Product inspection measurement and location requirements work instruction,,,,,strict_required,
1893,2,zh,en,產品識別管制程序,Product identification control procedure,,,,,strict_required,
2820,2,zh,en,產品變更/新增規格申請,Applications for Product Design Change/ Product Line Extension,,,,,lexical_required,
2824,2,zh,en,異動管理,Transfer management,,,,,lexical_required,
466,2,zh,en,異常使用,abnormal use,,,,,lexical_required,
2825,2,zh,en,異常案件分析,Nonconformity,,,,,lexical_required,
2826,2,zh,en,異常管理,Nonconformance management,,,,,lexical_required,
2827,2,zh,en,異質系統介接整合,Integration of Heterogeneous Systems,,,,,lexical_required,
2828,2,zh,en,異質系統整合原則,Cross-System Integration Principles,,,,,lexical_required,
2866,2,zh,en,符合,Compliance,,,,,lexical_required,
2867,2,zh,en,符合 - 100%,Compliance - 100%,,,,,reference_only,
2868,2,zh,en,符合性評估,Conformity assessment,,,,,lexical_required,
2869,2,zh,en,第一類標準規格品,Type-I products of standard specification,,,,,lexical_required,
2873,2,zh,en,第二階管理系統、環境管理系統和職業安全衛生管理系統文件,"Second-order quality management system documents, environmental management system documents and occupational safety & health management system documents",,,,,lexical_required,
1938,2,zh,en,第二類生產材料品質規範,Quality requirement for category II incoming material,,,,,strict_required,
2874,2,zh,en,第二類生產性物料,Type-II productive materials,,,,,lexical_required,
2870,2,zh,en,第三方獨立機構稽核,Notified body audit,,,,,lexical_required,
2871,2,zh,en,第三階管理系統文件,Third-order quality system documents,,,,,lexical_required,
2872,2,zh,en,第三類委外加工零件類,Type-III outsourced manufacturing parts,,,,,lexical_required,
2875,2,zh,en,第五類模具類,Type-V molds,,,,,lexical_required,
2876,2,zh,en,第四階管理系統文件,Fourth-order quality system documents,,,,,lexical_required,
2890,2,zh,en,粗度輪廓,Roughness profile,,,,,lexical_required,
491,2,zh,en,組長,Team leader,,,,,lexical_required,
490,2,zh,en,組裝性,assembly,,,,,lexical_required,
1957,2,zh,en,組樹外觀檢驗品質規範,Cosmetic quality requirement for wax tree assembly,,,,,strict_required,
1958,2,zh,en,組樹製程規範,Wax tree process specification,,,,,strict_required,
2898,2,zh,en,組織代碼對照表,Cross reference table of organization code,,,,,strict_required,
2899,2,zh,en,組織功能,Organizational function,,,,,lexical_required,
2900,2,zh,en,組織圖,Organizational structure,,,,,lexical_required,
2904,2,zh,en,統計上顯著增加,Statistically significant increase,,,,,lexical_required,
2905,2,zh,en,統計及分析,Statistics and analysis,,,,,lexical_required,
2906,2,zh,en,統計技術,Statistical techniques,,,,,lexical_required,
2907,2,zh,en,統計表,Statistic table,,,,,strict_required,
504,2,zh,en,處長,Director,,,,,lexical_required,
2947,2,zh,en,處理,Processing,,,,,lexical_required,
503,2,zh,en,處置,Dispose,,,,,lexical_required,
2010,2,zh,en,訪客進出登記表,Guest access registration form,,,,,strict_required,
3003,2,zh,en,設施/設備變更,Facility/ equipment change,,,,,lexical_required,
2012,2,zh,en,設施/設備變更申請單,Facility/ equipment change application form,,,,,strict_required,
2013,2,zh,en,設施確效作業辦法,Facilities validation work instruction,,,,,strict_required,
515,2,zh,en,設計工程,Design Process,,,,,lexical_required,
3007,2,zh,en,設計工程與審核,Design and Review,,,,,lexical_required,
3004,2,zh,en,設計不當或設計不足,Improper or inadequate design,,,,,lexical_required,
3005,2,zh,en,設計品保組,Design Quality Assurance Section,,,,,strict_required,
3008,2,zh,en,設計查證,Design Verification,,,,,lexical_required,
3009,2,zh,en,設計查證與確效,Design Verification and Validation,,,,,lexical_required,
2014,2,zh,en,設計原理報告書,Design rationale report,,,,,strict_required,
516,2,zh,en,設計移轉,design transfer,,,,,lexical_required,
2016,2,zh,en,設計移轉通知單,Design transfer notice form,,,,,strict_required,
3011,2,zh,en,設計移轉與審核,Design Transfer and Review,,,,,lexical_required,
3012,2,zh,en,設計組,Design Section,,,,,strict_required,
3006,2,zh,en,設計單位,Design Division,,,,,strict_required,
3019,2,zh,en,設計開發階段,Design & development stage,,,,,lexical_required,
2017,2,zh,en,設計管制程序,Design control procedure,,,,,strict_required,
3013,2,zh,en,設計與開發規劃,Design and Development Planning,,,,,lexical_required,
514,2,zh,en,設計審查,design review,,,,,lexical_required,
2015,2,zh,en,設計審核記錄表,Design review record form,,,,,strict_required,
3010,2,zh,en,設計確效,Design Validation,,,,,lexical_required,
3015,2,zh,en,設計輸入,Design Input,,,,,lexical_required,
3016,2,zh,en,設計輸入與審核,Design Input and Review,,,,,lexical_required,
3017,2,zh,en,設計輸出,Design Output,,,,,lexical_required,
3018,2,zh,en,設計輸出與審核,Design Output and Review,,,,,lexical_required,
3014,2,zh,en,設計變更,Design Change,,,,,lexical_required,
2018,2,zh,en,設計變更管制程序,Design change control procedure,,,,,strict_required,
3000,2,zh,en,設備工程師三、四級保養,Level 3~4 maintenance,,,,,lexical_required,
3001,2,zh,en,設備技術組,Equipment Technique Group,,,,,strict_required,
3002,2,zh,en,設備維護組,Equipment Maintenance Section,,,,,strict_required,
512,2,zh,en,設備確效,equipment validation,,,,,lexical_required,
2011,2,zh,en,設備確效作業辦法,Equipment validation work instruction,,,,,strict_required,
513,2,zh,en,設備編號,equipment ID,,,,,lexical_required,
3020,2,zh,en,許可證狀態維護,License Status Maintenance,,,,,lexical_required,
3057,2,zh,en,軟體開發組,Software Development Section,,,,,strict_required,
519,2,zh,en,軟體確效,software validation,,,,,lexical_required,
3067,2,zh,en,通用模組功能說明,Common module description,,,,,lexical_required,
3068,2,zh,en,通知外部單位,Notifying the external organization,,,,,lexical_required,
521,2,zh,en,通報,reporting,,,,,lexical_required,
3063,2,zh,en,通報之主管機關,Competent authority for reporting,,,,,lexical_required,
3062,2,zh,en,通報主管機關,Reporting to regulatory authorities,,,,,lexical_required,
2034,2,zh,en,通報表單一覽表,Reporting forms list,,,,,strict_required,
3065,2,zh,en,通報準備,Reporting Preparation,,,,,lexical_required,
3064,2,zh,en,通報擬定/審核/發佈,Adversity report drafting/reviewing/issue,,,,,lexical_required,
3066,2,zh,en,通報類別與資料來源,Report category and Information source,,,,,lexical_required,
522,2,zh,en,連續批次,consecutive batches,,,,,lexical_required,
3077,2,zh,en,部份循環,Fractional cycle,,,,,lexical_required,
2039,2,zh,en,部門組織功能管理程序,Organization management procedure,,,,,strict_required,
3078,2,zh,en,部級單位,Divisions,,,,,lexical_required,
2093,2,zh,en,陶瓷產品品質規範,Quality requirement for ceramic product,,,,,strict_required,
2094,2,zh,en,陶瓷類清洗製程規範,Cleaning process specification of ceramic implants,,,,,strict_required,
347,2,zh,en,剩餘風險,residual risk,,,,,lexical_required,
2456,2,zh,en,報價作業,Quotation operation,,,,,lexical_required,
1587,2,zh,en,報價單,Quotation form,,,,,strict_required,
2458,2,zh,en,報價管制,Quotation management,,,,,lexical_required,
2457,2,zh,en,報價確認,Quotation confirmation,,,,,lexical_required,
2459,2,zh,en,報廢,Scrap,,,,,lexical_required,
2460,2,zh,en,報廢率,Scrap rate,,,,,lexical_required,
2461,2,zh,en,報廢處理,Scrap process,,,,,lexical_required,
1666,2,zh,en,廁所清潔檢查記錄表,Toilet cleaning check record form,,,,,strict_required,
389,2,zh,en,循環測試,cycle test,,,,,lexical_required,
2597,2,zh,en,提出矯正與預防措施時機,Time to propose corrective and preventive actions,,,,,reference_only,
402,2,zh,en,換氣數測試,air change rate test,,,,,lexical_required,
2614,2,zh,en,散佈圖,Scatter chart,,,,,lexical_required,
410,2,zh,en,晶粒,grain,,,,,lexical_required,
2162,2,zh,en,智能科技部,Intelligent Technology Division,,,,,strict_required,
413,2,zh,en,最大量測範圍,maximum measurement range,,,,,lexical_required,
414,2,zh,en,最差條件,Worst-case Condition,,,,,lexical_required,
2645,2,zh,en,最高管理階層,Top management,,,,,lexical_required,
2643,2,zh,en,最終放行,Final release,,,,,lexical_required,
2644,2,zh,en,最終檢驗,FQC,,,,,strict_required,
1719,2,zh,en,最終檢驗管制程序,Final goods inspection procedure,,,,,strict_required,
418,2,zh,en,棘齒,serration,,,,,lexical_required,
2655,2,zh,en,植入式醫療器材,Implantable medical device (Implant),,,,,lexical_required,
1733,2,zh,en,植入性醫療器材取出分析作業辦法,Implant Medical Devices Retrieval and Analysis Work Instruction,,,,,strict_required,
1736,2,zh,en,植入物及器械鈍化清洗製程規範,Passivation and cleaning process specification for implants and instruments,,,,,strict_required,
1734,2,zh,en,植入物出貨UOJ檢驗記錄表,Implant outgoing to UOJ inspection record form,,,,,strict_required,
2656,2,zh,en,植入物卡,Implant Card,,,,,lexical_required,
1735,2,zh,en,植入物卡作業辦法,Implant Card work instruction,,,,,strict_required,
2657,2,zh,en,植入物卡標籤,Implant Card Label,,,,,lexical_required,
2663,2,zh,en,植入物的包裝標籤,Implant label on package,,,,,lexical_required,
1737,2,zh,en,植入物清洗設備操作及保養辦法,Implant cleaning equipment operate and maintain instruction,,,,,strict_required,
2658,2,zh,en,植入物產品,Implants,,,,,lexical_required,
2659,2,zh,en,植入物產品之標籤,Implant product label,,,,,lexical_required,
2660,2,zh,en,植入物產品包含,The implantable products include,,,,,lexical_required,
2662,2,zh,en,植入物產品的單一識別碼,UDI of implant product,,,,,strict_required,
2661,2,zh,en,植入物產品標示之管制,Labeling control of implant product,,,,,lexical_required,
2664,2,zh,en,植入物組,Implant Section,,,,,strict_required,
1738,2,zh,en,植入物設計變更檢查表,Implant design changes checklist,,,,,strict_required,
2665,2,zh,en,植入物關鍵材料測試,Critical material audit test plan form,,,,,lexical_required,
1778,2,zh,en,殼串脫蠟製程規範,Dewaxing of shell string process specification,,,,,strict_required,
1781,2,zh,en,殼模生產記錄表,Shell mold manufacture record form,,,,,strict_required,
1779,2,zh,en,殼模作業測試規範,Testing criteria for shell mold,,,,,strict_required,
1782,2,zh,en,殼模除濕系統操作及保養辦法,Shell mold dehumidify system operation and maintain instruction,,,,,strict_required,
1780,2,zh,en,殼模強度檢測記錄表,Shell mold strength test record form,,,,,strict_required,
1786,2,zh,en,氬氣焊接人員認證記錄表,Argon gas welding personnel certification record form,,,,,strict_required,
1787,2,zh,en,氬氣焊接製程規範,Argon welding process specification,,,,,strict_required,
433,2,zh,en,減量檢驗,reduced inspection,,,,,lexical_required,
434,2,zh,en,渦輪推進器,turbojet propulsion,,,,,lexical_required,
435,2,zh,en,測溫電阻器,thermistor,,,,,lexical_required,
2724,2,zh,en,測試方法,Test method,,,,,lexical_required,
1811,2,zh,en,測試報告書,Test report,,,,,strict_required,
436,2,zh,en,測試標的物,subject of testing,,,,,lexical_required,
437,2,zh,en,測試頻率,Test frequency,,,,,lexical_required,
2742,2,zh,en,無菌的測試,Test of sterility,,,,,lexical_required,
443,2,zh,en,無菌屏障系統,Sterile barrier system,,,,,lexical_required,
1833,2,zh,en,無菌屏障系統包裝製程確效作業辦法,Sterile barrier system packaging process validation work instruction,,,,,strict_required,
2740,2,zh,en,無菌測試結果“negative”,Negative test of sterility,,,,,lexical_required,
2741,2,zh,en,無菌測試結果“positive”,Positive test of sterility,,,,,lexical_required,
2743,2,zh,en,無菌試驗,Test of sterility,,,,,lexical_required,
2744,2,zh,en,無菌試驗結果“negative”,Negative test of sterility,,,,,lexical_required,
2745,2,zh,en,無菌試驗結果“positive”,Positive test of sterility,,,,,lexical_required,
2746,2,zh,en,無菌醫療器材,Sterile Medical Device,,,,,lexical_required,
444,2,zh,en,煮沸測試規範,testing criteria for boiling test,,,,,strict_required,
2832,2,zh,en,登錄,Register,,,,,lexical_required,
2833,2,zh,en,發出通知,Send notice,,,,,lexical_required,
2843,2,zh,en,短期借出,Short-term application,,,,,lexical_required,
1927,2,zh,en,硬度試驗機保養(點檢)記錄表,Hardness tester maintenance checklist,,,,,strict_required,
1926,2,zh,en,硬度檢驗記錄表,Hardness inspection record form,,,,,strict_required,
2851,2,zh,en,硬體工程組,Hardware Engineering Section,,,,,strict_required,
2857,2,zh,en,稅務組,Taxation Section,,,,,strict_required,
1930,2,zh,en,程式申請單,Programming application form,,,,,strict_required,
1931,2,zh,en,程式管理辦法,Programming management instruction,,,,,strict_required,
2877,2,zh,en,等同性,Equivalence,,,,,lexical_required,
2878,2,zh,en,等同性器材,Equivalent device,,,,,lexical_required,
2901,2,zh,en,結束會議,Closing meeting,,,,,lexical_required,
2902,2,zh,en,結案依據,Plan Closed Reference,,,,,reference_only,
2903,2,zh,en,結案報告,Closing report,,,,,strict_required,
497,2,zh,en,菌落,colony,,,,,lexical_required,
2945,2,zh,en,菌落形成單位,"Colony-forming unit, CFU",,,,,strict_required,
498,2,zh,en,菌落數,colony count,,,,,lexical_required,
2983,2,zh,en,視覺設計組,Graphic Design Section,,,,,strict_required,
3021,2,zh,en,評估方法如下,Methods as follow,,,,,reference_only,
3022,2,zh,en,評估方法選擇,Choice of methods,,,,,lexical_required,
3023,2,zh,en,評核結果與主管核准,Evaluation Result and Supervisor Approval,,,,,lexical_required,
2027,2,zh,en,超音波音壓量測記錄表,Ultrasonic wave sound pressure measure record form,,,,,strict_required,
3069,2,zh,en,週邊設備,Peripheral device,,,,,lexical_required,
3070,2,zh,en,進入管制區之管制,Control for accessing the control zone,,,,,lexical_required,
3071,2,zh,en,進口商,Importer,,,,,lexical_required,
2035,2,zh,en,進出口作業管理辦法,Import and export operation management instruction,,,,,strict_required,
3072,2,zh,en,進料檢驗,Incoming inspection,,,,,lexical_required,
2037,2,zh,en,進料檢驗記錄表,In-coming inspection record form,,,,,strict_required,
2036,2,zh,en,進料檢驗管制程序,Incoming goods inspection procedure,,,,,strict_required,
528,2,zh,en,量產放行,Mass production release,,,,,lexical_required,
2052,2,zh,en,量產放行通知單,Mass production released notice form,,,,,strict_required,
3102,2,zh,en,量產放行報告,Mass production release report,,,,,strict_required,
3103,2,zh,en,量產放行審核,Mass production release review,,,,,lexical_required,
3104,2,zh,en,量產放行標準,Mass production release standards,,,,,lexical_required,
527,2,zh,en,量測系統確效,measurement system validation,,,,,lexical_required,
2051,2,zh,en,量測系統確效作業辦法,Measurement system validation work instruction,,,,,strict_required,
2049,2,zh,en,量測程式備份記錄表,Measuring program backup record form,,,,,strict_required,
2050,2,zh,en,量測程式管理作業辦法,Measuring program management instruction,,,,,strict_required,
2059,2,zh,en,鈦-6鋁-4釩積層製造品質規範,Quality requirement for additive manufacturing Titanium-6 Aluminum-4 Vanadium,,,,,strict_required,
2061,2,zh,en,鈦合金塗佈燒結製程規範,Titanium sintered coating process specification,,,,,strict_required,
2060,2,zh,en,鈦合金噴砂製程規範,Titanium alloy blasting process specification,,,,,strict_required,
2062,2,zh,en,鈦合金燒結塗佈材料規範,Titanium sinter coating material,,,,,strict_required,
2063,2,zh,en,鈦合金燒結塗裝用黏結膠材料規範,Adhesive glue requirement for sintered titanium coating material specification,,,,,strict_required,
2064,2,zh,en,鈦合金鍛造製程規範,Titanium alloy forging process specification,,,,,strict_required,
3114,2,zh,en,開發一組、開發二組,Development Section1 and Development Section2,,,,,strict_required,
3115,2,zh,en,開發規劃,Product development plan,,,,,lexical_required,
3116,2,zh,en,間接人員,Indirect personnel,,,,,lexical_required,
539,2,zh,en,陽極處理,anodizing,,,,,lexical_required,
3128,2,zh,en,集團組,Corporation Section,,,,,strict_required,
2114,2,zh,en,飲水設備維護及水質檢驗記錄表,Drinking water equipment maintenance and water quality inspection record form,,,,,strict_required,
341,2,zh,en,傳遞口,transmission window,,,,,lexical_required,
2447,2,zh,en,圓餅圖,Pie chart,,,,,lexical_required,
1583,2,zh,en,圓盤式泡殼包裝機操作及保養辦法,Tyvek sealing packaging machine operate and maintain instruction,,,,,strict_required,
1588,2,zh,en,塑膠低溫熱處理製程規範,Plastic low temperature heat treatment process specification,,,,,strict_required,
1590,2,zh,en,塑膠產品低溫熱處理製程記錄表,Plastic products heat treatment record form,,,,,strict_required,
1589,2,zh,en,塑膠植入物外觀判定品質規範,Cosmetic inspection criteria for plastic products,,,,,strict_required,
1591,2,zh,en,塑膠類產品清洗製程規範,Cleaning process specification of plastic products,,,,,strict_required,
1595,2,zh,en,塗裝用黏結膠處理與黏度測試製程規範,Processing and viscosity test process specification of adhesive glue,,,,,strict_required,
1592,2,zh,en,塗層微結構分析測試規範,Testing criteria for coating microstructure analysis,,,,,strict_required,
1593,2,zh,en,塗層微結構檢驗記錄表,Report of Coating Microstructure,,,,,strict_required,
1594,2,zh,en,塗層試片膠合作業辦法,Coating test piece gluing work instruction,,,,,strict_required,
2572,2,zh,en,微生物性能驗證,"Microbiological performance qualification, MPQ",,,,,strict_required,
390,2,zh,en,微粒落塵,particulate,,,,,lexical_required,
391,2,zh,en,微結構分析,microstructure analysis,,,,,lexical_required,
1667,2,zh,en,微電腦自動封口機操作及保養辦法,Microcomputer automatic sealing machine operate and maintain instruction,,,,,strict_required,
392,2,zh,en,微觀檢驗,microscopic inspection,,,,,lexical_required,
403,2,zh,en,損害,harm,,,,,lexical_required,
404,2,zh,en,損害嚴重度,severity levels,,,,,lexical_required,
405,2,zh,en,搖轉濕度計,sling psychrometer,,,,,lexical_required,
2598,2,zh,en,搬運,Transportation,,,,,lexical_required,
2599,2,zh,en,搬運規劃,Handling planning,,,,,lexical_required,
2633,2,zh,en,新竹生產/高雄生產單位,HC Production/ KS Production Division,,,,,strict_required,
2160,2,zh,en,新竹生產部,HC Production Division,,,,,strict_required,
2634,2,zh,en,新竹生管/高雄生管單位,HC Production Control/ KS Production Control Division,,,,,strict_required,
2161,2,zh,en,新竹生管部,HC Production Control Division,,,,,strict_required,
2631,2,zh,en,新竹品保/高雄品保單位,HC Quality Assurance/ KS Quality Assurance Division,,,,,strict_required,
2159,2,zh,en,新竹品保部,HC Quality Assurance Division,,,,,strict_required,
2189,2,zh,en,新竹廠,Hsinchu plant,,,,,strict_required,
2191,2,zh,en,新竹廠生產部,HC Production Division,,,,,strict_required,
2632,2,zh,en,新竹廠務/高雄廠務單位,HC Factory Affairs/ KS Factory Affairs Section,,,,,strict_required,
1717,2,zh,en,新竹廠植入物紙盒包裝生產作業辦法,Hsinchu factory implant carton packaging production work instruction,,,,,strict_required,
1716,2,zh,en,新竹廠植入物潔淨室包裝生產作業辦法,Hsinchu factory implant cleanroom package work instruction,,,,,strict_required,
1715,2,zh,en,新竹廠塑膠清洗線工作記錄表,Plastic cleaning line operation record form(Hsinchu Factory),,,,,strict_required,
2630,2,zh,en,新產品開發品質管制計畫,QC control plan,,,,,strict_required,
1714,2,zh,en,新產品導量產審查記錄表,New products launch production review record form,,,,,strict_required,
2635,2,zh,en,新製造流程,New Manufacturing Process,,,,,lexical_required,
2636,2,zh,en,新購儀器驗收,Check and acceptance of the newly purchased devices,,,,,lexical_required,
1720,2,zh,en,會議記錄單,Meeting minutes,,,,,strict_required,
2646,2,zh,en,會議通知,Meeting notice,,,,,lexical_required,
1739,2,zh,en,業務連絡單,Inter-division notice form,,,,,strict_required,
1740,2,zh,en,業務連絡單作業辦法,Inter-division notice work instruction,,,,,strict_required,
2666,2,zh,en,業務單位,Sales Division,,,,,strict_required,
2725,2,zh,en,準備工作,General preparation,,,,,reference_only,
439,2,zh,en,準確性,accuracy,,,,,lexical_required,
438,2,zh,en,準確度,accuracy,,,,,lexical_required,
2726,2,zh,en,溫度換算,Temperature Conversion,,,,,lexical_required,
440,2,zh,en,溫度顯示器,thermometer,,,,,lexical_required,
1812,2,zh,en,溫控漿桶操作及保養辦法,Thermostat pulp barrels operation and maintain instruction,,,,,strict_required,
1813,2,zh,en,溫溼度異常處理記錄表,Abnormal temperature/humidity handling record form,,,,,strict_required,
1814,2,zh,en,溫濕度計校正作業辦法,Thermo-hygrometer calibrate instruction,,,,,strict_required,
1815,2,zh,en,溫濕度點檢表,Temperature and humidity checklist,,,,,strict_required,
441,2,zh,en,溶液,solution,,,,,lexical_required,
2727,2,zh,en,滅菌,Sterilization,,,,,lexical_required,
2728,2,zh,en,滅菌安全水準,"Sterility Assurance Level, SAL",,,,,strict_required,
1817,2,zh,en,滅菌明細記錄表,Sterilization record form,,,,,strict_required,
1816,2,zh,en,滅菌後進料檢查記錄表,Sterilized product in-coming inspection record form,,,,,strict_required,
1818,2,zh,en,滅菌產品曝氣管制記錄表,Aeration control record form for sterilized product,,,,,strict_required,
2729,2,zh,en,滅菌週期,Sterilization cycle,,,,,lexical_required,
1819,2,zh,en,滅菌確效評估報告,Sterilization validation assessment report,,,,,strict_required,
442,2,zh,en,滅菌適應性,Sterilization compatibility,,,,,lexical_required,
2829,2,zh,en,當 logo 改版時之處理原則,Inspection rules when the logo is revised,,,,,reference_only,
2830,2,zh,en,當代技術水平,state of the art,,,,,lexical_required,
2831,2,zh,en,當責單位,Responsible Division,,,,,strict_required,
2908,2,zh,en,經銷商/服務商,Distributor,,,,,lexical_required,
2924,2,zh,en,置架期,Shelf Life,,,,,lexical_required,
2928,2,zh,en,群體醫療器材不良事件,Group medical device adverse events,,,,,lexical_required,
1964,2,zh,en,腫瘤/訂製品零件清單,Tumor / custom-made parts list,,,,,strict_required,
1965,2,zh,en,腫瘤關節組裝功能測試件校正作業辦法,Tumor prosthesis function test work instruction,,,,,strict_required,
499,2,zh,en,落下菌,falling bacteria,,,,,lexical_required,
500,2,zh,en,落菌法,settle plate test,,,,,lexical_required,
501,2,zh,en,葉漿式風速計,vane anemometer,,,,,lexical_required,
502,2,zh,en,董事長,Chairman,,,,,lexical_required,
2955,2,zh,en,裝載格局,Loading pattern,,,,,lexical_required,
3024,2,zh,en,試驗主持人,Trial investigator,,,,,lexical_required,
3026,2,zh,en,試驗共同主持人,Trial co-investigator,,,,,lexical_required,
3027,2,zh,en,試驗協同主持人,Trial assistant investigator,,,,,lexical_required,
3028,2,zh,en,試驗委託者,Trial sponsor,,,,,lexical_required,
3025,2,zh,en,試驗偏離,Trial deviation,,,,,lexical_required,
3029,2,zh,en,試驗機構,Trial institution,,,,,lexical_required,
2019,2,zh,en,詹氏杯校正作業辦法,Zahn signature viscosity cup calibrate instruction,,,,,strict_required,
3051,2,zh,en,資材組,Supplies Section,,,,,strict_required,
3048,2,zh,en,資料來源,Data source,,,,,lexical_required,
3049,2,zh,en,資料保存,Data retention,,,,,lexical_required,
3050,2,zh,en,資料準備,Data preparation,,,,,lexical_required,
2023,2,zh,en,資訊回饋分析作業程序,Information feedback analysis procedure,,,,,strict_required,
2025,2,zh,en,資訊系統管理程序,Information system management procedure,,,,,strict_required,
2024,2,zh,en,資訊服務申請單,System requisition form,,,,,strict_required,
3052,2,zh,en,資訊單位,Information Technology Division,,,,,strict_required,
2174,2,zh,en,資訊管理部,Information Technology Division,,,,,strict_required,
3053,2,zh,en,資訊管理單位,Information management division,,,,,strict_required,
2029,2,zh,en,跨廠區重工資訊通知單,Cross-factory rework information notification form,,,,,strict_required,
520,2,zh,en,載具,vehicle,,,,,lexical_required,
3058,2,zh,en,載體,Carrier,,,,,lexical_required,
3073,2,zh,en,運輸流程,Transportation Process,,,,,lexical_required,
3074,2,zh,en,過殺法,Overkill approach,,,,,lexical_required,
524,2,zh,en,過濾系統,filtering system,,,,,lexical_required,
523,2,zh,en,過濾器/過濾網,filter,,,,,lexical_required,
525,2,zh,en,達成能力,capability,,,,,lexical_required,
2065,2,zh,en,鈷鉻鉬合金鍛造製程規範,Co-Cr-Mo alloy forging process specification,,,,,strict_required,
2066,2,zh,en,鈷鉻鉬合金鑄件品質規範,Quality specification for Co-Cr-Mo alloy castings,,,,,strict_required,
2068,2,zh,en,鈷鉻鉬合金鑄件硬度及金相品質規範,Quality requirement for hardness and microstructure of Co-Cr-Mo alloy casting,,,,,strict_required,
2067,2,zh,en,鈷鉻鉬合金鑄件微結構品質規範,Quality requirement for microstructure of Co-Cr-Mo alloy castings,,,,,strict_required,
2069,2,zh,en,鈷鉻鉬合金鑄造材料,Cast Cobalt-Chromium-Molybdenum alloy material specification,,,,,lexical_required,
2070,2,zh,en,鈷鉻鉬合金鑄造製程規範,Co-Cr-Mo alloy casting process specification,,,,,strict_required,
2071,2,zh,en,鈷鉻鉬塗佈及燒結製程規範,Co-Cr-Mo alloy coating process specification,,,,,strict_required,
2072,2,zh,en,鈷鉻鉬燒結塗佈材料規範,Co-Cr-Mo alloy sinter coating material,,,,,strict_required,
3126,2,zh,en,隔離/標識,Isolation / Labeling,,,,,lexical_required,
3127,2,zh,en,隔離倉,Isolation warehouse,,,,,lexical_required,
3130,2,zh,en,零允收品質水準ZBA,Zero Based Acceptance,,,,,strict_required,
3129,2,zh,en,零件,Component,,,,,lexical_required,
2096,2,zh,en,雷射功率檢測記錄表,Laser power output value record list,,,,,strict_required,
541,2,zh,en,雷射刻印,laser marking,,,,,lexical_required,
542,2,zh,en,雷射焊接,laser welding,,,,,lexical_required,
3131,2,zh,en,雷達圖,Radar chart,,,,,lexical_required,
2097,2,zh,en,電子天秤校正作業辦法,Electron balance calibrate instruction,,,,,strict_required,
3132,2,zh,en,電子文件,Electronic documents,,,,,lexical_required,
2098,2,zh,en,電子文件管制作業辦法,Electronic documents control work instruction,,,,,strict_required,
3133,2,zh,en,電子文件管理系統,Electronic document management system,,,,,lexical_required,
3134,2,zh,en,電子文件簽核系統,Electronic document sign-off system,,,,,lexical_required,
545,2,zh,en,電子式微壓力計,electronic micromanometer,,,,,lexical_required,
546,2,zh,en,電子顯微鏡,electron microscope,,,,,lexical_required,
2106,2,zh,en,電腦軟體確效作業辦法,Computer software validation work instruction,,,,,strict_required,
547,2,zh,en,電解拋光,electrolytic polishing,,,,,lexical_required,
2100,2,zh,en,電漿噴塗系統開機點檢記錄表,Plasma spraying system startup checklist,,,,,strict_required,
2101,2,zh,en,電漿噴塗系統關機點檢記錄表,Plasma spraying system shut-off checklist,,,,,strict_required,
2105,2,zh,en,電漿噴塗金屬治具維護辦法,Plasma spraying metallic fixture maintain instruction,,,,,strict_required,
2102,2,zh,en,電漿噴塗給粉率記錄表,Plasma spraying power feeding rate record form,,,,,strict_required,
2099,2,zh,en,電漿噴塗塗層品質規範,Quality requirement for plasma spray coated,,,,,strict_required,
2104,2,zh,en,電漿噴塗製程規範,Plasma spraying process specification,,,,,strict_required,
2103,2,zh,en,電漿噴塗製程確效作業辦法,Plasma spraying process validation work instruction,,,,,strict_required,
543,2,zh,en,電壓,voltage,,,,,lexical_required,
544,2,zh,en,電壓顯示器,voltmeter,,,,,lexical_required,
3139,2,zh,en,預成形無菌屏障系統,Preformed sterile barrier system,,,,,lexical_required,
3142,2,zh,en,預防措施,Preventive action,,,,,lexical_required,
3141,2,zh,en,預處理,Preconditioning,,,,,lexical_required,
3140,2,zh,en,預期用途相關要求之確定,Confirm the requirements for intended use,,,,,lexical_required,
553,2,zh,en,預期使用者,intended user,,,,,lexical_required,
552,2,zh,en,預期使用環境,intended use environment,,,,,lexical_required,
2448,2,zh,en,圖面及規範,Drawings and specifications,,,,,strict_required,
2449,2,zh,en,圖面文件,ECN/MCN,,,,,strict_required,
2450,2,zh,en,團體使用檢測儀器,Measuring devices used by groups,,,,,lexical_required,
2462,2,zh,en,壽命,Lifetime,,,,,lexical_required,
2515,2,zh,en,察覺,become aware,,,,,lexical_required,
2517,2,zh,en,實地監測,On-site monitoring,,,,,lexical_required,
2516,2,zh,en,實地審查,On-site audit,,,,,lexical_required,
2521,2,zh,en,實際表面,Real surface,,,,,lexical_required,
382,2,zh,en,實質性變更,substantial change,,,,,lexical_required,
2518,2,zh,en,實質變更,Substantial change,,,,,lexical_required,
2519,2,zh,en,實質變更之管制,Substantial changes control,,,,,lexical_required,
2520,2,zh,en,實質變更與重大變更,Substantial changes & Significant changes,,,,,lexical_required,
2522,2,zh,en,實驗室,Laboratory,,,,,lexical_required,
2523,2,zh,en,實體課程,Physical course,,,,,lexical_required,
1671,2,zh,en,慢速切割機日常查核記錄表,Daily Inspection Checklist for Low Speed Cutting Machine,,,,,strict_required,
1670,2,zh,en,慢速切割機操作及保養辦法,Low Speed Cutting Machine operate and maintain instruction,,,,,strict_required,
1741,2,zh,en,槓桿式量錶校正作業辦法,Dial gauge calibrate instruction,,,,,strict_required,
1820,2,zh,en,滾筒研磨機設備操作及保養辦法,Drum grinder system operate and maintain instruction,,,,,strict_required,
2730,2,zh,en,滿意度調查,Satisfaction survey,,,,,lexical_required,
2731,2,zh,en,滿意度調查內容,Contents of satisfaction survey,,,,,lexical_required,
1899,2,zh,en,監測查核表,Monitoring Checklist,,,,,strict_required,
1900,2,zh,en,監測計畫,Monitoring Plan,,,,,lexical_required,
1898,2,zh,en,監測報告,Monitoring Report,,,,,strict_required,
1903,2,zh,en,監視系統畫面調閱申請表,Monitoring system scene access application form,,,,,strict_required,
1902,2,zh,en,監視系統新增暨變更設置申請表,Monitoring system addition and change application form,,,,,strict_required,
1904,2,zh,en,監視系統管理辦法,Monitoring system management instruction,,,,,strict_required,
1901,2,zh,en,監視器自主檢查表,Monitor self-inspection record form,,,,,strict_required,
486,2,zh,en,算數平均值,arithmetic mean,,,,,lexical_required,
2880,2,zh,en,管制原則,Management principles,,,,,lexical_required,
487,2,zh,en,管制記錄表,control record form,,,,,strict_required,
2879,2,zh,en,管制區,Control zone,,,,,lexical_required,
2881,2,zh,en,管制圖,Control chart,,,,,lexical_required,
2882,2,zh,en,管控,Control,,,,,lexical_required,
2883,2,zh,en,管理代表,Management representative,,,,,strict_required,
1941,2,zh,en,管理系統文件定期審核記錄表,Management system documents periodical review record form,,,,,strict_required,
1942,2,zh,en,管理系統文件權責對照表,Division duty of management system documentations list,,,,,strict_required,
2886,2,zh,en,管理維護,Management and maintenance,,,,,lexical_required,
2884,2,zh,en,管理審查,Management review,,,,,lexical_required,
1939,2,zh,en,管理審查作業程序,Management review procedure,,,,,strict_required,
1940,2,zh,en,管理審查會議記錄單,Management review meeting minutes,,,,,strict_required,
2887,2,zh,en,管理適用,Management applicability,,,,,lexical_required,
2885,2,zh,en,管理權責,Management responsibilities and authorities,,,,,lexical_required,
488,2,zh,en,精密度,precision,,,,,lexical_required,
1949,2,zh,en,精測室管理辦法,QA inspection room management instruction,,,,,strict_required,
1948,2,zh,en,精測室儀器使用記錄表,Equipment in precision laboratory usage record form,,,,,strict_required,
489,2,zh,en,精餾酒精,rectified spirit,,,,,lexical_required,
2909,2,zh,en,維修／報廢處理,Repair/Scrapping,,,,,lexical_required,
2912,2,zh,en,維運開發,Development,,,,,lexical_required,
2910,2,zh,en,維護管理,Maintenance management,,,,,lexical_required,
2911,2,zh,en,維護與保存,Maintenance and retaining,,,,,lexical_required,
2913,2,zh,en,網路管理組,Network Management Section,,,,,strict_required,
2914,2,zh,en,緊急變更,Urgent change,,,,,lexical_required,
1961,2,zh,en,聚料、打彎鍛墊片參數表,Parameters table of mold pad (for Upsetting & Bending),,,,,strict_required,
495,2,zh,en,腐蝕,corrosion,,,,,lexical_required,
2946,2,zh,en,蒐集,Collection,,,,,lexical_required,
2980,2,zh,en,製造,Manufacture,,,,,lexical_required,
2007,2,zh,en,製造流程管制記錄表,Manufacturing process control record form,,,,,strict_required,
2981,2,zh,en,製造商,Manufacturer,,,,,lexical_required,
2956,2,zh,en,製程,process,,,,,lexical_required,
2963,2,zh,en,製程文書組,Process Document Section,,,,,strict_required,
2958,2,zh,en,製程失效風險分析,Process failure risk analysis,,,,,lexical_required,
1995,2,zh,en,製程失效模式與效應分析作業辦法,Process failure mode and effect analysis work instruction,,,,,strict_required,
1996,2,zh,en,製程失效模式與效應分析表,Process failure mode and effects analysis worksheet,,,,,strict_required,
506,2,zh,en,製程再確效,process re-validation,,,,,lexical_required,
1994,2,zh,en,製程作業標準書SOP作業辦法,Standard operation procedure work instruction,,,,,strict_required,
2959,2,zh,en,製程巡迴檢驗,In-process inspection,,,,,lexical_required,
2961,2,zh,en,製程改善案,Process improvement project,,,,,lexical_required,
2962,2,zh,en,製程改善組,Process Improvement Section,,,,,strict_required,
2002,2,zh,en,製程系統稽核記錄表,In-process system auditing record form,,,,,strict_required,
2960,2,zh,en,製程挑戰產品,"Process challenge device, PCD",,,,,strict_required,
2964,2,zh,en,製程查證,Process verification,,,,,lexical_required,
1999,2,zh,en,製程異常通知單,In-process non-conformity notice form,,,,,strict_required,
2969,2,zh,en,製程移轉,Process transfer,,,,,lexical_required,
2000,2,zh,en,製程移轉報告一覽表,Process transfer items list,,,,,strict_required,
2971,2,zh,en,製程組,Process Section,,,,,strict_required,
2957,2,zh,en,製程報廢品處理,Dispose the process-scrapped items,,,,,lexical_required,
1998,2,zh,en,製程測試計畫書&報告書,Process test protocol & report,,,,,strict_required,
2976,2,zh,en,製程開發、器械開發與高雄製程開發部,"Process Development Division , Instrument Development Division and KS Process Development Division",,,,,strict_required,
2975,2,zh,en,製程開發/高雄製程開發單位,Process Development/ KS Process Development Division,,,,,strict_required,
2172,2,zh,en,製程開發部,Process Development Division,,,,,strict_required,
2979,2,zh,en,製程開發部及器械開發部,Process Development Division and Instrument Development Division,,,,,strict_required,
2977,2,zh,en,製程開發單位,Process Development Division,,,,,strict_required,
2978,2,zh,en,製程開發與高雄製程開發部,Process Development Division and KS Process Development Division,,,,,strict_required,
2966,2,zh,en,製程準備,Process preparation,,,,,lexical_required,
508,2,zh,en,製程管制,Process control,,,,,lexical_required,
2001,2,zh,en,製程管制作業程序,Production control procedure,,,,,strict_required,
2972,2,zh,en,製程說明及作業說明,Process description and operation description,,,,,strict_required,
2003,2,zh,en,製程說明書,Process description form,,,,,strict_required,
2973,2,zh,en,製程說明書草稿,Draft process description form,,,,,strict_required,
507,2,zh,en,製程確效,Process validation,,,,,lexical_required,
2968,2,zh,en,製程確效之內容,Contents of process validation,,,,,lexical_required,
2967,2,zh,en,製程確效主計畫,Validation Master Plan,,,,,lexical_required,
2970,2,zh,en,製程稽核,In-process audit,,,,,lexical_required,
2965,2,zh,en,製程檢驗管制,Process inspection control,,,,,lexical_required,
1997,2,zh,en,製程檢驗管制程序,In-process inspection procedure,,,,,strict_required,
2974,2,zh,en,製程變更管制,Process change control,,,,,lexical_required,
2004,2,zh,en,製程變更管制記錄表,Process change control record form,,,,,strict_required,
2005,2,zh,en,製程驗證及量產放行管制程序,Process verification and mass production release procedure,,,,,strict_required,
2006,2,zh,en,製程驗證報告一覽表,Process verification items list,,,,,strict_required,
517,2,zh,en,認證,certification,,,,,lexical_required,
3030,2,zh,en,認證單位,"Notified Body, NB",,,,,strict_required,
3059,2,zh,en,輔導供應商,Tutoring supplier,,,,,lexical_required,
2038,2,zh,en,遠紅外線收縮包裝機操作及保養辦法,Far-infrared shrink packaging machine operate and maintain instruction,,,,,strict_required,
3075,2,zh,en,遠距審查,Remote audit,,,,,lexical_required,
2040,2,zh,en,酸鹼測定計校驗作業辦法,PH-meter calibrate instruction,,,,,strict_required,
530,2,zh,en,銅焊,copper soldering,,,,,lexical_required,
3135,2,zh,en,需求提出及購置,Demand and purchase,,,,,lexical_required,
3143,2,zh,en,領料,Material requisition,,,,,lexical_required,
3144,2,zh,en,領料作業,Material requisition,,,,,lexical_required,
1488,2,zh,en,價格更改建議單,Pricing revised proposal,,,,,strict_required,
2297,2,zh,en,價格定義,Price definition,,,,,lexical_required,
2301,2,zh,en,儀器失效,Device malfunction,,,,,lexical_required,
2300,2,zh,en,儀器列管,Device management,,,,,lexical_required,
2298,2,zh,en,儀器使用,Device usage,,,,,lexical_required,
2299,2,zh,en,儀器保養,Device maintenance,,,,,lexical_required,
2302,2,zh,en,儀器校正允收、失效與報廢處理,"Device calibration acceptance, fail and scrap",,,,,lexical_required,
2303,2,zh,en,儀器校正及催校,Device calibration and calibration reminding,,,,,lexical_required,
1489,2,zh,en,儀器校正變更列管審核單,Device calibration change control form,,,,,strict_required,
1491,2,zh,en,儀器訓練申請表,Equipment usage training application form,,,,,strict_required,
2304,2,zh,en,儀器異動,Device change,,,,,lexical_required,
1490,2,zh,en,儀器異常矯正措施要求表,Device corrective action request form,,,,,strict_required,
2305,2,zh,en,儀器發出,Distribute device,,,,,lexical_required,
2309,2,zh,en,儀器貯存及搬運,Device storage and transportation,,,,,lexical_required,
2306,2,zh,en,儀器管理人員,Instrument management personnel,,,,,lexical_required,
2310,2,zh,en,儀器需求申請,Device demand application,,,,,lexical_required,
1492,2,zh,en,儀器需求申請表,Device demand application form,,,,,strict_required,
2307,2,zh,en,儀器編號,Device coding,,,,,lexical_required,
2308,2,zh,en,儀器調整,Instrument adjustment,,,,,lexical_required,
2311,2,zh,en,儀器驗收,Device check and acceptance,,,,,lexical_required,
370,2,zh,en,噴射,injection,,,,,lexical_required,
1579,2,zh,en,噴塗加工進料驗收查檢表,Spray coating part incoming inspection checklist,,,,,strict_required,
2524,2,zh,en,審查,Review,,,,,lexical_required,
2525,2,zh,en,審查輸入,Review input,,,,,lexical_required,
2526,2,zh,en,審查輸出,Review output,,,,,lexical_required,
2527,2,zh,en,審核,Approve,,,,,lexical_required,
2561,2,zh,en,廠內自製,Manufacturing in the factory,,,,,lexical_required,
2562,2,zh,en,廠內製程加工件之特採申請,Concession application for in-process parts,,,,,lexical_required,
2566,2,zh,en,廠房環境與衛生設施之管制,Control of factory environment and health facilities,,,,,lexical_required,
387,2,zh,en,廠長,Factory director,,,,,lexical_required,
2564,2,zh,en,廠務組,Factory Affairs Section,,,,,strict_required,
2563,2,zh,en,廠務單位,Factory Service Division,,,,,strict_required,
2565,2,zh,en,廠商交貨檢附資料,Inspection data attached with the manufacturer’s delivery,,,,,lexical_required,
2567,2,zh,en,廠牌/主要規格,Brand / major specification,,,,,lexical_required,
1703,2,zh,en,數位投影機操作及保養辦法,Digit projector operate and maintain instruction,,,,,strict_required,
2638,2,zh,en,暫時性變更,Temporary change,,,,,lexical_required,
2639,2,zh,en,暫時變更,Temporary change,,,,,lexical_required,
2669,2,zh,en,標示,Labeling,,,,,lexical_required,
2670,2,zh,en,標示、隔離與判定,"Labeling, isolation and judgment",,,,,lexical_required,
2674,2,zh,en,標記,Marking,,,,,lexical_required,
1742,2,zh,en,標準工時明細表,Standard operation times form,,,,,strict_required,
419,2,zh,en,標準化,standardization,,,,,lexical_required,
420,2,zh,en,標準差,standard deviation,,,,,lexical_required,
2667,2,zh,en,標準器,Standard instruments,,,,,lexical_required,
2668,2,zh,en,標準類,Standards,,,,,lexical_required,
2671,2,zh,en,標籤,Label,,,,,lexical_required,
2672,2,zh,en,標籤上應有的資訊,Information on the label,,,,,lexical_required,
1744,2,zh,en,標籤列印系統設備保養辦法,Labeling print system equipment maintenance work instruction,,,,,strict_required,
1743,2,zh,en,標籤作廢記錄表,Labels scrapped record form,,,,,strict_required,
2673,2,zh,en,標籤或說明書的變更,Changes of Label or instruction for use,,,,,lexical_required,
1746,2,zh,en,標籤說明書變更檢查表,Label or Instruction For Use Changes Checklist,,,,,strict_required,
1745,2,zh,en,標籤樣張、使用說明書與產品包裝明細表作業辦法,"Labeling, safety statements and PBM work instruction",,,,,strict_required,
1747,2,zh,en,標籤驗證及樣本報告,Label Validation and Sample Reporting,,,,,strict_required,
1748,2,zh,en,模具尺寸追蹤表,Mold dimensions inspection form,,,,,strict_required,
1750,2,zh,en,模具管理作業程序,Mold management procedure,,,,,strict_required,
1751,2,zh,en,模具維護及保養管理辦法,Mold maintain and management instruction,,,,,strict_required,
2676,2,zh,en,模具製作、修繕,To manufacture and maintain molds,,,,,lexical_required,
2675,2,zh,en,模具檢驗、驗收,Inspection and acceptance of molds,,,,,lexical_required,
1749,2,zh,en,模具檢驗記錄表,Mold inspection record form,,,,,strict_required,
2696,2,zh,en,歐盟,"European Union, EU",,,,,strict_required,
1775,2,zh,en,歐盟UDI系統應用作業辦法,EU UDI System Application work instruction,,,,,strict_required,
1776,2,zh,en,歐盟客戶訂製品作業辦法,EU Custom-made products work instruction,,,,,strict_required,
1777,2,zh,en,歐盟客製品製造商聲明書,EU Custom-made device statement,,,,,strict_required,
2697,2,zh,en,歐盟醫療器材資料庫,EUDAMED - European Database on Medical Devices,,,,,strict_required,
2698,2,zh,en,歐體代表,European Authorised Representative,,,,,strict_required,
1821,2,zh,en,漿體作業測試規範,Testing criteria for thick liquid,,,,,strict_required,
1823,2,zh,en,漿體管控及調整製程規範,Slurry control and adjustment process specification,,,,,strict_required,
1824,2,zh,en,漿體管控調整記錄表,Paste control record form,,,,,strict_required,
1822,2,zh,en,漿體檢測記錄表,Paste inspection record form,,,,,strict_required,
2732,2,zh,en,潔淨室,Cleanroom,,,,,lexical_required,
1825,2,zh,en,潔淨室人員健康管制暨體溫記錄表,Cleanroom personnel health control and body temperature record form,,,,,strict_required,
2734,2,zh,en,潔淨室及管制區,Cleanroom and Control zone,,,,,lexical_required,
1826,2,zh,en,潔淨室作業人員進出管制表,Cleanroom operation personnel get in and out control form,,,,,strict_required,
2737,2,zh,en,潔淨室空態,Cleanroom as-bulit states,,,,,lexical_required,
2733,2,zh,en,潔淨室動態,Cleanroom in operation states,,,,,lexical_required,
1829,2,zh,en,潔淨室組裝檢驗記錄表,Clean room assembly inspection record form,,,,,strict_required,
1830,2,zh,en,潔淨室設施確效作業辦法,Cleanroom facilities validation work instruction,,,,,strict_required,
1831,2,zh,en,潔淨室進出與維護作業辦法,Cleanroom in and out maintain work instruction,,,,,strict_required,
1828,2,zh,en,潔淨室監控品質規範,Quality requirement for cleanroom monitoring,,,,,strict_required,
2738,2,zh,en,潔淨室靜態,Cleanroom at rest states,,,,,lexical_required,
2735,2,zh,en,潔淨室環境之維護,Cleanroom environmental maintenance,,,,,lexical_required,
2736,2,zh,en,潔淨室環境管制,Cleanroom environmental control,,,,,lexical_required,
1827,2,zh,en,潔淨室環境維護表,Cleanroom environmental control record form,,,,,strict_required,
2739,2,zh,en,潛在合格供應商,Potentially Qualified Supplier,,,,,lexical_required,
1834,2,zh,en,熱均壓製程規範,Hipping process specification,,,,,strict_required,
445,2,zh,en,熱性能,thermal performance,,,,,lexical_required,
2747,2,zh,en,熱處理作業,Heat treatment work,,,,,lexical_required,
1837,2,zh,en,熱處理製程規範,Heat treatment process specification,,,,,strict_required,
1836,2,zh,en,熱處理製程確效作業辦法,Heating treatment process validation work instruction,,,,,strict_required,
1835,2,zh,en,熱處理爐使用記錄表,Heat treatment furnace record form,,,,,strict_required,
446,2,zh,en,熱感式風速計,hot-wire anemometer,,,,,lexical_required,
1838,2,zh,en,熱電材料測試儀及熱電材料比對片校正作業辦法,Thermoelectric material tester and comparison piece calibrate instruction,,,,,strict_required,
447,2,zh,en,熱電偶,thermocouple,,,,,lexical_required,
448,2,zh,en,熱電偶修正值,thermocouple corrected value,,,,,lexical_required,
2852,2,zh,en,確定召回團隊成員,Identify appropriate personnel,,,,,reference_only,
474,2,zh,en,確效,validate,,,,,lexical_required,
2855,2,zh,en,確效小組,Validation team,,,,,strict_required,
476,2,zh,en,確效之限制,validation restrictions,,,,,lexical_required,
475,2,zh,en,確效主計畫,Validation master plan,,,,,strict_required,
2853,2,zh,en,確效主計畫 VMP,Validation master plan,,,,,strict_required,
1928,2,zh,en,確效主計畫表,Validation master plan form,,,,,strict_required,
477,2,zh,en,確效作業,validation procedure,,,,,lexical_required,
2854,2,zh,en,確效作業辦法,Validation work instruction,,,,,strict_required,
478,2,zh,en,確效計畫書,Validation protocol,,,,,strict_required,
2856,2,zh,en,確認需求,Confirm requirements,,,,,lexical_required,
1929,2,zh,en,碼錶、計時器校正作業辦法,Stopwatch and timer calibrate instruction,,,,,strict_required,
2858,2,zh,en,稽核,Audit,,,,,lexical_required,
2859,2,zh,en,稽核前說明,Instruction before audit,,,,,lexical_required,
1932,2,zh,en,稽核查檢表,Internal audit checklist,,,,,strict_required,
2863,2,zh,en,稽核計劃與頻率,Audit plan & Audit frequency,,,,,lexical_required,
2860,2,zh,en,稽核員,Auditor,,,,,lexical_required,
2861,2,zh,en,稽核員之資格,Qualifications of auditors,,,,,lexical_required,
2862,2,zh,en,稽核結果改善,Nonconformity Improvement,,,,,lexical_required,
1943,2,zh,en,箱型冷氣機自主保養表,Box-type air-conditioner self-maintenance record form,,,,,strict_required,
1944,2,zh,en,箱型循環風扇熱處理爐操作保養辦法,Box type circulating fan heat treatment furnace maintain instruction,,,,,strict_required,
567,2,zh,en,範圍,Scope,,,,,strict_required,
2915,2,zh,en,線上課程,Online course,,,,,lexical_required,
1959,2,zh,en,線切割機操作及保養辦法,Wire cut machine operate and maintain instruction,,,,,strict_required,
492,2,zh,en,線性分析,linear analysis,,,,,lexical_required,
2917,2,zh,en,編號管理,Coding management,,,,,lexical_required,
2916,2,zh,en,編碼、命名,Coding and naming,,,,,lexical_required,
1966,2,zh,en,膜厚計校正作業辦法,Film thickness meter calibrate instruction,,,,,strict_required,
2952,2,zh,en,衛生福利部食品藥物管理署,Taiwan Food and Drug Administration,,,,,strict_required,
2982,2,zh,en,複方清潔劑,Compound Cleaning Agents,,,,,lexical_required,
3031,2,zh,en,課程執行,Course implementation,,,,,lexical_required,
3032,2,zh,en,課程類型,Course type,,,,,lexical_required,
3033,2,zh,en,調查方式決定,Determine survey method,,,,,lexical_required,
2020,2,zh,en,調撥通知單,Transfer notification form,,,,,strict_required,
3034,2,zh,en,調適,Conditioning,,,,,lexical_required,
2187,2,zh,en,請勿翻印,Don’t reprint,,,,,strict_required,
3035,2,zh,en,請購作業,Requisition,,,,,lexical_required,
2030,2,zh,en,輪廓儀保養(點檢)記錄表,Profile tester maintenance checklist,,,,,strict_required,
2031,2,zh,en,輪廓儀校正作業辦法,Profilometer calibrate instruction,,,,,strict_required,
3076,2,zh,en,適用時機,Applicable opportunity,,,,,reference_only,
526,2,zh,en,適應症,indication,,,,,lexical_required,
3108,2,zh,en,銷貨,Sold products,,,,,lexical_required,
531,2,zh,en,銹斑,rust spots,,,,,lexical_required,
2088,2,zh,en,閱讀ISO文件記錄表,ISO documents reading record form,,,,,strict_required,
2108,2,zh,en,震殼製程規範,Shell shocking process specification,,,,,strict_required,
2107,2,zh,en,震殼機操作及保養辦法,Shell shock machine operate and maintain instruction,,,,,strict_required,
566,2,zh,en,齒形,tooth profile,,,,,lexical_required,
2348,2,zh,en,劑量分佈測試,Dose mapping,,,,,lexical_required,
1522,2,zh,en,劑量分佈測試記錄表,Dose mapping test record form,,,,,strict_required,
2429,2,zh,en,器材銷售量,Sales volume,,,,,lexical_required,
366,2,zh,en,器械,instrument,,,,,lexical_required,
1571,2,zh,en,器械&塑膠清洗設備操作及保養辦法,Instrument & plastic cleaning equipment operate and maintain instruction,,,,,strict_required,
1572,2,zh,en,器械出貨UOJ檢驗記錄表,Instrument outgoing to UOJ inspection record form,,,,,strict_required,
1573,2,zh,en,器械半成品、委外及市購品圖面編碼與管理辦法,"Semi-finished instrument, outsourcing and commercial product drawings coding and management instruction",,,,,strict_required,
367,2,zh,en,器械再處理手冊,reprocessing instructions for reusable surgical instruments,,,,,strict_required,
368,2,zh,en,器械拆裝手冊,instrument disassembly manual,,,,,strict_required,
2433,2,zh,en,器械的包裝標籤,Instrument label on package,,,,,lexical_required,
1574,2,zh,en,器械客退品處理作業辦法,Instrument product returned work instruction,,,,,strict_required,
1575,2,zh,en,器械清洗及鈍化製程規範,Cleaning and passivation process specification of instruments,,,,,strict_required,
369,2,zh,en,器械產品,instrument products,,,,,lexical_required,
2430,2,zh,en,器械產品之標籤,Instrument product label,,,,,lexical_required,
2431,2,zh,en,器械產品包含,The instrument products include,,,,,reference_only,
1576,2,zh,en,器械產品包裝製程規範,Instrument product packaging process specification,,,,,strict_required,
2432,2,zh,en,器械產品的單一識別碼,UDI of instrument product,,,,,strict_required,
1577,2,zh,en,器械設計變更檢查表,Instrument design changes checklist,,,,,strict_required,
1578,2,zh,en,器械進料檢驗記錄表,Instrument in-coming inspection record form,,,,,strict_required,
2152,2,zh,en,器械開發部,Instrument Development Division,,,,,strict_required,
2434,2,zh,en,器械開發單位,Instrument Development Division,,,,,strict_required,
1611,2,zh,en,學習評估表,Post-training evaluated form,,,,,strict_required,
2537,2,zh,en,導致或促使,Caused or contributed,,,,,lexical_required,
2538,2,zh,en,導量產,Pilot-run,,,,,lexical_required,
1645,2,zh,en,導量產品質檢驗移轉教育訓練記錄表,Quality inspection transfer of pilot run production training record form,,,,,strict_required,
384,2,zh,en,導量產階段,pilot production period,,,,,lexical_required,
406,2,zh,en,操作規格,operational specification,,,,,lexical_required,
407,2,zh,en,操作驗證,"Operational qualification, OQ",,,,,strict_required,
2600,2,zh,en,操作驗證 OQ,Operation qualification,,,,,strict_required,
1696,2,zh,en,操作驗證(OQ)計畫與報告書,Operation qualification protocol and report,,,,,strict_required,
1702,2,zh,en,整形製程規範,Shaping process specification,,,,,strict_required,
2677,2,zh,en,機加工製程量產放行標準,Mass production release criteria for machining process,,,,,lexical_required,
1757,2,zh,en,機房每日檢查表,Computer room daily checklist,,,,,strict_required,
2684,2,zh,en,機房設備,Equipment room,,,,,lexical_required,
1758,2,zh,en,機房進出管制表,Computer room access control form,,,,,strict_required,
2682,2,zh,en,機密健康資訊,Confidential health data,,,,,lexical_required,
2683,2,zh,en,機密健康資訊形式,Confidential health data form,,,,,lexical_required,
1756,2,zh,en,機密健康資訊管制辦法,Confidential health Information control instruction,,,,,strict_required,
1755,2,zh,en,機密健康資訊權限管制表,Confidential health Information authority form,,,,,strict_required,
2685,2,zh,en,機械加工作業組,Machining Operation Section,,,,,strict_required,
2686,2,zh,en,機械加工技術一組,Machining Technique Group 1,,,,,strict_required,
2687,2,zh,en,機械加工技術二組,Machining Technique Group 2,,,,,strict_required,
421,2,zh,en,機械性能,mechanical performance,,,,,lexical_required,
422,2,zh,en,機械性質,mechanical properties,,,,,lexical_required,
1760,2,zh,en,機械設備一、二級保養記錄表,Equipment level 1~2 maintenance record list,,,,,strict_required,
1759,2,zh,en,機械設備一、二級保養圖示表,Equipment level 1~2 maintenance illustration form,,,,,strict_required,
1761,2,zh,en,機械設備三、四級保養記錄表,Equipment level 3~4 maintenance record list,,,,,strict_required,
1762,2,zh,en,機械設備維修記錄表,Equipment maintenance and repair record list,,,,,strict_required,
1763,2,zh,en,機械設備維護保養項目表,Equipment maintenance list,,,,,strict_required,
423,2,zh,en,機構振動,mechanical vibration,,,,,lexical_required,
1752,2,zh,en,機器設備一覽表,Equipment list,,,,,strict_required,
2679,2,zh,en,機器設備保養作業內容,Content of maintenance of the equipment,,,,,lexical_required,
2680,2,zh,en,機器設備保養等級之管理,Management of equipment maintenance class,,,,,lexical_required,
2681,2,zh,en,機器設備保養等級定義說明如下,The equipment maintenance classes are defined as below,,,,,reference_only,
1754,2,zh,en,機器設備管制程序,Equipment management procedure,,,,,strict_required,
1753,2,zh,en,機器設備履歷記錄表,Equipment information record list,,,,,strict_required,
2678,2,zh,en,機器編碼原則與管理要求,Coding Structure & Principles,,,,,lexical_required,
1839,2,zh,en,燒結製程確效作業辦法,Sintering process validation work instruction,,,,,strict_required,
2864,2,zh,en,積層製造技術組,Additive Manufacturing Technique Section,,,,,strict_required,
1934,2,zh,en,積層製造製程規範,Additive Manufacturing Process Specification,,,,,strict_required,
1933,2,zh,en,積層製造製程確效作業辦法,Additive manufacturing process validation work Instruction,,,,,strict_required,
2888,2,zh,en,篩選,Sorting,,,,,lexical_required,
1979,2,zh,en,螢檢設備保養(日點檢)記錄表,Fluorescent inspection equipment maintenance daily checklist,,,,,strict_required,
3060,2,zh,en,輸入醫療器材技術人員的職責,The responsibility of person responsible for technology of medical device importer,,,,,lexical_required,
2032,2,zh,en,輻射滅菌品質協議書,Radiation sterilization quality agreement,,,,,strict_required,
2033,2,zh,en,輻射滅菌管制作業辦法,Radiation sterilization control work instruction,,,,,strict_required,
532,2,zh,en,鋸齒面,gear faces,,,,,lexical_required,
533,2,zh,en,錫焊,tin soldering,,,,,lexical_required,
540,2,zh,en,隨附文件,accompanying documentation,,,,,lexical_required,
2312,2,zh,en,儲存環境維護,Storage environment maintenance,,,,,lexical_required,
2313,2,zh,en,儲料異常管理,Manage non-conforming materials,,,,,lexical_required,
2314,2,zh,en,儲運作業管制,Warehousing and Transportation Control Procedure,,,,,strict_required,
1596,2,zh,en,壓力容器定期檢點表,Pressure vessel regular check record form,,,,,strict_required,
2574,2,zh,en,應用系統,Application,,,,,lexical_required,
2575,2,zh,en,應用系統組,Application System Section,,,,,strict_required,
2576,2,zh,en,應通報事件,Reportable event,,,,,lexical_required,
2601,2,zh,en,擬定計劃,Make plan,,,,,lexical_required,
2688,2,zh,en,檔案伺服器,File server,,,,,lexical_required,
424,2,zh,en,檢出之限制,checkout limits,,,,,lexical_required,
2689,2,zh,en,檢查召回作業與結果報告,Recall report,,,,,reference_only,
1769,2,zh,en,檢測狀態管制程序,Product status identification procedure,,,,,strict_required,
2690,2,zh,en,檢測儀器,Measuring devices,,,,,lexical_required,
1764,2,zh,en,檢測儀器失效要求表,Device malfunction request form,,,,,strict_required,
1765,2,zh,en,檢測儀器短期借出登記表,Measurement device short-term lending registration form,,,,,strict_required,
1766,2,zh,en,檢測儀器管理及校正作業程序,Measurement device control and calibration procedure,,,,,strict_required,
1768,2,zh,en,檢測儀器領用記錄表,Measurement device receive record form,,,,,strict_required,
1767,2,zh,en,檢測儀器總表,All measurement devices list,,,,,strict_required,
1770,2,zh,en,檢驗作業標準書(SIP),Standard inspection procedure form,,,,,strict_required,
1771,2,zh,en,檢驗作業標準書(SIP)作業辦法,Standard inspection procedure work instruction,,,,,strict_required,
1773,2,zh,en,檢驗計畫變更審核表,Inspection plan change review form,,,,,strict_required,
2691,2,zh,en,檢驗執行,Inspection implementation,,,,,lexical_required,
1774,2,zh,en,檢驗說明書,Inspection description form,,,,,strict_required,
3165,2,zh,en,檢驗標準,inspection standards,,,,,lexical_required,
1772,2,zh,en,檢驗標準工時明細表,Standard inspection times list,,,,,strict_required,
2692,2,zh,en,檢驗標準作業,SIP,,,,,strict_required,
2164,2,zh,en,營業中心,Sales Department,,,,,strict_required,
2749,2,zh,en,營業組,Sales Section,,,,,strict_required,
2748,2,zh,en,營業單位,Sales Department,,,,,strict_required,
2750,2,zh,en,營業與客戶服務部,Sales and Customer Service Divisions,,,,,strict_required,
2165,2,zh,en,營運中心,Operations Department,,,,,strict_required,
2766,2,zh,en,環保組,Environmental Protection Section,,,,,strict_required,
2770,2,zh,en,環氧乙烷,"Ethylene Oxide, EO",,,,,strict_required,
1847,2,zh,en,環氧乙烷滅菌管制作業辦法,Ethylene oxide sterilization control work instruction,,,,,strict_required,
1844,2,zh,en,環境、人員及產品清潔管制程序,"Working environment, personnel and products cleanliness control procedure",,,,,strict_required,
2767,2,zh,en,環境安全衛生管理代表的職責,The responsibility and authority of Environmental and Safety & Health Management Representatives,,,,,lexical_required,
1845,2,zh,en,環境清潔檢查記錄表,Environment cleanliness checklist,,,,,strict_required,
2768,2,zh,en,環境監控,Environmental monitor,,,,,lexical_required,
2769,2,zh,en,環境監控記錄,Environment monitoring records,,,,,lexical_required,
1846,2,zh,en,環境衛生及清潔管理辦法,Environmental sanitation and cleaning management instruction,,,,,strict_required,
2195,2,zh,en,矯正及預防措施,corrective and preventive action,,,,,lexical_required,
469,2,zh,en,矯正措施,Corrective action,,,,,lexical_required,
1921,2,zh,en,矯正與預防措施處理單(C.A.P.A),Corrective action and preventive action form,,,,,strict_required,
2920,2,zh,en,總有機碳測試,Total Organic Carbon,,,,,lexical_required,
2919,2,zh,en,總務組,General Affairs Section,,,,,strict_required,
2918,2,zh,en,總務單位,General Affairs Division,,,,,strict_required,
493,2,zh,en,總結性評估,summative evaluation,,,,,lexical_required,
2921,2,zh,en,總結報告,Summary report,,,,,strict_required,
2922,2,zh,en,總菌落數測試,Total Colonies,,,,,lexical_required,
494,2,zh,en,總經理,President,,,,,lexical_required,
2170,2,zh,en,總經理室,President Office,,,,,strict_required,
2169,2,zh,en,總管理處,Administration Department,,,,,strict_required,
2923,2,zh,en,總輪廓,Total profile,,,,,lexical_required,
1962,2,zh,en,聯合文獻資料庫,United publication database,,,,,lexical_required,
2186,2,zh,en,聯合骨科器材股份有限公司,United Orthopedic Corporation,,,,,strict_required,
2930,2,zh,en,臨床安全性,Clinical safety,,,,,lexical_required,
2931,2,zh,en,臨床性能,Clinical performance,,,,,lexical_required,
2933,2,zh,en,臨床研究組,Clinical Research Section,,,,,strict_required,
2932,2,zh,en,臨床效益,Clinical benefit,,,,,lexical_required,
2934,2,zh,en,臨床組,Clinical Education Team,,,,,strict_required,
2935,2,zh,en,臨床評估,Clinical evaluation,,,,,lexical_required,
1969,2,zh,en,臨床評估作業辦法,Clinical evaluation work instruction,,,,,strict_required,
1971,2,zh,en,臨床評估計畫書,Clinical evaluation plan,,,,,strict_required,
1970,2,zh,en,臨床評估報告書,Clinical evaluation report,,,,,strict_required,
2936,2,zh,en,臨床試驗,Clinical trial,,,,,lexical_required,
1972,2,zh,en,臨床試驗作業辦法,Clinical trial work instruction,,,,,strict_required,
2937,2,zh,en,臨床資料,Clinical data,,,,,lexical_required,
2938,2,zh,en,臨時性修改,Temporary modification,,,,,lexical_required,
1980,2,zh,en,螺紋栓規校正作業辦法,Thread gage calibrate instruction,,,,,strict_required,
1981,2,zh,en,螺紋環栓規使用作業辦法,Thread gauge usage instruction,,,,,strict_required,
1982,2,zh,en,螺絲黏著劑塗抹及鎖合製程規範,Screw adhesive smearing and locking process specification,,,,,strict_required,
3036,2,zh,en,講師,Trainer,,,,,lexical_required,
3037,2,zh,en,講師評核,Trainer assessment,,,,,lexical_required,
3054,2,zh,en,購置驗收,Purchase acceptance,,,,,lexical_required,
2028,2,zh,en,趨勢報告,Trend report,,,,,strict_required,
534,2,zh,en,鍍膜處理,coating treatment,,,,,lexical_required,
2073,2,zh,en,鍛件外觀標準品質規範,Cosmetic inspection criteria for forging,,,,,strict_required,
2078,2,zh,en,鍛造生產加工製程之清線作業管制辦法,Forging production change line work instruction,,,,,strict_required,
3109,2,zh,en,鍛造作業組,Forging Operation Section,,,,,strict_required,
3110,2,zh,en,鍛造技術組,Forging Technique Section,,,,,strict_required,
2077,2,zh,en,鍛造披覆前清洗製程規範,Clean process specification for parts lubricant coating before forging,,,,,strict_required,
2075,2,zh,en,鍛造前披覆製程規範,Lubricant coating process specification for parts pre-forging,,,,,strict_required,
2076,2,zh,en,鍛造後退火熱處理製程規範,Post forging annealing treatment process specification,,,,,strict_required,
2079,2,zh,en,鍛造製程確效作業辦法,Forging process validation work instruction,,,,,strict_required,
2074,2,zh,en,鍛機設備操作及保養辦法,Forging machine operate and maintain instruction,,,,,strict_required,
2150,2,zh,en,黏度測試記錄表,Viscosity tester operation record form,,,,,strict_required,
3164,2,zh,en,點收,Check and receive,,,,,lexical_required,
563,2,zh,en,點檢內容,check items,,,,,reference_only,
564,2,zh,en,點檢方式,check methods,,,,,reference_only,
565,2,zh,en,點檢週期,check period,,,,,reference_only,
409,2,zh,en,斷口分析,fracture analysis,,,,,lexical_required,
1945,2,zh,en,簡易升降設備作業前檢查表,Simple lifting equipment operation checklist,,,,,strict_required,
1963,2,zh,en,職務說明書,Job description form,,,,,strict_required,
2929,2,zh,en,職務說明書撰寫,Job description form,,,,,lexical_required,
1985,2,zh,en,蟲害防治物品擺放位置表,Pest control item placement form,,,,,strict_required,
1983,2,zh,en,蟲害防治區域之防治措施暨權責表,Division duty and strategy of pest prevention and control area list,,,,,strict_required,
1984,2,zh,en,蟲害防治檢查記錄表,Pest prevention and control check record form,,,,,strict_required,
3079,2,zh,en,醫材不良反應之通報,Adversity report,,,,,lexical_required,
3080,2,zh,en,醫材不良反應通報,Adversity report,,,,,lexical_required,
3081,2,zh,en,醫材主動通報,Proactive report,,,,,lexical_required,
3082,2,zh,en,醫療器材,Medical Device,,,,,lexical_required,
3083,2,zh,en,醫療器材不良反應,Adverse reaction of medical device,,,,,lexical_required,
2041,2,zh,en,醫療器材內毒素含量測試報告,Medical device endotoxin content test report,,,,,strict_required,
2042,2,zh,en,醫療器材市場緊急通告書,Urgent field safety notice,,,,,strict_required,
3084,2,zh,en,醫療器材再評估,Medical device re-evaluation,,,,,lexical_required,
3089,2,zh,en,醫療器材成品,Finished device,,,,,lexical_required,
3090,2,zh,en,醫療器材技術人員,Medical Devices Technician,,,,,lexical_required,
3091,2,zh,en,醫療器材技術文件,"Device Master Record, DMR",,,,,strict_required,
2043,2,zh,en,醫療器材建議性通告審查表,Medical device advisory notice form,,,,,strict_required,
3095,2,zh,en,醫療器材缺失,Medical device deficiency,,,,,lexical_required,
3092,2,zh,en,醫療器材族群,Medical Device Family,,,,,lexical_required,
3096,2,zh,en,醫療器材設計檔案,"Design History File, DHF",,,,,strict_required,
3088,2,zh,en,醫療器材單一辨識系統,"Unique Device Identification, UDI",,,,,strict_required,
3086,2,zh,en,醫療器材單一識別系統,"Unique Device Identification, UDI",,,,,strict_required,
3087,2,zh,en,醫療器材單一識別系統資訊管理平台,"Unique Device Identification Database, UDI Database",,,,,strict_required,
3085,2,zh,en,醫療器材單一識別碼,Medical device unique device identification,,,,,lexical_required,
3094,2,zh,en,醫療器材歷史記錄,"Device History Record, DHR",,,,,strict_required,
3093,2,zh,en,醫療器材檔案,Medical Device File,,,,,strict_required,
3097,2,zh,en,醫療器械唯一標識,Medical device Unique Device Identification,,,,,lexical_required,
535,2,zh,en,鎖扣,lock,,,,,lexical_required,
2095,2,zh,en,雙向油壓機操作及保養辦法,Bidirectional hydraulic machine operate and maintain instruction,,,,,strict_required,
2640,2,zh,en,曝氣,Aeration,,,,,lexical_required,
2641,2,zh,en,曝露時間,Exposure time,,,,,lexical_required,
453,2,zh,en,瓊脂培養基,agar medium,,,,,lexical_required,
454,2,zh,en,瓊脂條帶,agar strips,,,,,lexical_required,
479,2,zh,en,穩定性,stability,,,,,lexical_required,
1946,2,zh,en,簽名、蓋章模式認證作業辦法,Mode of signature and stamp verification work instruction,,,,,strict_required,
1947,2,zh,en,簽名、蓋章模式認證表,Mode of signature and stamp verification form,,,,,strict_required,
2889,2,zh,en,簽署與錯誤修正,Signing and correction,,,,,lexical_required,
1960,2,zh,en,繳回入庫單,Material return to stock form,,,,,strict_required,
1967,2,zh,en,臘胚外觀檢驗品質規範,Cosmetic quality requirement for wax embryos,,,,,strict_required,
518,2,zh,en,證書,certificate,,,,,lexical_required,
3118,2,zh,en,關聯文件,Related documents,,,,,lexical_required,
3117,2,zh,en,關聯企業,Affiliate enterprises,,,,,lexical_required,
3121,2,zh,en,關鍵材料,Critical material,,,,,lexical_required,
2089,2,zh,en,關鍵材料稽核測試計劃表,Critical material audit test plan form,,,,,strict_required,
537,2,zh,en,關鍵使用情節與任務,critical use scenarios and tasks,,,,,lexical_required,
3120,2,zh,en,關鍵性製程委外加工,Critical Process Outsourcing,,,,,lexical_required,
3119,2,zh,en,關鍵品質特性,Critical characteristic,,,,,lexical_required,
3122,2,zh,en,關鍵製程,Critical Process,,,,,lexical_required,
3123,2,zh,en,關鍵製程、材料與外包商,"Critical process, material supplier and subcontractor",,,,,lexical_required,
548,2,zh,en,霧化散佈,atomization spread,,,,,lexical_required,
3145,2,zh,en,類似品,Similar device,,,,,lexical_required,
3146,2,zh,en,類似品的臨床結果,Clinical results of similar products,,,,,lexical_required,
2435,2,zh,en,嚴重不良事件,Serious adverse event (SAE),,,,,strict_required,
2438,2,zh,en,嚴重風險,Serious risk,,,,,lexical_required,
2436,2,zh,en,嚴重醫材不良事件,Serious adverse events,,,,,lexical_required,
2437,2,zh,en,嚴重醫療器材不良反應,Serious adverse reaction of medical device,,,,,lexical_required,
449,2,zh,en,爐次,Oven no.,,,,,lexical_required,
450,2,zh,en,爐門,Oven door,,,,,lexical_required,
3038,2,zh,en,警告,Warning,,,,,lexical_required,
2539,2,zh,en,屬第二類生產性原物料,Type-II productive raw material,,,,,lexical_required,
1986,2,zh,en,蠟串清洗機操作及保養辦法,Wax string washing machine operate and maintain instruction,,,,,strict_required,
1987,2,zh,en,蠟胚整修製程規範,Wax patterns repair process specification,,,,,strict_required,
549,2,zh,en,露點計,dew-point meter,,,,,lexical_required,
568,2,zh,en,權責,Authorization,,,,,strict_required,
2693,2,zh,en,權責劃分表,Responsible divide table,,,,,strict_required,
2080,2,zh,en,鑄件(器械)銲補品質規範,Quality requirement for casting welding,,,,,strict_required,
2081,2,zh,en,鑄件打磨作業製程規範,Casting grinding process specification,,,,,strict_required,
2082,2,zh,en,鑄件銲補品質規範,Quality criterion of casting welding repair,,,,,strict_required,
3111,2,zh,en,鑄造作業組,Casting Operation Section,,,,,strict_required,
3112,2,zh,en,鑄造技術組,Casting Technique Section,,,,,strict_required,
2085,2,zh,en,鑄造製程確效作業辦法,Casting process validation work instruction,,,,,strict_required,
2084,2,zh,en,鑄造澆鑄記錄表,Casting process record form,,,,,strict_required,
2083,2,zh,en,鑄造機器手臂夾持孔研磨機操作及保養辦法,Casting robotic manipulator clamping hole milling machine operate and maintain instruction,,,,,strict_required,
3039,2,zh,en,變更,Change,,,,,lexical_required,
2021,2,zh,en,變更申請單,Change request application form,,,,,strict_required,
3041,2,zh,en,變更核准,Change approval,,,,,lexical_required,
3040,2,zh,en,變更執行與確認,Change execution and confirmation,,,,,lexical_required,
3043,2,zh,en,變更管制的原則,Principles of change control,,,,,lexical_required,
3044,2,zh,en,變更管制要求,Change control requirements,,,,,lexical_required,
2022,2,zh,en,變更管制程序,Change control procedure,,,,,strict_required,
3045,2,zh,en,變更管制項目,Change control items,,,,,lexical_required,
3046,2,zh,en,變更需求的確認,Confirmation of change requirement,,,,,lexical_required,
3042,2,zh,en,變更權責單位,Change responsibility Division,,,,,strict_required,
554,2,zh,en,顯示溫度,temperature display,,,,,lexical_required,
561,2,zh,en,驗證水準,verification level,,,,,lexical_required,
3163,2,zh,en,驗證計畫書,Validation Protocol,,,,,strict_required,
550,2,zh,en,靈敏度,sensitivity,,,,,lexical_required,
2984,2,zh,en,觀察事項,Observation,,,,,lexical_required,
536,2,zh,en,鑲嵌物,inlays,,,,,lexical_required,
